id,path,question,a,b,c,d,answer
train_0001.jpg,train/train_0001.jpg,사진 속 선반에 적힌 문구는 무엇인가요?,SUNDAY BURGER LOVE,MONDAY SALAD TIME,FRIDAY PIZZA PARTY,WEDNESDAY SOUP DAY,a
train_0003.jpg,train/train_0003.jpg,이 광고에서 '트리플 역세권'에 해당하지 않는 역은 어디인가요?,잠실역,몽촌토성역,한성백제역,강남역,d
train_0004.jpg,train/train_0004.jpg,잠실야구장에서는 어떤 주류의 반입이 금지되어 있나요?,알코올 함량 6% 이상 주류,모든 주류,맥주만,와인과 소주만,a
train_0005.jpg,train/train_0005.jpg,이 사진 속에 보이는 빵집의 이름은 무엇인가요?,빵굽는 아저씨,Paris Baguette,Tous les Jours,뚜레쥬르,c
train_0006.jpg,train/train_0006.jpg,왼쪽에 있는 '실버 니들' 차의 맛은 어떻게 설명되어 있나요?,봄의 향과 싱가가 느껴지는 다양한 과일과 꽃의 향,"달콤한 맛, 깊고 풍부한 여운",강한 쓴맛과 진한 향,다질링 특유의 무스카텔 향과 다양하고 섬세한 풍미,b
train_0007.jpg,train/train_0007.jpg,"이 표지판에 따르면, '투게더파크'는 어떤 장소인가요?",자전거를 빌려주는 곳,애완견과 함께 갈 수 있는 공원,400m 거리에 있는 카페,오미마을로 가는 길,b
train_0009.jpg,train/train_0009.jpg,'7번가피자' 가게의 전화번호는 무엇인가요?,T. 999-8888,T. 477-7772~3,T. 555-1234,T. 123-4567,b
train_0011.jpg,train/train_0011.jpg,주문서에 적힌 주문자의 이름은 무엇인가요?,이영희,신승호,박지연,김민수,b
train_0012.jpg,train/train_0012.jpg,이 책의 제목은 무엇인가요?,데이터 사이언스,파이썬 프로그래밍,젠킨스 마스터,리눅스 마스터,c
train_0014.jpg,train/train_0014.jpg,이 사진 속 커피 가격은 150g 기준으로 얼마인가요?,"15,000원","18,000원","16,000원","20,000원",b
train_0015.jpg,train/train_0015.jpg,사진에 보이는 상호명 중 '예고지고 떡창고'가 위치한 곳은 어디인가요?,건물 지하,건물 2층,건물 1층,건물 옥상,c
train_0016.jpg,train/train_0016.jpg,이 표지판에 적힌 문구는 무엇인가요?,노인보호,속도제한,주차금지,어린이보호,a
train_0017.jpg,train/train_0017.jpg,2026년 8월 20일 강남고속버스터미널에서 08:00에 출발하는 버스의 목적지는 어디인가요?,서산,청주,전주,당진,d
train_0018.jpg,train/train_0018.jpg,이 프린터 사용 시 안내 문구에 적힌 내용은 무엇인가요?,결제 없이 바로 이용하세요.,무료로 이용 가능합니다.,결제 후 이용바랍니다.,사용 전 결제해주세요.,c
train_0019.jpg,train/train_0019.jpg,이 건물의 3층에 위치한 병원 이름은 무엇인가요?,헤어똑닥,군센정형외과,서울으뜸치과,LEMONFIT,c
train_0021.jpg,train/train_0021.jpg,2026 NEW CONTENT ACADEMY에서 주최하는 쇼케이스 행사는 언제 열리나요?,9월 1일부터 9월 3일까지,8월 19일부터 8월 21일까지,7월 10일부터 7월 12일까지,10월 5일부터 10월 7일까지,b
train_0022.jpg,train/train_0022.jpg,사진에 보이는 대형 글자들은 무엇이라고 적혀 있나요?,SAFE,SFAFY,SSAFY,SASY,c
train_0023.jpg,train/train_0023.jpg,이 사진 속 빨간색 간판에 적힌 내용은 무엇인가요?,맑은숲 한의원,열린 이비인후과,장영석 치과 2F,삼성언어원,c
train_0024.jpg,train/train_0024.jpg,사진에 보이는 미용실 상호명으로 옳은 것은 무엇인가요?,반려동물 미용,강아지 미용,멍끌림,애견미용,c
train_0025.jpg,train/train_0025.jpg,이 이미지 속 원형 테이블을 둘러싼 의자 개수는 몇 개인가요?,5개,3개,6개,4개,d
train_0028.jpg,train/train_0028.jpg,이 김밥 가게에서 가장 저렴한 김밥은 무엇인가요?,참치김밥,우엉김밥,돈까스김밥,명란김밥,b
train_0029.jpg,train/train_0029.jpg,사진 속 조형물 받침대에 적혀 있는 글자는 무엇인가요?,美食??,埃菲??塔,澳門巴黎人,巴黎人,c
train_0030.jpg,train/train_0030.jpg,이 가게 유리창에 적힌 문구는 무엇인가요?,영업 시간 변경 안내,할인 행사 중입니다,고유가 지원금 사용 가능,신제품 입고 완료,c
train_0031.jpg,train/train_0031.jpg,이 표지판에서 무엇을 주의하라고 안내하고 있나요?,고압주의,미끄럼주의,낙석주의,화재주의,b
train_0032.jpg,train/train_0032.jpg,이 세탁소에서 일반 세탁 요금은 얼마인가요?,"6,000","5,000","8,000","4,000",d
train_0033.jpg,train/train_0033.jpg,이 사진에 보이는 빨간색 문(도리이)에 적힌 글씨는 무엇인가요?,下谷神社,明治神宮,出雲大社,?草寺,a
train_0034.jpg,train/train_0034.jpg,사진에 보이는 은행의 이름은 무엇인가요?,招商?行,建??行,工商?行,中??行,a
train_0035.jpg,train/train_0035.jpg,이 가게의 이름은 무엇인가요?,NOTTING HILL STORE,THE NOTTING HILL BOOKSHOP,THE HILL NOTTING BOOKSHOP,NOTTING BOOKSHOP,b
train_0036.jpg,train/train_0036.jpg,이 이미지에 적힌 'WELCOME TO MACAO' 아래 한글 문구는 무엇입니까?,마카오에 오신 것을 환영함,마카오에 오신 것을 환영한다,마카오에 오신 것을 환영합,마카오에 오신 것을 환영합니다,c
train_0037.jpg,train/train_0037.jpg,사진 속 컵에 적힌 커피숍 이름은 무엇인가요?,FINNBELL COFFEE & BAKERY,Coffee Bean,Waffle Bant,Starbucks,a
train_0039.jpg,train/train_0039.jpg,"승강기 앞 광고판 사용 관련 안내문에 따르면, 무단으로 게시할 경우 부과되는 관리비는 얼마인가요?",1만원,5천원,2만원,3만원,a
train_0040.jpg,train/train_0040.jpg,말풍선 안에 적힌 문장은 무엇인가요?,오늘도 행복한 하루 보내!,별을 잡으면 소원이 이루어진다.,꿈은 꼭 이루어진다!,언니 소원도 모두 이뤄질 거야!,d
train_0041.jpg,train/train_0041.jpg,왼쪽 포스터에 적힌 문구 중 맞는 것은 무엇인가요?,I AM special food It's not a meal,I AM NOT special drink It's just a meal,I AM NOT special food It's just a meal,I AM special drink It's not a meal,c
train_0042.jpg,train/train_0042.jpg,이 배너에서 소개하는 에그타르트가 가장 유명한 지역은 어디인가요?,강남역,홍대입구,성수동,명동,c
train_0043.jpg,train/train_0043.jpg,이미지 속 캔 맥주의 가격은 얼마인가요?,232엔,200엔,300엔,255엔,a
train_0044.jpg,train/train_0044.jpg,복돼지 식당에서 삼겹살 1인분(200g)의 가격은 얼마인가요?,"8,000원","12,000원","15,000원","10,000원",b
train_0045.jpg,train/train_0045.jpg,이 자판기에서 '윤무차' 한 잔의 가격은 얼마인가요?,600원,400원,300원,500원,b
train_0046.jpg,train/train_0046.jpg,오뚜기 즉석 컵라면의 이름은 무엇인가요?,쿡!쿡!쿡! 라면볶이,육!육!육! 라면볶이,쿡!쿡!쿡! 라면찌개,톡!톡!톡! 라면볶이,a
train_0047.jpg,train/train_0047.jpg,화이트보드에 적힌 문구 중 빨간색으로 적힌 내용은 무엇인가요?,가스 잠그기,가스 잠그기! 치갑!! 폰!!,치갑!! 폰!!,가스 잠그기!,d
train_0048.jpg,train/train_0048.jpg,이 샌드위치의 이름은 무엇인가요?,햄 샌드위치,계란 샌드위치,팥붕슈붕 샌드위치,치즈 샌드위치,c
train_0049.jpg,train/train_0049.jpg,사진 속 전기버스에 적힌 문구는 무엇인가요?,전기버스 타고 깨끗한 서울로,전기버스 타고 편안한 서울로,전기버스 타고 숨 쉬는 서울로,전기버스 타고 빠른 서울로,c
train_0050.jpg,train/train_0050.jpg,이 이미지에서 노란 바탕에 적힌 안내 문구는 무엇인가요?,화재 발생 시 대피로,열린마당 안내,소화전 연결송수구,열선구간 굴착주의,d
train_0053.jpg,train/train_0053.jpg,"이 표지판에 따르면, 교육환경보호구역 내에서 제한되는 행위가 아닌 것은 무엇인가요?",유해시설 설치,애완동물 출입,위험물질 반입,오염물질 사용,b
train_0055.jpg,train/train_0055.jpg,C관의 L4 층에 입점해 있는 식당의 이름은 무엇인가요?,小屋?玩,波司登(보스덩),?刻,星空?,b
train_0056.jpg,train/train_0056.jpg,이 길거리 사진에서 보이는 '안양로 320번길' 표지판이 가리키는 방향은 어디인가요?,왼쪽,직진,오른쪽,뒤쪽,c
train_0058.jpg,train/train_0058.jpg,이 건물에 적힌 문구 중 'I ♥ LAOS' 바로 아래에 적힌 글자는 무엇인가요?,COMING SOON,HELLO,PARKSON,SAY,c
train_0059.jpg,train/train_0059.jpg,이 컵에 적혀 있는 문구는 무엇인가요?,HAPPEE BIRTHDAE HARRY,HAPPY BIRTHDAE HARRY,HAPPY BIRTHDAY HARRY,HAPPEE BIRTHDAY HARRY,a
train_0060.jpg,train/train_0060.jpg,이 건물의 안내판에 적힌 '헬스 요가 댄스 3개월 9만원'은 어디에서 제공하는 서비스인가요?,투데이치과,코리아 IT 아카데미,FASTFIVE,spoAny FITNESS,d
train_0061.jpg,train/train_0061.jpg,이 화면에서 축하 메시지와 함께 보여지는 무기의 이름은 무엇인가요?,산탄총 - S686,타임 키퍼 - M416,권총 - P1911,스나이퍼 라이플 - AWM,b
train_0062.jpg,train/train_0062.jpg,이 비상 대피 안내도에서 현재 위치는 어디라고 표시되어 있나요?,비상구 옆,계단 앞,현위치(You are here),소화기 옆,a
train_0063.jpg,train/train_0063.jpg,사진 속 음식점 간판에 적힌 상호명은 무엇인가요?,블루필드,그린필,그린필드 스페이스 치킨 곱배기,그린필드,d
train_0064.jpg,train/train_0064.jpg,이 안내문에 따르면 입실 시간은 언제인가요?,09:00,08:00,07:00,06:00,d
train_0065.jpg,train/train_0065.jpg,이 식당의 상호명은 무엇인가요?,YES! KIDS 놀이방시설 완비,옥천 뼈 구이,전용주차장,송민 뜨끈이,b
train_0067.jpg,train/train_0067.jpg,이 휴게소 이름은 무엇인가요?,평택호휴게소,강릉휴게소,부산휴게소,서울휴게소,a
train_0070.jpg,train/train_0070.jpg,더:단백 밀크티 한 팩에 들어있는 단백질 함량은 얼마인가요?,40g,30g,20g,10g,c
train_0071.jpg,train/train_0071.jpg,RER A 노선에서 Poissy 역은 어느 구간에 속해 있나요?,B1,A3,A1,A5,d
train_0072.jpg,train/train_0072.jpg,프로캄 레드 엑스 크림의 가격은 얼마인가요?,"10,000원","18,000원","40,000원","25,000원",d
train_0073.jpg,train/train_0073.jpg,스터디 모집 공고에 따르면 스터디가 열리는 시간은 언제인가요?,"매주 화, 목 저녁 7시",매주 금 저녁 8시,"매주 토, 일 오후 3시","매주 월, 수 저녁 6시",a
train_0074.jpg,train/train_0074.jpg,이 방수용 기구함과 소화전 사용법 중 첫 번째 단계는 무엇인가요?,밸브 닫기,호스 빼내기,밸브 열기,불 끄기,b
train_0076.jpg,train/train_0076.jpg,상자에 적힌 텍스트는 무엇을 의미하나요?,음료수,식수(?水),정수기 필터,생수,b
train_0077.jpg,train/train_0077.jpg,이미지 속 초밥 세트의 가격은 얼마인가요?,"€ 10,99","€ 13,50","€ 15,99","€ 20,00",c
train_0078.jpg,train/train_0078.jpg,이 안내문에 적힌 내용으로 알맞은 것은 무엇인가요?,문을 천천히 열어주세요~~,문 밖에 사람이 없습니다~~,문을 빨리 닫아주세요~~,문을 세게 닫아주세요~~,a
train_0079.jpg,train/train_0079.jpg,이 키보드에서 한글과 영어 입력을 전환하는 키는 무엇이라고 적혀 있나요?,한/영,Ctrl,Shift,Caps Lock,a
train_0080.jpg,train/train_0080.jpg,벽에 적힌 영어 문구 중 올바른 문장은 무엇인가요?,IF YOU LOVE PEOPLE YOU HAVE TIME TO JUDGE THEM,IF YOU LOVE PEOPLE YOU HAVE NO TIME TO JUDGE THEM,IF YOU JUDGE PEOPLE YOU HAVE TIME TO LOVE THEM,IF YOU JUDGE PEOPLE YOU HAVE NO TIME TO LOVE THEM,d
train_0081.jpg,train/train_0081.jpg,이 건물에서 11층에 위치한 학원의 이름은 무엇인가요?,소잠한의원,Lexis Korea,나주곰탕,노엘성형외과,b
train_0082.jpg,train/train_0082.jpg,사진에 보이는 Gillette Venus Comfortglide 화이트 티 면도기 세트의 할인된 가격은 얼마인가요?,"15,900원","9,900원","12,700원","7,900원",b
train_0083.jpg,train/train_0083.jpg,이 사진에 보이는 양념통 중 한 곳에 적힌 문자는 무엇인가요?,후추,고추가루,설탕,간장,b
train_0084.jpg,train/train_0084.jpg,"이 편의점 간판에 적힌 글씨 중, 판매하고 있는 품목으로 알맞은 것은 무엇인가요?",과일 및 채소,의류,전자제품,술과 담배,d
train_0085.jpg,train/train_0085.jpg,이 안내판은 어떤 캠퍼스의 배치도를 보여주고 있나요?,유성캠퍼스,수원캠퍼스,서울캠퍼스,부산캠퍼스,a
train_0087.jpg,train/train_0087.jpg,자판기에서 '레몬에이드' 음료수의 가격은 얼마인가요?,1200원,2000원,1500원,1300원,a
train_0088.jpg,train/train_0088.jpg,이 표지판에서 공원 내에서 금연을 하지 말라는 문구는 무엇인가요?,공원 내 금연해 주세요.,고성방가 및 음주를 자제해 주세요.,쓰레기는 되가져 가세요.,"목줄 착용, 배설물 수거를 잊지마세요.",a
train_0090.jpg,train/train_0090.jpg,롯데 시네마 건물에 임대 관련해 모집하고 있는 것은 무엇인가요?,점주 파격 모집,주차 공간 임대,영화 상영 시간 안내,직원 채용,a
train_0091.jpg,train/train_0091.jpg,이 가게의 이름은 무엇인가요?,선물가게,우도에서 왔어요 선물가게,딸콩 모자,우도 딸콩 가게,b
train_0094.jpg,train/train_0094.jpg,마우스 패드에 적힌 문구 중 'SSAFY' 바로 아래에 적힌 내용은 무엇인가요?,Samsung SW Academy For Young,Samsung Software Academy For Youth,Software AI Academy For Youth,Samsung SW·AI academy For Youth,d
train_0095.jpg,train/train_0095.jpg,'소나무 진정 시카 에어리 선스틱' 제품의 할인된 가격은 얼마인가요?,"23,910원","24,000원","17,010원","10,200원",c
train_0096.jpg,train/train_0096.jpg,베트남 쌀국수 메뉴판에 적힌 소고기 쌀국수의 가격은 얼마인가요?,"7,500원","5,000원","3,000원","10,000원",b
train_0097.jpg,train/train_0097.jpg,"이 이미지 속 노란색 안내문에 따르면, 교통비 환금을 더 알뜰하게 챙기려면 무엇에 K-패스만 추가해야 하나요?",교통카드에 K-패스만 추가,부산도시철도에 K-패스만 추가,동백패스에 K-패스만 추가,부산패스에 K-패스만 추가,c
train_0099.jpg,train/train_0099.jpg,이 조형물에 적혀 있는 글자는 무엇인가요?,부산광역시 관광 안내,자연과 함께하는 산책로,봉수대 가는 길,경관 조명 설치 구간,c
train_0102.jpg,train/train_0102.jpg,사진 속 과자 상자에 적힌 제품 이름은 무엇인가요?,초코파이,초코송이,초콜릿볼,초코칩,b
train_0103.jpg,train/train_0103.jpg,서울온 한의원에서 진료하지 않는 질환은 무엇인가요?,추나통증,자율신경,치과 치료,다이어트,c
train_0104.jpg,train/train_0104.jpg,이 제품의 용량은 얼마인가요?,200ml,100ml,50ml,150ml,b
train_0106.jpg,train/train_0106.jpg,사진 속 건물 앞에 설치된 현수막에 적힌 내용은 무엇인가요?,영업시간은 오전 9시부터 오후 6시까지입니다,주차는 건물 뒤편에 하세요,일반소비자 분들도 구매 가능합니다,모든 제품은 할인 판매 중입니다,c
train_0107.jpg,train/train_0107.jpg,이미지에 보이는 제품 중에서 '100% PURE'라고 적혀 있는 것은 무엇인가요?,HONEY,BLACK BEANS,TOMATO SOUP,WHOLE WHEAT PENNE PASTA,a
train_0110.jpg,train/train_0110.jpg,칠판에 적힌 '킹스머그컵'의 가격은 얼마인가요?,"\12,000","\15,000","\10,000","\20,000",b
train_0111.jpg,train/train_0111.jpg,이 사진 속 신호등 위에 빨간색으로 표시된 문구는 무엇인가요?,속도위반 단속중,차선변경 금지,불법주정차,안전운전하세요,c
train_0113.jpg,train/train_0113.jpg,이 광고판에 나오는 야구 선수의 등 번호는 무엇인가요?,7,17,27,71,b
train_0114.jpg,train/train_0114.jpg,이미지 속 노무현 후보의 슬로건은 무엇인가요?,국민후보 노무현,10년새도 썩은정치 못찾겠다 갈아마시자!,새로운 대한민국,이제는 안정입니다,c
train_0116.jpg,train/train_0116.jpg,사진 속 안내문에 적힌 내용은 무엇인가요?,테이블 위에 음식을 올리지 마세요,음료는 포장만 가능합니다,주문은 카운터에서 해주세요,1인 1음료 부탁드립니다,d
train_0119.jpg,train/train_0119.jpg,사진 속 컵밥 제품 중 오뚜기 브랜드의 '고추참치 마요덮밥'이 강조하고 있는 내용은 무엇인가요?,신제품 출시,10% 할인,20% UP,무료 증정,c
train_0120.jpg,train/train_0120.jpg,이 상자에 담긴 농산물은 무엇인가요?,양파,감자,고구마,사과,b
train_0121.jpg,train/train_0121.jpg,사진 속 카드에 적힌 교통카드 이름은 무엇인가요?,LINC,Express,marta,breeze,d
train_0122.jpg,train/train_0122.jpg,이미지 속 광고에서 '예쁘고 슬림한 바디라인 만들기'를 위해 강조하는 시술은 무엇인가요?,마사지,지방흡입,근육강화,피부관리,b
train_0124.jpg,train/train_0124.jpg,책상 위에 놓인 이름표에 적힌 이름은 무엇인가요?,박지현,김민수,안진호,이서연,c
train_0125.jpg,train/train_0125.jpg,이 식당의 간판에 적힌 주 메뉴는 무엇인가요?,비빔밥,불고기,김치찌개,칼국수,d
train_0126.jpg,train/train_0126.jpg,이 가게 간판에 적힌 이름은 무엇인가요?,Bushman,SUN CARE,MUSINSA BEAUTY,POP UP,c
train_0129.jpg,train/train_0129.jpg,이 행사 ‘2026 금융권 공동채용 박람회’가 열리는 날짜는 언제인가요?,2026년 7월 19일(수)~20일(목),2026년 8월 10일(수)~11일(목),2026년 9월 19일(수)~20일(목),2026년 8월 19일(수)~20일(목),d
train_0133.jpg,train/train_0133.jpg,이 표지판에 적힌 문구는 무엇인가요?,출입금지,통행금지,주차허용,주차금지,d
train_0134.jpg,train/train_0134.jpg,"""""청연한방병원"""" 간판에 적혀 있는 대표 전화번호는 무엇인가요?",1577-7275,1577-8020,1899-8020,1899-7275,b
train_0135.jpg,train/train_0135.jpg,이 사진 속에 적힌 문구는 무엇인가요?,문희는 딸기가 먹고시푼뎅 12.0,딸기가 먹고싶은 문희 12.0,문희는 딸기 푸딩 10.0,딸기 푸딩 15.0,a
train_0137.jpg,train/train_0137.jpg,CCTV 설치 안내 표지판에 명시된 CCTV 촬영 시간은 언제인가요?,오전 9시부터 오후 6시까지,24시간 연속 촬영/녹화,필요 시에만 촬영,오후 6시부터 오전 9시까지,b
train_0138.jpg,train/train_0138.jpg,이 종이에 적힌 와이파이 네트워크 이름(SSID)은 무엇인가요?,Traveler Network,Roamer Traveler,Roamer Guest,WiFi Guest,c
train_0140.jpg,train/train_0140.jpg,이미지 속에 보이는 음료 중 '프로틴' 함량이 41g이라고 적힌 제품은 무엇인가요?,뉴케어 오프로틴 41g,더단백 20g,프로틴 21g,뉴케어 오프로틴 25g,a
train_0141.jpg,train/train_0141.jpg,사진 속 감자칩 봉지에 적힌 맛은 무엇인가요?,Cheese flavour,Salted flavour,Caviar flavour,BBQ flavour,c
train_0142.jpg,train/train_0142.jpg,이 주문서에 적혀 있는 예시 상품 코드와 수량은 무엇인가요?,"1-2, 4","2-3, 5","3-1, 2","1-1, 3",d
train_0143.jpg,train/train_0143.jpg,이 사진에 있는 간판에 적힌 글자는 무엇인가요?,한강나들이,강화산책,강변산책,강화나들기,d
train_0144.jpg,train/train_0144.jpg,사진 속 '골목안식당' 간판에 적힌 전화번호는 무엇인가요?,T.999-8888,T.123-4567,T.863-9253,T.868-2412,c
train_0145.jpg,train/train_0145.jpg,이 빵집의 이름은 무엇인가요?,ETP BAKERY,ETF BAKERY EXPRESS,ETC BAKERY,ETF BAKERY,d
train_0147.jpg,train/train_0147.jpg,이 사진 속 건물에 적힌 간판 중에서 올바른 전화번호는 무엇인가요?,031-123-4567,476-5001,02-345-6789,010-9466-2996,b
train_0148.jpg,train/train_0148.jpg,인천대로 진입 금지 표지판에 따르면 어느 차량이 진입할 수 없나요?,소형 승용차,오토바이,자전거,2.5t 이상 차량,d
train_0149.jpg,train/train_0149.jpg,에이리스트 핸드드립 커피 제품의 가격은 얼마인가요?,"8,000원","7,500원","6,500원","5,500원",c
train_0150.jpg,train/train_0150.jpg,이 건물에 있는 '알앤 비성형외과'의 위치는 어디인가요?,4층,1층,2층,3층,d
train_0151.jpg,train/train_0151.jpg,이 사진의 안내판에 적혀 있는 산책로 이름은 무엇인가요?,이브이의 비밀산책로,숲속의 작은 길,자연의 비밀 코스,포켓몬의 숲길,a
train_0152.jpg,train/train_0152.jpg,"배너에 따르면, 심덕섭 군수님 당선 축하 메시지를 보낸 곳은 어디인가요?",모양지구대,고창농협,고창경찰서,고창교육청,b
train_0153.jpg,train/train_0153.jpg,사주카페 이안애의 위치는 어디인가요?,5층,1층,지하 1층,3층,a
train_0154.jpg,train/train_0154.jpg,이 건물에 있는 안경점의 이름은 무엇인가요?,돈까스킹,소문난 동태탕,와이케이 안경,역곡오리,c
train_0155.jpg,train/train_0155.jpg,이 건물의 7층과 8층에 위치한 병원 이름은 무엇인가요?,기린성형외과,유노성형외과,타유치과의원,히트성형외과,a
train_0156.jpg,train/train_0156.jpg,이 건물 2층에는 몇 개의 좌석이 있나요?,80 Seat,39 Seat,100 Seat,50 Seat,a
train_0157.jpg,train/train_0157.jpg,이 지하철 역 출구 번호는 무엇인가요?,1 출구,4 출구,3 출구,2 출구,a
train_0158.jpg,train/train_0158.jpg,이 안내문에서 생활쓰레기를 버릴 때 반드시 해야 하는 것은 무엇인가요?,생활쓰레기는 반드시 분리수거하여 종량제 봉투에 넣어 버려야 한다.,생활쓰레기는 아무 곳에나 버려도 된다.,생활쓰레기는 직접 소각해야 한다.,생활쓰레기는 한꺼번에 모아서 버려야 한다.,a
train_0159.jpg,train/train_0159.jpg,이 음식점의 대표 메뉴는 무엇인가요?,김치찌개,비빔밥,불고기,해물칼국수,d
train_0160.jpg,train/train_0160.jpg,"분리수거 안내문에 따르면, 음식물 쓰레기는 어떻게 배출해야 하나요?",음식물 쓰레기는 물기를 제거 후 전용 용기에 배출해주세요.,음식물 쓰레기는 배출 시간이 정해져 있지 않습니다.,음식물 쓰레기는 종량제 봉투에 담아 배출해주세요.,음식물 쓰레기는 일반 쓰레기와 함께 배출해주세요.,a
train_0161.jpg,train/train_0161.jpg,메뉴판에 따르면 '메가에이드'의 가격은 얼마인가요?,4.4,2.5,3.9,3.5,c
train_0162.jpg,train/train_0162.jpg,이미지의 전광판에 적힌 내용은 무엇인가요?,경기 종료를 알립니다,우천으로 인해 경기가 시작이 지연되었습니다,다음 경기는 내일입니다,경기 시간이 변경되었습니다,b
train_0164.jpg,train/train_0164.jpg,왼쪽 문 위에 적혀 있는 간판의 글자는 무엇인가요?,회조여관,서울여관,복덕방,서울복덕방,d
train_0165.jpg,train/train_0165.jpg,이 승강기는 어떤 용도의 승강기인가요?,전기용 승강기,고객용 승강기,비상용 승강기,화물용 승강기,b
train_0166.jpg,train/train_0166.jpg,왼쪽 건물 간판에 적힌 연구소 이름은 무엇인가요?,심리 평가 교육 센터,미술치료 연구소,아동청소년 발달심리 연구소,청소년 상담센터,c
train_0167.jpg,train/train_0167.jpg,이 그림 속에 보이는 간판에 적힌 식당 이름은 무엇인가요?,동루,대동루,대동식당,동경식당,b
train_0168.jpg,train/train_0168.jpg,두툽상어 수정란에서 부화까지 소요되는 시간은 얼마인가요?,약 100일,약 50일,약 30일,약 10일,a
train_0169.jpg,train/train_0169.jpg,"이미지에 적힌 경고문에 따르면, 당김줄을 어린이가 접근할 수 없도록 어떻게 해야 하나요?",당김줄을 자주 교체해야 한다,당김줄을 항상 풀어 놓아야 한다,어린이가 당김줄을 만져도 괜찮다,가구 등을 근처에 두어 접근을 막아야 한다,d
train_0170.jpg,train/train_0170.jpg,이 사진 속 네온사인에 적힌 글자는 무엇인가요?,VGOD,Two_x Vape,Ecigagallery,Monster,c
train_0171.jpg,train/train_0171.jpg,이미지 속 우유팩에 적힌 문구 중 올바른 내용은 무엇인가요?,서울우유는 우유를 사용하지 않습니다.,서울우유는 과일 우유만 만듭니다.,서울우유는 국산 우유를 사용합니다.,서울우유는 수입 우유를 사용합니다.,c
train_0172.jpg,train/train_0172.jpg,이 건물의 주소는 무엇인가요?,테헤란로 221,역삼로 212,강남대로 212,테헤란로 212,d
train_0174.jpg,train/train_0174.jpg,이미지에 적힌 '기본 에티켓을 충실히 지킨다'에서 교육에 해당하는 내용은 무엇인가요?,채용 과정 중 진중한 태도와 마음가짐을 유지한다.,SW·AI는 협업할수록 성장 기회가 커진다.,"시간약속, 바른 언행, 정리정돈 등 에티켓을 준수한다.",취업 후 업계 정보를 공유하는 인적 네트워크로 발전시킨다.,c
train_0175.jpg,train/train_0175.jpg,이 진열대의 상단에 표시된 음악 장르는 무엇인가요?,CLASSICAL,ROCK,JAZZ,POP,d
train_0176.jpg,train/train_0176.jpg,이 배너에는 어떤 프로젝트가 소개되어 있나요?,Rubber Duck Project Seoul 2022,Seoul Lantern Festival 2022,Han River Light Show 2022,Seoul Night Market 2022,a
train_0177.jpg,train/train_0177.jpg,요양기관에서 요양급여 자격 확인을 위해 제시를 요청할 수 있는 서류는 무엇인가요?,주민등록증 또는 여권,건강보험증 또는 신분증,건강진단서 또는 여권,운전면허증 또는 학생증,b
train_0178.jpg,train/train_0178.jpg,이 간판에 적힌 가게 이름은 무엇인가요?,광주 수완점,인생을 걸었습니다,짬뽕 전문점,도야 짬뽕,d
train_0179.jpg,train/train_0179.jpg,사진 속 두유 제품 '매일두유'의 주요 특징으로 맞는 것은?,고당 저단백 저칼로리,고열량 고지방,저당 고단백 필수템,무설탕 저지방,c
train_0181.jpg,train/train_0181.jpg,"소화전 사용법에 따르면, 화재 진압 후에 무엇을 해야 하나요?",소화전밸브를 원쪽으로 돌려서 개방한다,노즐을 잡고 관창(노즐)을 잡고 불이 난 곳까지 호스를 제거하여 불을 끈다,노즐을 닫는다,소화전밸브를 잠근다,d
train_0182.jpg,train/train_0182.jpg,화재 발생 시 초기 진압에 사용하는 장비는 무엇인가요?,소화기,소화전,소화장비,소화약제,b
train_0183.jpg,train/train_0183.jpg,이 이미지의 상단에 있는 'HIGH PRIORITY'라는 문구 바로 왼쪽에 있는 로고는 무엇인가요?,CNN,BBC,MTV,ESPN,c
train_0185.jpg,train/train_0185.jpg,이 가게에서 제공하는 와이파이 비밀번호는 무엇인가요?,guestwifi,wifi1234,afjg28fk22,password2024,c
train_0186.jpg,train/train_0186.jpg,이 건물에 입주해 있는 병원이나 클리닉 이름으로 올바른 것은 무엇인가요?,청담한의원,리앤웰성형외과의원,강남피부과,서울내과의원,b
train_0188.jpg,train/train_0188.jpg,이 간판에 적힌 음식 종류는 무엇인가요?,오코노미야키와 철판구이,회와 초밥,카레와 돈부리,스시와 라멘,a
train_0189.jpg,train/train_0189.jpg,이 건물 외벽에 걸린 대형 광고판에 적힌 브랜드 이름은 무엇인가요?,Gucci,Prada,Chanel,miu miu,d
train_0190.jpg,train/train_0190.jpg,이 버스 시간표에 따르면 평일 1번째 운행의 출발 시간은 언제인가요?,11:10,7:30,9:20,6:00,d
train_0191.jpg,train/train_0191.jpg,이 마트에서 핫도그 1+1 행사 가격은 얼마인가요?,"8,500원","12,000원","9,480원","10,000원",c
train_0192.jpg,train/train_0192.jpg,이 컵홀더의 가격은 얼마인가요?,"\10,800","\9,500","\11,900","\15,000",c
train_0193.jpg,train/train_0193.jpg,8월 4일 화요일 점심 B메뉴로 제공되는 파스타는 무엇인가요?,토마토카레라이스,맛초림탕수육,김가루양념밥,알리오올리오파스타,d
train_0195.jpg,train/train_0195.jpg,이 간판에 적힌 문구의 내용은 무엇인가요?,커피 가격은 기절할 만큼 저렴합니다.,기절하지 않고도 맛있는 커피를 즐기실 수 있습니다.,기절할 만큼 맛있는 커피를 드셔보시고 기절 안 하면 기절 시켜드리겠습니다.,기절하는 맛의 커피를 제공합니다.,c
train_0197.jpg,train/train_0197.jpg,벽에 검은색으로 적힌 문구는 무엇인가요?,FREE PALESTINA,SAVE THE EARTH,WELCOME HOME,NO PARKING,a
train_0198.jpg,train/train_0198.jpg,벽에 있는 말풍선에는 무엇이라고 적혀 있나요?,안녕하세요,어서오세요,나랑갈래?,감사합니다,c
train_0199.jpg,train/train_0199.jpg,"이 이미지에서 피부 고민을 위한 긴급 대피소로 소개된 제품 중 '열감, 붉은기 진정시키기' 효과가 있는 제품은 무엇인가요?",속건조 수분채우기,피부 속 30층까지 속수분 해결,"열감, 붉은기 진정시키기",모공 속 피지 비워내기,c
train_0200.jpg,train/train_0200.jpg,이 가게의 상호명은 무엇인가요?,부산순대국,한강순대,전국제일순대,서울순대국,c
train_0201.jpg,train/train_0201.jpg,시루케이 구매 후에 고객에게 꼭 해야 하는 안내는 무엇인가요?,구매 후 즉시 시루케이를 드셔야 합니다.,환불은 구매 후 7일 이내만 가능합니다.,시루케이 전문점에서 픽업 부탁드립니다.,시루케이 포장은 무료입니다.,c
train_0202.jpg,train/train_0202.jpg,이 가게 유리창에 붙어있는 노란색 문구에 적힌 내용은 무엇인가요?,인생이 빵 뚫리는 생맥주가 있습니다,인생이 빵 뚫리는 음료수가 있습니다,인생이 빵 뚫리는 커피가 있습니다,인생이 빵 뚫리는 소주가 있습니다,a
train_0203.jpg,train/train_0203.jpg,냉장고 안에 있는 '달밤 장수 막걸리'의 가격은 얼마인가요?,"5,400원","2,350원","2,500원","4,500원",c
train_0205.jpg,train/train_0205.jpg,이 건물의 B1층에 위치한 업소 이름은 무엇인가요?,서부베니가과,보험한의원,학생영어전문컴퓨터학원,낙서카페 물반고기,d
train_0206.jpg,train/train_0206.jpg,이 건물의 이름은 무엇인가요?,부산 사직 야구장,인천 문학 경기장,수원 케이티 위즈 파크,서울 야구장,c
train_0207.jpg,train/train_0207.jpg,'Okdol Cafe' 메뉴에서 아메리카노 가격은 얼마인가요?,"5,000","7,000","6,000","9,000",a
train_0209.jpg,train/train_0209.jpg,사진 속 선반에 진열된 제품 중 '1+1' 행사 상품은 무엇인가요?,백설 참기름,명품 고추장,백설 사과식초,백설 양조간장,b
train_0210.jpg,train/train_0210.jpg,이 메뉴에서 메인 재료로 사용된 재료가 아닌 것은 무엇인가요?,감자,백목이버섯,찹쌀,닭,a
train_0212.jpg,train/train_0212.jpg,"퀴즈노스 샌드위치 광고 포스터에 따르면, 7월 15일부터 제공되는 샌드위치 중 가장 긴 길이는 얼마인가요?",30cm,25cm,15cm,20cm,a
train_0213.jpg,train/train_0213.jpg,이 곳에 주차를 하면 부과되는 과태료는 얼마인가요?,5만원 즉시 과태료 구간,10만원 즉시 과태료 구간,12만원 즉시 과태료 구간,8만원 즉시 과태료 구간,d
train_0214.jpg,train/train_0214.jpg,SPAO 건물 내 3층에 위치한 곳은 어디인가요?,노리터·보드게임카페,용가 한의과의원,CrossFit BARO,데이즈,a
train_0215.jpg,train/train_0215.jpg,이 주차장 입구에서 허용되는 최대 차량 높이는 얼마인가요?,2.3M,2.0M,1.8M,3.0M,a
train_0216.jpg,train/train_0216.jpg,이 만화책 시리즈의 제목은 무엇인가요?,드래곤볼,원피스,하이큐!!,나루토,c
train_0217.jpg,train/train_0217.jpg,건물에 걸려 있는 임대 광고에서 임대 가능한 면적은 얼마인가요?,1000 SQUARE METRES,1600 SQUARE METRES,1400 SQUARE METRES,1200 SQUARE METRES,c
train_0218.jpg,train/train_0218.jpg,손을 올바르게 씻을 때 손가락 사이를 씻는 단계는 몇 번째인가요?,세 번째,두 번째,네 번째,첫 번째,a
train_0219.jpg,train/train_0219.jpg,사진 속 상점의 이름은 무엇인가요?,근자 수퍼 마켓,하이틴 학생복,운동화 빨래방,웰빙종합정수기,a
train_0221.jpg,train/train_0221.jpg,사진 속 쓰러져 있는 자전거에 적힌 브랜드 이름은 무엇인가요?,lime,ALWAYS GREAT VALUE,Santander,McDonald's,a
train_0223.jpg,train/train_0223.jpg,이미지 속 책 제목 중 '노사관계론'과 관련된 책의 출판판 수는 몇 판인가요?,제6판,제4판,제2판,제3판,d
train_0225.jpg,train/train_0225.jpg,이 사진에 적힌 페스티벌 이름은 무엇인가요?,SEOUL MUSIC FESTIVAL 2024,BUSAN JAZZ FESTIVAL 2024,DAEGU CLASSIC FESTIVAL 2024,INCHEON PENTAPORT ROCK FESTIVAL 2024,d
train_0226.jpg,train/train_0226.jpg,사진 속 간판에 적힌 업종은 무엇인가요?,미용실,사주,서점,치킨집,b
train_0227.jpg,train/train_0227.jpg,이 건물에 위치한 은행의 이름은 무엇인가요?,한국은행,IBK 기업은행,외국환은행,국민은행,b
train_0228.jpg,train/train_0228.jpg,이미지에 보이는 보드게임에서 'FASCIST ARTICLE' 카드가 놓여진 보드는 어떤 색인가요?,파란색,빨간색,노란색,초록색,b
train_0229.jpg,train/train_0229.jpg,이케아에서 판매하는 'KUNGSFORS' 상품은 무엇입니까?,플라스틱 칼 3개,종이컵 3개,나무젓가락 3개,자석클립 3개,d
train_0230.jpg,train/train_0230.jpg,이 장소의 벽에 적힌 글자는 무엇인가요?,LOCKER,LOUNGE,LOBBY,OFFICE,a
train_0231.jpg,train/train_0231.jpg,이 음료 컵에 적힌 문구는 무엇인가요?,조심하세요! 뜨거운 음료입니다.,오늘의 추천 메뉴입니다.,맛있게 드세요!,건강을 생각한 음료입니다.,c
train_0232.jpg,train/train_0232.jpg,이 서점의 이름은 무엇인가요?,서점다운 서점,YP BOOKS,영풍문고,책과 이야기,c
train_0233.jpg,train/train_0233.jpg,"이미지에 보이는 안내문에 따르면, 강남차여성병원에 가려면 어느 역 몇 번 출구로 가야 하나요?",7호선 논현역 3번 출구,9호선 언주역 8번 출구,3호선 신사역 1번 출구,2호선 강남역 5번 출구,b
train_0235.jpg,train/train_0235.jpg,"타오위안 공항에서 4명에서 7명까지 승객이 탑승할 경우, 픽업과 드롭오프를 합친 왕복 요금은 얼마인가요?","1,800 TWD","2,800 TWD","2,200 TWD","1,200 TWD",b
train_0236.jpg,train/train_0236.jpg,PAYCO 포인트로 결제할 때 받을 수 있는 최대 혜택 금액은 얼마인가요?,최대 500원 혜택,"최대 2,000원 혜택","최대 2,500원 혜택","최대 1,000원 혜택",d
train_0237.jpg,train/train_0237.jpg,이 쓰레기통에서 '라면 국물'은 어떤 종류의 쓰레기로 분류되고 있나요?,일반 쓰레기,라면 국물,캔·유리병·페트,음식물 쓰레기,d
train_0238.jpg,train/train_0238.jpg,이 교통 안내판에 적힌 문구는 무엇인가요?,앞 차량과 거리 유지,정지선 준수 감사합니다,속도 제한 50km,좌회전 금지,b
train_0239.jpg,train/train_0239.jpg,이 지도의 현재 위치는 어디인가요?,B1 식품관 전문식당가 앞,B1 푸드코트 입구,B1 와인샵 입구,B1 ENTRANCE 근처,d
train_0240.jpg,train/train_0240.jpg,이 건물에 있는 헬스장 이름은 무엇인가요?,EM* 플러스 영수학원,allure hair.salon,기영현 수학 학원,리턴투핏,d
train_0241.jpg,train/train_0241.jpg,한우88도매장에서 임우일 전속모델 팬사인회가 열리는 날짜는 언제인가요?,2023년 7월 27일 일요일 20:00,2024년 7월 27일 토요일 18:30,2025년 8월 27일 일요일 19:00,2025년 7월 27일 일요일 19:30,d
train_0242.jpg,train/train_0242.jpg,얼큰이 공주칼국수에서 제공하는 메뉴가 아닌 것은 무엇인가요?,피자,보쌈,족발,칼국수,a
train_0243.jpg,train/train_0243.jpg,이 사진관의 전화번호는 무엇인가요?,123-4567,02-345-6789,010-9876-5432,455-2346,d
train_0244.jpg,train/train_0244.jpg,이 건물 2층에 있는 업종은 무엇인가요?,정육식당,사진 스튜디오,중국 마사지,한의원,c
train_0245.jpg,train/train_0245.jpg,이미지 속 흰색 수건에 적혀 있는 문구는 무엇인가요?,잘 공하게 감싸오네,2026,Selective Brand Goods,에너지 가득 오네,a
train_0246.jpg,train/train_0246.jpg,이 사진에 보이는 부동산 중개소의 이름은 무엇인가요?,서울 공인중개사,화로갈비 소,룸루트,CU,a
train_0247.jpg,train/train_0247.jpg,"이 이미지에서 '광고상품'으로 판매되는 제품은 무엇이며, 가격은 얼마인가요?","크리스피 치킨텐더, 12,000원","닭강정, 8,500원","크리스피 너겟, 7,500원","CJ 고메너겟 450g, 9,980원",d
train_0248.jpg,train/train_0248.jpg,광복 80주년 기념 전시회의 제목은 무엇인가요?,"향수鄕愁, 고향을 그리다",기억과 희망,광복 80주년 특별전,고향의 풍경,a
train_0249.jpg,train/train_0249.jpg,이 주유소에서 경유 가격은 얼마인가요?,2363,1973,2000,1969,d
train_0250.jpg,train/train_0250.jpg,아래 간판에 적힌 전화번호는 무엇인가요?,02-1234-5678,855-3916,010-6378-1900,031-9876-5432,c
train_0252.jpg,train/train_0252.jpg,개성고등학교 운동장 개방 시간 중 평일 오후 시간은 언제인가요?,10:00~12:00,08:00~18:00,17:00~18:00,06:00~07:30,c
train_0253.jpg,train/train_0253.jpg,다음 중 '지각의 영향요인'에 관한 설명으로 맞는 것은 무엇인가요?,지각적 조직화는 Bottom-Up 요소와 무관하다.,Top-Down 요소는 자극적 특성에 해당한다.,소비자의 개인적 특성은 Bottom-Up 요소에 해당한다.,소비자들이 어떻게 지각할 것인지는 Top-Down과 Bottom-Up 요소에 영향을 받는다.,d
train_0255.jpg,train/train_0255.jpg,이 건물에 있는 요가원의 이름은 무엇인가요?,지앤비 영어,CU 편의점,명품 우성 세탁,김경전 요가원,d
train_0256.jpg,train/train_0256.jpg,이 건물에 입주해 있는 편의점의 이름은 무엇인가요?,CU,세븐일레븐,이마트24,GS25,d
train_0257.jpg,train/train_0257.jpg,이 컵에 적혀 있는 문구는 무엇인가요?,SAMSUNG AI ACADEMY FOR ADULT,SAMSUNG SW ACADEMY FOR KIDS,SAMSUNG SW AI ACADEMY FOR YOUTH,SAMSUNG SW AI SCHOOL FOR YOUTH,c
train_0258.jpg,train/train_0258.jpg,이 건물 입구 위에 걸려 있는 현수막에 적힌 내용은 무엇인가요?,경영학과 국내 대학 평가 1위,자원환경공학과 QS 세계 대학 학과평가 자원공학분야 국내 1위 (세계 51-60위),컴퓨터공학과 세계 대학 학과평가 국내 1위 (세계 10위),의과대학 세계 100위권 진입 축하,b
train_0259.jpg,train/train_0259.jpg,이 식당 메뉴판에 표시된 순두부찌개의 가격은 얼마인가요?,"12,000원","10,000원","8,000원","6,000원",c
train_0260.jpg,train/train_0260.jpg,네비게이션 화면에서 다음에 가야 할 방향은 무엇인가요?,후진 36m,직진 36m,좌회전 393m,우회전 393m,b
train_0262.jpg,train/train_0262.jpg,이 바위에 적힌 '매봉'의 높이는 몇 미터인가요?,582.5m,5825m,585.2m,528.5m,a
train_0263.jpg,train/train_0263.jpg,이 컵의 용량은 얼마인가요?,24oz / 709mL,16oz / 500mL,32oz / 946mL,12oz / 355mL,a
train_0264.jpg,train/train_0264.jpg,우리동네 GS 앱으로 주문하면 어떤 서비스를 이용할 수 있나요?,당일 배달/예약픽업,3시간 배달/예약픽업,2시간 배달/바로픽업,1시간 배달/바로픽업,d
train_0266.jpg,train/train_0266.jpg,이 건물 입구 위에 적혀 있는 간판의 이름은 무엇인가요?,강남테크노타워,서울전자관,디지털파크,국제전자센터,d
train_0267.jpg,train/train_0267.jpg,효성과 함께하는 요요 마 첼로 리사이틀 공연은 언제 예술의전당에서 열리나요?,2023년 7월 6일 오후 9시,2023년 11월 2일 오후 7시 30분,2023년 11월 2일 오후 9시,2023년 7월 6일 오후 7시 30분,b
train_0268.jpg,train/train_0268.jpg,초콜릿 상자에 적힌 맛의 조합은 무엇인가요?,카라멜과 딸기,바닐라와 딸기,바일리스와 딸기,커피와 딸기,c
train_0270.jpg,train/train_0270.jpg,식당 출구 안내문에 따라 식당 출구를 가기 위해서는 어떻게 해야 하나요?,계단으로 이동 후 19층 엘리베이터를 이용하세요,바로 왼쪽으로 가세요,엘리베이터를 바로 이용하세요,식기 반납하는 곳으로 가세요,a
train_0271.jpg,train/train_0271.jpg,이 건물에 위치한 이비인후과의 이름은 무엇인가요?,연세으뜸 이비인후과,두리한의원,KB국민은행,노은산부인과,a
train_0272.jpg,train/train_0272.jpg,이 안내문에 따르면 19층 엘리베이터를 이용하려면 어떻게 해야 하나요?,직접 19층 엘리베이터를 이용한다,계단 대신 에스컬레이터를 이용한다,계단으로 이동 후 19층 엘리베이터를 이용한다,19층까지 걸어서 올라간다,c
train_0273.jpg,train/train_0273.jpg,이 지하 주차장 입구에 적혀 있는 차량 높이 제한은 얼마인가요?,2.5M,3.0M,1.5M,2.0M,d
train_0274.jpg,train/train_0274.jpg,사진 속 '은열의자는' 언제만 운영된다고 안내되어 있나요?,11월부터 3월까지,겨울철만,3월부터 11월까지,연중무휴,a
train_0275.jpg,train/train_0275.jpg,이 진열대에 전시된 '랜덤 플러시 모자 키링'의 가격은 얼마인가요?,"12,000원","10,000원","15,000원","8,000원",d
train_0276.jpg,train/train_0276.jpg,종이컵에 적힌 문구 중 올바른 것은 무엇인가요?,START DRINKING GOOD COFFEE,STOP DRINKING BAD COFFEE,START EATING GOOD SNACKS,STOP EATING BAD SNACKS,b
train_0277.jpg,train/train_0277.jpg,이 조각상의 이름은 무엇인가요?,TROLLFJELLEN,TROLLDALEN,TROLLVEGGEN TROLLET,TROLLSKOGEN,c
train_0278.jpg,train/train_0278.jpg,테이블 위에 놓인 메뉴판에 적힌 '샌드위치 세트'의 가격은 얼마인가요?,10.0,9.0,8.0,4.5,c
train_0279.jpg,train/train_0279.jpg,이 사진의 간판에 적힌 커피숍 이름은 무엇인가요?,하늘커피,유동커피,카페드림,청산커피,b
train_0280.jpg,train/train_0280.jpg,이 제품의 카카오 함량은 얼마인가요?,90%,85%,72%,60%,c
train_0281.jpg,train/train_0281.jpg,"제주조릿대 관리방안 연구 안내판에 따르면, 연구가 진행되는 장소는 어디인가요?",제주도 해변가,한라산 정상,제주시 시내공원,한라산국립공원 진달래밭 일대,d
train_0282.jpg,train/train_0282.jpg,이 빵집에서 '에그타르트'의 가격은 얼마인가요?,4.5,3.8,5.6,3.0,b
train_0283.jpg,train/train_0283.jpg,이 학원의 주요 학과가 아닌 것은 무엇인가요?,바리스타학과,외식조리학과,호텔경영학과,제과제빵학과,c
train_0285.jpg,train/train_0285.jpg,이미지 속 음료수 병에 적힌 브랜드 이름은 무엇인가요?,코카콜라,칸타타,펩시,게토레이,b
train_0286.jpg,train/train_0286.jpg,가게 간판에 적힌 초밥 종류에 포함되지 않은 것은 무엇인가요?,사시미,우동,숙성연어,초밥,b
train_0287.jpg,train/train_0287.jpg,사진 속 냉동식품 진열대에 적힌 전단세일 상품은 무엇인가요?,"해태 고향만두 300g+300g 4,800원","오양 고기포자 1,400원","매콤한 김말이 튀김 8,900원","롯데 리터키 핫도그 1,200원",a
train_0288.jpg,train/train_0288.jpg,도로에 노란색으로 적힌 글씨는 무엇인가요?,속도제한,일단정지,천천히 운전,주차금지,b
train_0289.jpg,train/train_0289.jpg,사진 속 상점의 노란색 간판에 적힌 가게 이름은 무엇인가요?,MOM'S TOUCH & PIZZA,MEGA COFFEE,KIA 자동차 매장,Hair ID #172,a
train_0290.jpg,train/train_0290.jpg,이 무대 위에 적힌 문구는 무엇인가요?,DREAM BIG,BELIEVE IN LOVE,HAPPINESS FOREVER,LOVE IS LIFE,b
train_0291.jpg,train/train_0291.jpg,진열대에 있는 '딸기 타르트'의 가격은 얼마인가요?,6.0,7.0,5.0,8.0,a
train_0292.jpg,train/train_0292.jpg,이 사진에 보이는 '카페쉼톨' 간판 아래에 영어로 적힌 글자는 무엇인가요?,COFFEE & JUICE,DESSERT & BAKERY,COFFEE & DESSERT,COFFEE & TEA,c
train_0293.jpg,train/train_0293.jpg,소화전 사용법 중 '밸브닫기'는 어떤 순서에 해당하나요?,2번,1번,3번,4번,d
train_0294.jpg,train/train_0294.jpg,사진 속 대형 전광판에서 보이는 맥주 브랜드는 무엇인가요?,Yebisu,Asahi,Kirin,Sapporo,b
train_0295.jpg,train/train_0295.jpg,이 장소의 안내문에 따르면 어떤 서비스를 온라인으로 신청할 수 있나요?,자동차 등록증 발급,온라인 신청 면허증 찾는 곳,여권 신청,주민등록증 재발급,b
train_0296.jpg,train/train_0296.jpg,이 제품 포장지에 적힌 브랜드 이름은 무엇인가요?,BRICKSAND BUSAN,BRICKSAND SEOUL,BRICKSAND TOKYO,BRICKLAND SEOUL,b
train_0297.jpg,train/train_0297.jpg,사진에 보이는 'JK피부과'는 몇 층에 위치해 있나요?,7층,5층,3층,10층,b
train_0299.jpg,train/train_0299.jpg,사진 속 문구 중 '반대편 사람 주의!'가 적힌 표지판은 무엇을 경고하고 있나요?,문을 세게 닫지 말라는 경고,문에 부딪히지 말라는 경고,문이 자동으로 열리는 안내,문을 밀어서 열라는 안내,b
train_0300.jpg,train/train_0300.jpg,이 건물의 3층에 있는 가게 이름은 무엇인가요?,방탈출카페,전국 1등 가차샵,보드카페,히든토이,a
train_0301.jpg,train/train_0301.jpg,이 청바지 가격표에 적힌 할인율은 얼마인가요?,-90%,-70%,-30%,-50%,b
train_0302.jpg,train/train_0302.jpg,이 건물에 있는 병원의 이름은 무엇인가요?,곽요양병원,혈액투석재활치료,더블루원허브,1359,a
train_0304.jpg,train/train_0304.jpg,신호사로76번길 65번지 건물의 3층 호실 번호는 무엇인가요?,"301, 302",401,"201, 202, 203, 204, 205","101, 102, 103, 104",a
train_0305.jpg,train/train_0305.jpg,이 사진 속 간판에 적힌 문구는 무엇인가요?,Fitness Center,No Smoking Area,Cardio Zone,Free Weight Zone,d
train_0306.jpg,train/train_0306.jpg,이 도로 위 전광판에 적힌 문구의 내용은 무엇인가요?,용인시 교통사고 다발지역 안내,용인시 도로 공사 중입니다,용인시 이동식 무인단속 부스 운용,용인시 버스 전용차로 운영 안내,c
train_0308.jpg,train/train_0308.jpg,사진 속 간판 '풍년 참숯 갈비'에서 강조하고 있는 고기의 특징은 무엇인가요?,유기농 한우 갈비,즉석에서 구워 먹는 소 갈비,저렴한 가격의 양념 갈비,30년 전통 수제 돼지 갈비,d
train_0310.jpg,train/train_0310.jpg,이 간장의 특징으로 올바른 것은 무엇인가요?,두 번 달여 더 진한 진간장,인공 첨가물이 들어간 간장,한 번 달여 순한 간장,저염 간장,a
train_0311.jpg,train/train_0311.jpg,사진 속 노래방 입구에 적힌 상호명은 무엇인가요?,들깨칼국수 노래방,폭포수 노래방,목사발 노래방,코다리조림 노래방,b
train_0312.jpg,train/train_0312.jpg,2025년 가을 학기 'CAREER DEVELOPMENT SPECIAL LECTURES'에서 11월 17일 월요일에 진행되는 강의 주제는 무엇인가요?,Is Becoming a Realtor the Only Path in Real Estate?,Opportunities in International Trade,Malaysia-ASEAN Engagement in Contemporary Asia,From Cheil to the Best: How to Build Your Own Career Path,a
train_0313.jpg,train/train_0313.jpg,이 아이스크림 포장지에 적혀 있는 문구는 무엇인가요?,축하해♥,행복해♥,고마워♥,사랑해♥,d
train_0314.jpg,train/train_0314.jpg,이 표지판에 적힌 '세계문화유산 수원화성'은 무엇을 의미하나요?,홍콩의 관광명소,남극 대륙의 기지,수원에 있는 세계문화유산인 화성,서울에 있는 유명한 공원,c
train_0315.jpg,train/train_0315.jpg,오리온에서 나온 과자 이름은 무엇인가요?,꼬들 갈맹이 포도,꼬들 갈맹이 복숭아,꼬들 갈맹이 딸기,꼬들 갈맹이 사과,a
train_0317.jpg,train/train_0317.jpg,2026 한강 밤샘 캠핑 행사는 어디에서 열리나요?,서울숲 공원,올림픽공원,"여의도, 뚝섬 한강공원",한강 잠실지구,c
train_0318.jpg,train/train_0318.jpg,이 표지판에 적힌 경비업체 이름은 무엇인가요?,안심보안,에스원,경비원,세콤,b
train_0319.jpg,train/train_0319.jpg,이 가게의 이름은 무엇인가요?,영등포/상역,이번역은 야장역입니다,영등포역,야장역,d
train_0321.jpg,train/train_0321.jpg,이 천 표지에 적힌 문구는 무엇인가요?,책과 마음과 불꽃,사랑과 책과 촛불,책 읽는 즐거움,읽고 또 읽고 읽고 또 읽고 또,d
train_0323.jpg,train/train_0323.jpg,사진 속 냉장고에서 '?酎ハイボ?ル レモン'이라고 적힌 캔의 가격은 얼마인가요?,149엔,180엔,181엔,160엔,a
train_0324.jpg,train/train_0324.jpg,이 건물 3층에 위치한 곳의 이름은 무엇인가요?,원탑 실내 테니스 아카데미,EX 7:in 인테리어,KIDS BAY,벅스 스터디 카페,c
train_0325.jpg,train/train_0325.jpg,이 생수병에 적혀 있는 브랜드 이름은 무엇인가요?,제주 삼다수,아이시스,삼다수,백산수,d
train_0326.jpg,train/train_0326.jpg,이 포스터에 나온 뮤지컬 '데스노트'의 공연 기간은 언제부터 언제까지인가요?,2025.10.14 ~ 2026.05.25,2025.09.01 ~ 2026.04.30,2025.11.01 ~ 2026.06.01,2024.10.14 ~ 2025.05.25,a
train_0327.jpg,train/train_0327.jpg,이미지에 보이는 공사 중 표지판에 따르면 공사 구간은 앞으로 몇 미터 앞에 있나요?,150m 앞,50m 앞,100m 앞,200m 앞,c
train_0328.jpg,train/train_0328.jpg,사진에 보이는 틴트 제품 중 체리 색상 이름은 무엇인가요?,Cherry Drop,Grape Drop,Nudy Drop,Peach Drop,a
train_0329.jpg,train/train_0329.jpg,이 벽에 걸려 있는 포스터들은 어느 국립공원을 주제로 하고 있나요?,로키 산 국립공원,옐로스톤 국립공원,그랜드 캐니언 국립공원,요세미티 국립공원,d
train_0330.jpg,train/train_0330.jpg,이 길 안내 표지판에 따르면 '킨텍스역(GTX-A)' 방향은 어디인가요?,직진,오른쪽,왼쪽,뒤쪽,c
train_0331.jpg,train/train_0331.jpg,이 가게의 이름은 무엇인가요?,Cafe 모통이,Cafe 모등이,Cafe 모동이,Cafe 모투기,a
train_0332.jpg,train/train_0332.jpg,이 간판에 적힌 운송 서비스 내용 중 올바른 것은 무엇인가요?,국내 택시 운송,일반 택배 운송,조선기자재 운송,해외 화물 운송,c
train_0333.jpg,train/train_0333.jpg,이 사진 속 벽에 적힌 간판의 내용은 무엇인가요?,KODAK MINI SHOT WORLD,KODAK WORLD MINI SHOT,WORLD MINI KODAK SHOT,MINI SHOT KODAK WORLD,a
train_0334.jpg,train/train_0334.jpg,위 이미지에 보이는 노란색 간판에는 무엇이라고 적혀 있나요?,무행사주 2층,연희공방,무형문화재,전통 매듭과 서사리 공방 상품,a
train_0335.jpg,train/train_0335.jpg,생활쓰레기 불법 투기 시 부과되는 과태료는 얼마인가요?,200만원,100만원,500만원,50만원,b
train_0337.jpg,train/train_0337.jpg,이 표지판에 적힌 한글 글자는 무엇인가요?,주차장,출입금지,대피소,화장실,c
train_0338.jpg,train/train_0338.jpg,이 간판에 적힌 가게 이름은 무엇인가요?,사랑어묵,정다운오뎅,애정오뎅,맛있는오뎅,c
train_0340.jpg,train/train_0340.jpg,벽에 파란색으로 적힌 글씨는 무엇인가요?,김남호날두,이남호날두,이남호날다,이남동날두,b
train_0341.jpg,train/train_0341.jpg,칠판 위에 붙어 있는 '야구 금지' 안내문의 내용은 무엇인가요?,자전거 주차 금지,야구 금지,음식물 반입 금지,휴대폰 사용 금지,b
train_0342.jpg,train/train_0342.jpg,이 버스의 청소년 요금은 얼마인가요?,\2300,\1600,\2500,\3200,a
train_0343.jpg,train/train_0343.jpg,트릭컬 100일 기념 행사는 어디에서 열리나요?,in 강남,in 홍대,in 인천,in 부산,b
train_0344.jpg,train/train_0344.jpg,이 가게 입구에 적혀 있는 문구는 무엇인가요?,#서울 입구입니다.,#부산 입구입니다.,#제주 입구입니다.,#대구 입구입니다.,c
train_0345.jpg,train/train_0345.jpg,착즙 주스 중에서 1리터(1L)짜리 주스의 가격이 가장 비싼 것은 무엇인가요?,"착즙 토마토 주스 1L - 10,000원","착즙 자몽 주스 1L - 10,000원","착즙 파인애플포도 125ml - 2,000원","착즙 오렌지 주스 1L - 11,000원",d
train_0347.jpg,train/train_0347.jpg,조아라산부인과 의원이 위치한 층은 어디인가요?,11층,8층,10층,9층,d
train_0348.jpg,train/train_0348.jpg,"이 편의점 입구에 붙어 있는 할인 행사 안내문에 따르면, 전 상품 구매 시 적용되는 할인율은 얼마인가요?",70% 할인,30% 할인,10% 할인,50% 할인,d
train_0349.jpg,train/train_0349.jpg,이 음식점에서 전문적으로 판매하는 음식은 무엇인가요?,"삼겹살, 갈비","김치찌개, 된장찌개","대구탕, 생아구수육","비빔밥, 불고기",c
train_0350.jpg,train/train_0350.jpg,이 가게의 이름은 무엇인가요?,한국음식점,맛있는집,호우집,한식당,c
train_0351.jpg,train/train_0351.jpg,이 제품의 가격은 얼마인가요?,"\4,000","\3,500","\3,000","\4,500",b
train_0354.jpg,train/train_0354.jpg,이미지에 보이는 간판 중 '변호사 법률사무소 청안'이 위치한 층은 어디인가요?,4층,3층,2층,1층,c
train_0356.jpg,train/train_0356.jpg,"'사랑 플래그 서는 문장'에 따르면, 어떤 말을 하는 사람이 더 좋아하는 사람인가요?",하여튼 피곤해,하여튼 웃겨,하여튼 희한해,하여튼 이상해,c
train_0358.jpg,train/train_0358.jpg,냉장고 문에 붙어 있는 '양념치킨 소스' 병에 적혀 있는 제조사 이름은 무엇인가요?,해태,오뚜기,농심,롯데,b
train_0360.jpg,train/train_0360.jpg,사진에 보이는 '정육점' 간판에 적힌 상호명은 무엇인가요?,창우 정육관,창우 정육점,창립 정육관,창립 정육점,b
train_0361.jpg,train/train_0361.jpg,이 가게의 이름은 무엇인가요?,강릉 엄지네 꼬막무침 비빔밥집,강릉 엄지네 포장마차 본점,강릉 엄지네 꼬막집 본점,강릉 엄지네 꼬막집 포장마차 본점,d
train_0362.jpg,train/train_0362.jpg,이 사진에 보이는 건물의 이름은 무엇인가요?,광주국제문화센터,서울문화예술회관,부산국제영화관,대전문화예술센터,a
train_0363.jpg,train/train_0363.jpg,벽에 붙어 있는 포스터에 적힌 학습 번호는 무엇인가요?,50학 5반,40학 4반,60학 6반,30학 3반,a
train_0364.jpg,train/train_0364.jpg,이 쌀과자에 적힌 주요 성분 함유량은 얼마인가요?,버터 25% 함유,설탕 30% 함유,쌀 56% 함유,우유 10% 함유,c
train_0365.jpg,train/train_0365.jpg,"사진 속 보드게임 이용 안내문에 따르면, 보드게임 이용 시 지켜야 할 규칙으로 옳지 않은 것은 무엇인가요?",음식물은 가지고 들어가면 안 된다.,보드게임은 도서관 내에서만 이용해야 한다.,보드게임은 1인당 3시간까지 이용할 수 있다.,보드게임 이용 후에는 반드시 반납해야 한다.,b
train_0366.jpg,train/train_0366.jpg,이 장소에서 금연구역 관련 위반 시 부과되는 과태료는 얼마인가요?,20만원,15만원,10만원,5만원,c
train_0367.jpg,train/train_0367.jpg,이 음식점의 이름은 무엇인가요?,용호전골,송도낙지,낙곱새,용호낙지,d
train_0368.jpg,train/train_0368.jpg,이 건물에 위치한 교회의 이름은 무엇인가요?,밴드락,빛이 되는 교회,기독교한국침례회,코인노래연습장,b
train_0369.jpg,train/train_0369.jpg,꾸이맨 제품의 내용량과 칼로리는 얼마인가요?,40g (150 kcal),30g (110 kcal),50g (200 kcal),25g (90 kcal),b
train_0370.jpg,train/train_0370.jpg,이 가게의 이름은 무엇인가요?,CAFFE PASCUCCI,초밥우동돈까스,대구장돌떡볶이집,중앙떡볶이,d
train_0371.jpg,train/train_0371.jpg,사진 속 위스키 상자에 적힌 제품 이름은 무엇인가요?,FUJIYAMA WHISKY,MOUNT FUJI WHISKY,JAPAN PREMIUM WHISKY,THE FUJISAN WHISKY,d
train_0372.jpg,train/train_0372.jpg,이 건물 3층에 위치한 사무실 중 세무 관련 업무를 하는 곳은 어디인가요?,고속 복사,법률 상담,다온 행정사 사무소,청담 세무 회계,d
train_0373.jpg,train/train_0373.jpg,사진 속 초록색 병에 적힌 술의 종류는 무엇인가요?,진로,참이슬,처음처럼,한라산,b
train_0375.jpg,train/train_0375.jpg,이 제품의 이름과 주성분은 무엇인가요?,BRINGGREEN VITAMIN C 50% SOOTHING GEL,BRINGGREEN ALOE 97% SOOTHING GEL,BRINGGREEN HONEY 80% MOISTURIZING CREAM,BRINGGREEN ALOE 50% MOISTURIZING LOTION,b
train_0376.jpg,train/train_0376.jpg,이 주차장 출입구에 적힌 차량 제한 높이는 얼마인가요?,2.0M,1.8M,2.3M,3.0M,c
train_0377.jpg,train/train_0377.jpg,사진에 보이는 소주 병 라벨에 적힌 브랜드 이름은 무엇인가요?,새로,처음처럼,한라산,참이슬,a
train_0378.jpg,train/train_0378.jpg,이 경기장의 이름은 무엇인가요?,인천-롯데 야구장,광주-기아 챔피언스 필드,서울-두산 베어스 파크,부산-삼성 스타디움,b
train_0379.jpg,train/train_0379.jpg,이 책의 제목은 무엇인가요?,알면 알수록 똥 이야기,개포하늘꿈도서관,슈퍼 똥쟁이들,동물들의 신기한 똥,c
train_0380.jpg,train/train_0380.jpg,이 가게의 상호명은 무엇인가요?,더라,분양 문의,동춘구제 도소매,MEG,c
train_0382.jpg,train/train_0382.jpg,이 표지판에 안내된 시험장의 이름은 무엇인가요?,한국산업인력공단 본사 시험장,서울과학고등학교 실기 시험장,용산철도고등학교 면접 시험장,용산철도고등학교 기사필답 시험장,d
train_0383.jpg,train/train_0383.jpg,이 건물 외벽에 적혀 있는 브랜드 이름이 아닌 것은 무엇인가요?,UNIQLO,OLIVE YOUNG,ANIPLUS,STARBUCKS,d
train_0385.jpg,train/train_0385.jpg,사진 속 PC방 이름은 무엇인가요?,한마음 세탁,High-end PC Cafe,473-3349,Allben PC,d
train_0386.jpg,train/train_0386.jpg,이 사진에 보이는 파란색 간판에 적힌 상호명은 무엇인가요?,올레미노래,후오,티사무가구,한돈구이,c
train_0388.jpg,train/train_0388.jpg,이 건물 벽에 붙어 있는 여러 표지판 중에서 금연 구역임을 알리는 표지판에는 어떤 문구가 적혀 있나요?,CCTV 안내문,에스원,금연구역,소방안전관리자 현황표,c
train_0389.jpg,train/train_0389.jpg,사진 속 조형물에 적힌 문구는 무엇인가요?,WELCOME BUSAN,HELLO JEJU,WELCOME JEJU,HELLO SEOUL,b
train_0390.jpg,train/train_0390.jpg,이 가게의 이름은 무엇인가요?,한양 부티크,한강 마켓,서울 가게,부산 상점,a
train_0391.jpg,train/train_0391.jpg,이미지 속 피규어 중 가장 저렴한 가격의 피규어는 얼마인가요?,"?9,800","?6,980","?3,980","?4,980",c
train_0392.jpg,train/train_0392.jpg,이 중국 음식점의 영업 시작 시간은 언제인가요?,오후 12시,오후 1시,오전 10시,오전 11시,d
train_0393.jpg,train/train_0393.jpg,이 가챠폰에서 한 번 뽑는 데 드는 가격은 얼마인가요?,300엔,500엔,100엔,800엔,a
train_0394.jpg,train/train_0394.jpg,이 가게에서 판매하는 '꽃빙수'에 대해 설명한 내용 중 맞는 것은 무엇인가요?,빙수는 밀가루로 만든 빵 종류이다,빙수는 불란서에서 유래한 음식이다,빙수는 겨울에 먹는 따뜻한 음식이다,빙수는 얼음이 꽃처럼 맺힌 여름 별미이다,d
train_0395.jpg,train/train_0395.jpg,이 위스키 상자에 적힌 숙성 연수는 몇 년인가요?,10년,12년,15년,18년,c
train_0397.jpg,train/train_0397.jpg,사진 속 음료 컵에 적힌 메뉴 이름은 무엇인가요?,화이트 아메리카노 ICE,그린 티 라떼,아이스 카페라떼,핫 초코,a
train_0398.jpg,train/train_0398.jpg,이 트럭 광고에서 안내하는 치과 치료가 아닌 것은 무엇인가요?,임플란트 이용 틀니,임플란트 재수술,임플란트 전체임플란트,치아미백,d
train_0399.jpg,train/train_0399.jpg,이 사진 속 간판에 적힌 카페 이름은 무엇인가요?,CAFE COMMA.,CAFE COMMA,CAFE COMMA;,"CAFE COMMA,",d
train_0402.jpg,train/train_0402.jpg,이 모니터의 모델명은 무엇인가요?,LC24F390FH,S24R350F,LC27R500FHKXKR,LC32T550F,c
train_0403.jpg,train/train_0403.jpg,사진에 보이는 '강남구' 문구 바로 아래에 적힌 문구는 무엇인가요?,강남구청입니다. 환영합니다.,강남을 사랑합니다. 모두 함께!,강남을 힘차게! 구민을 신나게! 강남 대전환!!,"강남구, 행복한 도시",c
train_0404.jpg,train/train_0404.jpg,이 음료의 맛은 무엇인가요?,사과맛,바나나맛,딸기맛,포도맛,c
train_0405.jpg,train/train_0405.jpg,거리의 간판에 적힌 'Daily Specials' 메뉴 중 가격이 가장 비싼 것은 무엇인가요?,Happy Hour 3PM-6PM,Tacos $14.95,Craft Beer on Tap!,Burger & Fries $16.95,d
train_0406.jpg,train/train_0406.jpg,벽에 걸려 있는 액자 중 'BEER'에 대해 설명하는 문구는 무엇인가요?,BEER IS ONLY FOR FRIENDS,BEER MAKES EVERYONE HAPPY,BEER IS THE BEST DRINK FOR FAMILY,BEER DOESN'T ASK SILLY QUESTIONS. BEER UNDERSTANDS,d
train_0409.jpg,train/train_0409.jpg,이 편의점 진열대 앞에 놓인 과일은 무엇인가요?,오렌지,사과,수박,바나나,c
train_0410.jpg,train/train_0410.jpg,이 제품에 적힌 브랜드 이름은 무엇인가요?,SAMSUNG,SONY,LG,APPLE,a
train_0411.jpg,train/train_0411.jpg,이 표지판에 적힌 문구 중 올바른 내용은 무엇인가요?,여기는 서울특별시입니다,여기는 과천시입니다,여기는 부산광역시입니다,여기는 인천광역시입니다,b
train_0412.jpg,train/train_0412.jpg,이 이미지에 보이는 'SWAFFY'라는 단어는 무엇의 약자인가요?,Samsung World Academy For Youth,Samsung WiFi Academy For Youth,Samsung Web Academy For Youth,Samsung Academy For Youth,d
train_0413.jpg,train/train_0413.jpg,사진에 보이는 '원메이드' 간판에 적힌 전화번호는 무엇인가요?,010-8896-0305,010-9988-7766,010-1234-5678,02-8896-0305,a
train_0414.jpg,train/train_0414.jpg,이 자판기에서 판매하는 마스코트 시리즈의 이름은 무엇인가요?,스타워즈 피규어,디즈니 캐릭터 인형,UNDERTALE 캡슐 고무 마스코트,포켓몬 피규어 시리즈,c
train_0415.jpg,train/train_0415.jpg,이 건물에 있는 '스크린 사격' 관련 가게의 전화번호는 무엇인가요?,T.474-9222,T.473-2255,T.472-2244,T.471-2233,c
train_0416.jpg,train/train_0416.jpg,빨간 기둥에 붙어 있는 화살표 모양의 표지판에 적힌 글자는 무엇인가요?,광복로,부산역,한복 대여점,갈맷길,d
train_0418.jpg,train/train_0418.jpg,이 아이스크림 포장지에 적힌 맛은 무엇인가요?,녹차 맛,바닐라 맛,딸기 맛,초코 크림,d
train_0419.jpg,train/train_0419.jpg,사진 속 표지판에 따르면 용인세브란스병원은 어느 방향에 있나요?,뒤쪽,오른쪽,왼쪽,직진,b
train_0420.jpg,train/train_0420.jpg,이 달력에 적혀 있는 연도는 무엇인가요?,2020,2021,2023,2022,d
train_0421.jpg,train/train_0421.jpg,이 건물에 적혀 있는 회사 이름은 무엇인가요?,NEXON Studio,NEXON Korea,NEXON Games,NEXON Networks,d
train_0422.jpg,train/train_0422.jpg,이 이미지에 보이는 간판에 적힌 음식 메뉴는 무엇인가요?,"오리 능이백숙, 오리 숯불구이","김치찌개, 된장찌개","불고기, 비빔밥","삼계탕, 닭볶음탕",a
train_0423.jpg,train/train_0423.jpg,신축 일월스타빌딩 임대에 관한 안내문에 적힌 전화번호는 무엇인가요?,02) 6003-5034,02) 6300-5430,02) 5003-6034,02) 6033-5043,a
train_0424.jpg,train/train_0424.jpg,이 가게의 간판에 적힌 가게 이름은 무엇인가요?,성민 양꼬치,聖敏 양꼬치,聖敏 양갈비,성민 양갈비,b
train_0425.jpg,train/train_0425.jpg,이 역에서 갈아타는 곳은 몇 번부터 몇 번까지 구간인가요?,730 ~ 760,726 ~ 709,761 ~ 728,700 ~ 725,b
train_0427.jpg,train/train_0427.jpg,이 카페의 이름은 무엇인가요?,PREMIUM,green brownie,bread & coffee,coffee & bread,b
train_0428.jpg,train/train_0428.jpg,사진 속 메뉴 번호 27번은 어떤 종류의 빙수인가요?,망고 연인 눈꽃빙수,백두산 딸기 망고 눈꽃빙수,망고 대왕 눈꽃빙수,커피 젤리 눈꽃빙수,b
train_0429.jpg,train/train_0429.jpg,이 표지판에서 '올라가는 곳'과 '내려가는 곳'을 각각 어디로 안내하고 있나요?,"올라가는 곳: 2F, 내려가는 곳: 지하주차장","올라가는 곳: 주차장, 내려가는 곳: 1F","올라가는 곳: 지하주차장, 내려가는 곳: 2F","올라가는 곳: 1F, 내려가는 곳: 주차장",d
train_0430.jpg,train/train_0430.jpg,다음 중 '구움과자 LIST'에 포함된 과자가 아닌 것은 무엇인가요?,초코초코,얼그레이,흑임자,바질크림치즈,c
train_0431.jpg,train/train_0431.jpg,사진 속 우편물 보관함에 적혀 있는 우체국 번호는 무엇인가요?,NO.11,NO.21,NO.31,NO.41,a
train_0433.jpg,train/train_0433.jpg,"이 차량에 적힌 문구 중, 이 업체가 전문으로 하는 분야는 무엇인가요?",하수구 배관 청소,전기 수리,가구 조립,창문 청소,a
train_0435.jpg,train/train_0435.jpg,"CCTV 설치 안내문에 따르면, CCTV 촬영 시간은 어떻게 되나요?",항상 촬영하지 않음,오전 6시부터 자정까지,오전 9시부터 오후 6시까지,24시간,d
train_0436.jpg,train/train_0436.jpg,이 냉장고 안에 진열된 '구운계란' 한 팩의 가격은 얼마인가요?,"2,200원","2,800원","3,000원","1,200원",a
train_0438.jpg,train/train_0438.jpg,"리락쿠마 미니 인형 중 가격이 21,000원인 제품은 무엇인가요?",코리락쿠마,시로쿠마,플레이킹 리락쿠마 시장 콜라보,리락쿠마,d
train_0439.jpg,train/train_0439.jpg,이미지 속 메뉴판에 적힌 가격은 얼마인가요?,7200엔,5500엔,4800엔,6600엔,d
train_0440.jpg,train/train_0440.jpg,사진 속 간판에 적힌 음식점 이름은 무엇인가요?,한별리하우스,조용온,극동방송,선산 곱창,d
train_0441.jpg,train/train_0441.jpg,이 이미지에 나온 학습 순서 중 '직업 심리검사를 통해 직무 강점 발견하기'는 몇 번째 학습인가요?,학습 2,학습 3,학습 1,학습 4,b
train_0442.jpg,train/train_0442.jpg,사진 속 간판에 적힌 상호명은 무엇인가요?,아미플라테스,아미필라티스,아미필라테스,아미필라테,c
train_0443.jpg,train/train_0443.jpg,사진 속 빨간색 표지판에 적힌 문구는 무엇인가요?,쓰레기통,주차금지,주차가능,음식물쓰레기 전용수거용기,b
train_0445.jpg,train/train_0445.jpg,이 메뉴판은 어느 영화관의 VIP 메뉴판인가요?,CGV VIP,롯데시네마 VIP,씨네플렉스 VIP,메가박스 VIP,c
train_0446.jpg,train/train_0446.jpg,"유리문에 붙어 있는 안내문에 따르면, 수기정보 작성 시 어떤 점이 주의사항인가요?",수기정보 작성 시 교무실 수기 란 외 작성은 불가하다,수기정보 작성은 자유롭게 가능하다,교원실 수기 란에 작성해야 한다,수기정보는 작성하지 않아도 된다,a
train_0447.jpg,train/train_0447.jpg,이 건물의 4층에 위치한 가게 이름은 무엇인가요?,신디필라테스,해물찜 해물탕,성하실업,밀란 에어 스킨,d
train_0448.jpg,train/train_0448.jpg,냉장고에 붙어 있는 장보기 목록에 포함되지 않은 것은 무엇인가요?,고기,계란,빵,우유,a
train_0449.jpg,train/train_0449.jpg,이 사진에 있는 조형물 하단에 적힌 문구는 무엇인가요?,너와 나의 서울  ·  서울의 관문 김포국제공항,서울은 대한민국의 수도입니다,김포국제공항에 오신 것을 환영합니다,서울의 아름다운 밤 풍경,a
train_0450.jpg,train/train_0450.jpg,이 건물 외벽에 적힌 '농구교실' 전화번호는 무엇인가요?,010-9876-5432,574-5949,123-4567,02-345-6789,b
train_0451.jpg,train/train_0451.jpg,이 표지판에 적힌 '불 끄기'의 영어 번역은 무엇인가요?,Stop fire,Turn off fire,Put out fires,Fire exit,c
train_0452.jpg,train/train_0452.jpg,이 화장지 포장지에 적힌 제품의 폭(너비)은 얼마인가요?,90mm,120mm,100mm,106mm,d
train_0453.jpg,train/train_0453.jpg,2025년 김해도서관에서 6월 26일에 열리는 인문강연의 주제는 무엇인가요?,천경자와 네덜란드 시절의 반 고흐 회화,프랑스 시절의 반 고흐 회화,김해교육지원청의 역사,영지대학교 미술사학과 교수 강연,b
train_0454.jpg,train/train_0454.jpg,이미지 속 냉장고에서 '처음처럼' 소주 한 병의 가격은 얼마인가요?,"3,300원","1,800원","2,700원","1,900원",d
train_0455.jpg,train/train_0455.jpg,"삼성청년 SW·AI 아카데미(SSAFY) 안내문에 따르면, 식당은 어느 층에 있나요?",1층,20층,30층,10층,b
train_0456.jpg,train/train_0456.jpg,"이 안내문에 따르면, 1인 세트 메뉴의 할인 전 가격은 얼마인가요?","14,000원","15,000원","30,000원","29,000원",b
train_0457.jpg,train/train_0457.jpg,이 이미지의 문구 중 SSAFY 16기를 축하하는 문장으로 올바른 것은 무엇인가요?,SSAFY 17기를 축하합니다,SSAFY 15기를 축하합니다,SSAFY 16기를 환영합니다,SSAFY 16기를 축하합니다,d
train_0458.jpg,train/train_0458.jpg,이 사진에 적힌 와이파이 비밀번호는 무엇인가요?,password!9876,wifi12345,network!2023,rowa!54321,d
train_0459.jpg,train/train_0459.jpg,이 거리에서 '투다리'라는 가게가 제공하는 서비스는 무엇인가요?,어학원,커피 전문점,한의원,고기구이 연구소,d
train_0460.jpg,train/train_0460.jpg,이 사진에 보이는 간판에 적힌 글씨는 무엇인가요?,광주문화거리,부산해운대,서울타워,대전스카이로드,d
train_0461.jpg,train/train_0461.jpg,이 공항의 셀프 수하물 위탁 서비스 안내문에 적힌 문구는 무엇인가요?,Self Check-In,Flight Information,Baggage Claim,Self Bag Drop,d
train_0462.jpg,train/train_0462.jpg,이 사진 속 가전제품 할인 행사에서 3일 이상 구매 시 제공되는 할인율은 얼마인가요?,15% 할인,10% 할인,30% 할인,20% 할인,a
train_0465.jpg,train/train_0465.jpg,이 가게에서 판매하는 메뉴가 아닌 것은 무엇인가요?,김치찌개,수육보쌈,모듬전,막걸리,a
train_0466.jpg,train/train_0466.jpg,이미지에 보이는 SEALY 매트리스 중에서 10년 보증이 제공되는 매트리스는 어떤 모델인가요?,슈퍼 싱글 SS 3년 보증,퀸 Q 10년 보증,싱글 S 3년 보증,킹 K 5년 보증,b
train_0467.jpg,train/train_0467.jpg,사진 속 시장 골목에 보이는 빨간색 천막에 적힌 가게 이름은 무엇인가요?,BANANA,ORANGE,APPLE,TOMATO,d
train_0469.jpg,train/train_0469.jpg,이 사진에 보이는 CU 편의점 앞에 적혀 있는 문구 중 맞는 것은 무엇인가요?,Nice to See,Nice to CU 서초구,Nice to CU,Nice to CU 서울시,c
train_0470.jpg,train/train_0470.jpg,시티버스 운행 시간표에 따르면 1회차 안목발 시각은 몇 시인가요?,08:00,14:00,09:10,10:30,a
train_0471.jpg,train/train_0471.jpg,이 도로 표지판에서 제한 속도는 얼마로 표시되어 있나요?,50,60,30,40,a
train_0472.jpg,train/train_0472.jpg,"이 문구에서 '데잎크로바'를 찾았다고 했을 때, 오늘은 어떤 날이라고 표현하고 있나요?","슬픈 날, 힘든 날","바쁜 날, 피곤한 날","평범한 날, 무난한 날","즐거운 날, 행운이 가득한 날",d
train_0473.jpg,train/train_0473.jpg,이 사진에 보이는 지하철 출구 번호는 무엇인가요?,7번 출구,3번 출구,5번 출구,1번 출구,c
train_0474.jpg,train/train_0474.jpg,이 건물의 도로명주소는 무엇인가요?,월드컵로 186-6,월드컵로 187-6,월드컵로 187-5,월드컵로 188-6,b
train_0475.jpg,train/train_0475.jpg,사진 속 하리보 젤리 제품의 가격은 얼마인가요?,"1,000원","2,500원","3,000원","5,000원",b
train_0476.jpg,train/train_0476.jpg,이 지하철 안내도에서 1번 출구로 나가면 어디로 갈 수 있나요?,서울대병원 강남검진센터,대한사회복지회,도곡동 방면,역삼동,b
train_0477.jpg,train/train_0477.jpg,이 음식점 간판에 적힌 주된 메뉴는 무엇인가요?,불고기,닭갈비,돼지국밥,한우 곰탕,d
train_0478.jpg,train/train_0478.jpg,이 책의 제목은 무엇인가요?,SQL 자격검정 실전문제,데이터베이스 관리,SQL 기초 입문서,프로그래밍 언어 개론,a
train_0479.jpg,train/train_0479.jpg,2026 학하동 주민총회는 몇 월 며칠에 개최되나요?,6월 15일,8월 16일,7월 15일,7월 16일,d
train_0481.jpg,train/train_0481.jpg,이 가게의 이름은 무엇인가요?,고봉민가방숍,고봉민김밥.kr,고봉민김밥,SALADY,c
train_0483.jpg,train/train_0483.jpg,이 커피숍의 이름은 무엇인가요?,EDIYA COFFEE,커피빈,할리스커피,스타벅스,a
train_0484.jpg,train/train_0484.jpg,이 문에 붙어 있는 안내문에 적혀 있는 번호는 무엇인가요?,40번,39번,41번,42번,c
train_0485.jpg,train/train_0485.jpg,한상본가에서 제공하는 한식뷔페의 가격은 얼마인가요?,"10,000원","15,000원","5,000원","20,000원",a
train_0487.jpg,train/train_0487.jpg,이 장소에서 금연을 안내하는 표지판에 적힌 전화번호는 무엇인가요?,1522-7890,1588-1234,1600-4567,1544-9030,d
train_0488.jpg,train/train_0488.jpg,이 건물 벽에 적혀 있는 문구는 무엇인가요?,행복한 입안의 작은 담 백락,행복을 담은 작은 입안 백락,작은 행복을 담은 입안 백락,입안의 작은 행복 행복한 담 백락,d
train_0489.jpg,train/train_0489.jpg,이 안내문에서 주의해야 할 상황은 무엇인가요?,비 올 때 전기 감전 주의,비 올 때 화재 주의,눈비 올 때 미끄럼 주의,눈 올 때 낙석 주의,c
train_0490.jpg,train/train_0490.jpg,노트에 적힌 숙제 목록 중 완료 표시가 된 것은 무엇인가요?,Read ch. 4,Study Kit,Notes,Worksheet,a
train_0491.jpg,train/train_0491.jpg,화면에 표시된 숫자 '99'는 무엇과 관련된 내용인가요?,노래방 기계 모델 번호,노래방 점수,가요 순위,가수 데뷔 임박,b
train_0492.jpg,train/train_0492.jpg,LENTO 클로즈 베타 테스트 오프라인 컨퍼런스의 행사 일시는 언제인가요?,2026.08.08(토) 13:00 ~ 15:00,2026.08.08(토) 15:30 ~ 17:30,2026.08.09(일) 14:00 ~ 16:00,2026.09.08(토) 15:30 ~ 17:30,b
train_0493.jpg,train/train_0493.jpg,이 건물에 입점해 있는 카페의 이름은 무엇인가요?,스타벅스,셀독 24 스터디 카페,커피빈,투썸플레이스,b
train_0495.jpg,train/train_0495.jpg,이 이미지에 보이는 간판 중에서 생맥주 가격은 얼마로 적혀 있나요?,299엔,499엔,399엔,199엔,a
train_0496.jpg,train/train_0496.jpg,"SSAFY 교육과 관련된 안내문에 따르면, 강의장 확인은 어디에서 할 수 있나요?",1층 교육지원센터,지하 1층 안내 데스크,3층 강의실,2층 식당,a
train_0497.jpg,train/train_0497.jpg,이 건물에 있는 '교동짬뽕' 간판에 적힌 전화번호는 무엇인가요?,604-1195,472-9800,604-6115,472-9611,c
train_0498.jpg,train/train_0498.jpg,이미지에 나타난 'Final dataset'에는 몇 개의 SNPs와 샘플이 포함되어 있나요?,"17,716,251 SNPs, 8,773 Samples","2,000,000 SNPs, 9,000 Samples","2,915,187 SNPs, 8,252 Samples","352,228 SNPs, 8,840 Samples",c
train_0499.jpg,train/train_0499.jpg,이 도로 표지판에 적힌 '테헤란로 34길'은 어떤 언어로도 표기되어 있나요?,"한국어, 영어, 중국어, 러시아어","한국어, 영어, 프랑스어, 일본어","한국어, 영어, 중국어, 일본어","한국어, 영어, 독일어, 일본어",c
train_0500.jpg,train/train_0500.jpg,이 과자 봉지에 적힌 맛은 무엇인가요?,치즈,사워크림,바베큐,스파이시,a
train_0501.jpg,train/train_0501.jpg,이 벽에 붙어 있는 포스터의 제목은 무엇인가요?,DECEMBER,PLASTICKD RECOMMEND,Remember the Time,Paradise Untold,b
train_0502.jpg,train/train_0502.jpg,이 교육 프로젝트의 모집 마감일은 언제인가요?,6월 30일,7월 31일,6월 15일,7월 10일,a
train_0503.jpg,train/train_0503.jpg,책상 위에 놓인 명패에 적힌 이름은 무엇인가요?,이성일,김철수,박민영,최지은,a
train_0505.jpg,train/train_0505.jpg,이 건물에 입점해 있는 패스트푸드 브랜드는 무엇인가요?,롯데리아,맥도날드,KFC,버거킹,b
train_0506.jpg,train/train_0506.jpg,이 거리의 상점 중에서 1974년에 설립된 곳은 어디인가요?,THE ARCTIC BISON LODGE,OLD TOWN BOOKERY,QUEBEC MAPLE TREATS,SNOW CAP SKI & SNOWBOARD RENTALS,b
train_0507.jpg,train/train_0507.jpg,이미지 속 벽에 붙어 있는 안내문 제목은 무엇인가요?,공지 사항,도서 목록,발표자(화자),도서관 이용 규칙,d
train_0508.jpg,train/train_0508.jpg,이 가게에서 현대자동차그룹 마일리지로 결제할 수 있는지 여부는 무엇인가요?,결제 가능합니다.,일부 품목만 결제 가능합니다.,결제 불가능합니다.,사전에 문의해야 합니다.,a
train_0509.jpg,train/train_0509.jpg,이 매장에서 판매하는 '아리 모던누들' 14종의 가격은 얼마인가요?,"각 2,000원 ~ 6,500원","각 1,780원 ~ 5,980원","각 1,980원 ~ 5,500원","각 1,500원 ~ 4,980원",b
train_0510.jpg,train/train_0510.jpg,이 사진에 보이는 건물의 이름은 무엇인가요?,CITY STUDIO,STUDIO TOWN,CITY CENTER,STUDIO CITY,d
train_0511.jpg,train/train_0511.jpg,이 간판에 적혀 있는 전화번호는 무엇인가요?,284-8245,284-5678,284-1234,284-8287,a
train_0512.jpg,train/train_0512.jpg,이 가게에서 핫도그(케첩/치즈)의 가격은 얼마인가요?,"3,500원","6,000원","5,000원","4,500원",a
train_0513.jpg,train/train_0513.jpg,탄천동로 지하화공사로 인해 어떤 구간이 전면 폐쇄되나요?,탄천 나들목(IC) ~ 봉은교 ~ 종합운동장 사거리,종합운동장 사거리 ~ 삼성역 ~ 강남역,탄천 나들목(IC) ~ 삼성역 ~ 강남역,봉은교 ~ 삼성역 ~ 종합운동장 사거리,a
train_0514.jpg,train/train_0514.jpg,이 건물 입구 위에 적힌 이름은 무엇인가요?,하늘마을,골드타운,피렌체,빌라드림,c
train_0515.jpg,train/train_0515.jpg,컵라면 포장지에 적힌 맛은 무엇인가요?,진한 소고기 맛,얼큰한 김치찌개 맛,달콤한 카라멜 맛,매콤한 해물라볶이 맛,d
train_0516.jpg,train/train_0516.jpg,용산웰컴센터(관광안내소)의 운영 시간은 언제부터 언제까지인가요?,09:00부터 19:00까지,11:00부터 20:00까지,12:00부터 22:00까지,10:00부터 21:00까지,b
train_0517.jpg,train/train_0517.jpg,이 표지판에서 경고하고 있는 내용은 무엇인가요?,화재주의,감전주의,추락주의,낙뢰주의,b
train_0518.jpg,train/train_0518.jpg,가이즈까향나무에 관한 설명으로 맞는 것은 무엇인가요?,"5월에 개화하며, 10월에 결실한다.","6월에 개화하며, 11월에 결실한다.","4월에 개화하며, 9월에 결실한다.","7월에 개화하며, 12월에 결실한다.",c
train_0520.jpg,train/train_0520.jpg,이 버스의 노선 번호는 무엇인가요?,105,536-1032,3028,07,d
train_0521.jpg,train/train_0521.jpg,이 건물의 상호명은 무엇인가요?,도큐핸즈,돈키호테,이온몰,롯데마트,b
train_0522.jpg,train/train_0522.jpg,이 건물 2층에 있는 학원의 이름은 무엇인가요?,카페인중독,로얄피자,동백문고,큐이디 골프 아카데미,d
train_0523.jpg,train/train_0523.jpg,이 게임 화면에서 우승한 사용자 이름은 무엇인가요?,User 2,User 3,User 4,User 1,a
train_0524.jpg,train/train_0524.jpg,죽전·왕십리 방면으로 가는 열차 중 1번 출발순서 열차는 어느 승강장에서 타나요?,2층 왕십리,1층 죽전,1층 왕십리,3층 왕십리,a
train_0526.jpg,train/train_0526.jpg,이 건물에 있는 병원이나 클리닉 이름이 아닌 것은 무엇인가요?,HEALTH & BEAUTY 카페,리앤웰성형외과의원,이믿음치과,알앤비성형외과,a
train_0528.jpg,train/train_0528.jpg,파란색 벽면에 적힌 글귀 중 올바른 것은 무엇인가요?,SAMSUNG SW AI ACADEMY FOR YOU,SAMSUNG SW AI ACADEMY FOR YOUTH,SAMSUNG SW AI ACADAMY FOR YOUTH,SAMSUNG SW AI ACADEMY FOR YOUT,b
train_0529.jpg,train/train_0529.jpg,사진 속 초콜릿 제품 'PISTACHIO'에서 사용된 맛은 무엇인가요?,화이트초콜릿과 딸기,밀크초콜릿과 바닐라,다크초콜릿과 말차,다크초콜릿과 오렌지,c
train_0530.jpg,train/train_0530.jpg,이미지 속 '무료 증정' 안내문에 적힌 문구는 무엇인가요?,오늘만 무료!,선착순 한정 증정!,무료 체험하세요!,자유롭게 가져가세요!,d
train_0531.jpg,train/train_0531.jpg,이 가게의 상호명은 무엇인가요?,오돌뼈 전문점,만나가 닭발,만나가 오돌뼈,교육상담소,c
train_0533.jpg,train/train_0533.jpg,"사진 속 검은 안내판에 적힌 문구 중 '당신에게는 행복한 샤워를, 오랑우탄에게는 행복한 집을.' 다음에 나오는 문구는 무엇인가요?",원재료: 태국 슈퍼베리 파우더,원재료: 태국 슈퍼베리 파우더와 아보카도 오일,원재료: 태국 슈퍼베리 파우더와 코코넛 오일,원재료: 태국 슈퍼베리 파우더와 올리브 오일,a
train_0534.jpg,train/train_0534.jpg,사진 속 아이스크림 가게의 상호명은 무엇인가요?,Baskin Robbins,Haagen-Dazs,Cold Stone,Dairy Queen,a
train_0535.jpg,train/train_0535.jpg,이 도로 표지판에 따르면 '연주로'까지 거리는 얼마인가요?,100m,500m,300m,1km,c
train_0537.jpg,train/train_0537.jpg,이 사진 속의 초록색 안내판에 적힌 내용은 무엇인가요?,3-1 반석방면,2-3 중앙역 방면,1-2 시청 방면,5-4 종합운동장 방면,a
train_0538.jpg,train/train_0538.jpg,이 골목길에 있는 상점 중에서 도서 대여 전문점은 어떤 상호명인가요?,휴대폰 할인매장,책사랑,용곡상회,부동산,b
train_0539.jpg,train/train_0539.jpg,벽에 붙어 있는 소화기 안내판에 적힌 내용 중 올바른 것은 무엇인가요?,소화기 사용 금지,안전핀을 뽑는다,화재 시 뛰어내린다,손잡이를 누른다,b
train_0541.jpg,train/train_0541.jpg,이 이미지에서 보이는 텍스트는 무엇입니까?,HANLA SELECT,LAHAN SELECTED,LAHAN ELECT,LAHAN SELECT,d
train_0543.jpg,train/train_0543.jpg,CU 편의점에서 판매하는 고구마 가격은 얼마인가요?,"3,000원","1,300원","2,000원","1,000원",c
train_0545.jpg,train/train_0545.jpg,사진에 나온 'ねぎとろ' 초밥 롤의 가격은 얼마인가요?,300엔 (세금 포함 330엔),150엔 (세금 포함 160엔),208엔 (세금 포함 225엔),100엔 (세금 포함 110엔),c
train_0547.jpg,train/train_0547.jpg,사진 속 제품들의 이름 중 옳은 것은 무엇인가요?,바나나빵,딸기잼,꿀빵,레몬쿠키,c
train_0548.jpg,train/train_0548.jpg,벽에 붙어 있는 안내문에 적힌 내용은 무엇인가요?,음료는 셀프입니다.,물은 셀프입니다.,음식은 셀프입니다.,주문은 셀프입니다.,b
train_0549.jpg,train/train_0549.jpg,이 장소는 어디인가요?,서점 카운터,은행 창구,롯데시네마 매점 및 티켓 구매소,스타벅스 매장,c
train_0550.jpg,train/train_0550.jpg,이 안내판은 누구를 위한 출입구 안내인가요?,어린이,노약자,임산부,휠체어 사용자,d
train_0551.jpg,train/train_0551.jpg,이 사진에 보이는 경기장 이름은 무엇인가요?,서울 잠실 야구장,광주 KIA 챔피언스 필드,대구 삼성 라이온즈 파크,인천 SSG 랜더스필드,d
train_0552.jpg,train/train_0552.jpg,이 건물 외벽에 적힌 상호명은 무엇인가요?,THE CORNER CAFE,COFFEE HOUSE,STARBUCKS,SOCIAL CORNER,d
train_0554.jpg,train/train_0554.jpg,이 가게에서 '손+발' 관리 비용은 얼마인가요?,"35,000","25,000","45,000","50,000",d
train_0555.jpg,train/train_0555.jpg,이 가게의 와이파이 비밀번호는 무엇인가요?,0hgbaxf280,0hgbaxf,KT_GIGA_280,KT_GIGA_FB66,a
train_0556.jpg,train/train_0556.jpg,이 주차장 기둥에 적힌 제한 속도는 얼마인가요?,30km 이하,5km 이하,20km 이하,10km 이하,d
train_0557.jpg,train/train_0557.jpg,사진 속 신호등 아래에 적혀 있는 파출소 이름은 무엇인가요?,서신신호시 좌회전 가능,남항파출소,중앙파출소,신항만파출소,d
train_0558.jpg,train/train_0558.jpg,이 안내문에 따르면 남자화장실 위치는 어디인가요?,2층 홀 안쪽,3층 홀 안쪽,"2, 3층 계단",1층 입구,c
train_0559.jpg,train/train_0559.jpg,다음 중 사진 속 건물에 적힌 간판 문구가 아닌 것은 무엇인가요?,LX Z:IN 인테리어,노래연습장,한식당 백반천국,커피 & 수제차,c
train_0560.jpg,train/train_0560.jpg,이 이미지에서 원형 그래프에 포함된 내용 중 하나가 아닌 것은 무엇인가요?,#디카페인,#아몬드,#월넛,#카카오,b
train_0561.jpg,train/train_0561.jpg,이 표지판에서 '도곡동' 방향을 가리키는 화살표는 어느 쪽을 가리키고 있나요?,위쪽,오른쪽,아래쪽,왼쪽,b
train_0562.jpg,train/train_0562.jpg,컵라면 용기 겉면에 표시된 칼로리(kcal)는 얼마인가요?,100kcal,125kcal,150kcal,200kcal,b
train_0563.jpg,train/train_0563.jpg,사진 속 역 이름 'すすきの'의 한글 표기는 무엇인가요?,삿포로,스스키노,오오도리,나카지마코엔,b
train_0564.jpg,train/train_0564.jpg,이 사진 속 식당 이름은 무엇인가요?,한우명가,소갈비집,육봉달,맛있는 고기집,c
train_0568.jpg,train/train_0568.jpg,이 사진에 보이는 디저트 포장지에 적힌 브랜드 이름은 무엇인가요?,행복한 간식,프리미엄 케이크,달콤한 디저트,팔레트 디저트,d
train_0569.jpg,train/train_0569.jpg,이 건물에 있는 은행의 이름은 무엇인가요?,신한은행,우리은행,하나은행,국민은행,c
train_0570.jpg,train/train_0570.jpg,책장의 책 중 'SQL 2008' 교재의 저자는 누구인가요?,김형욱,박상길,정재화,이재홍,a
train_0571.jpg,train/train_0571.jpg,이 이미지에서 가장 크게 보이는 간판에 적힌 문구는 무엇인가요?,RAMEN-YA,NEON RIDER,TECHNO-MART,FUTURE CITY,d
train_0572.jpg,train/train_0572.jpg,이 이미지에 적힌 '더벤티' 아메리카노 쿠폰을 받기 위해 해야 할 일은 무엇인가요?,더벤티 매장에서 직접 쿠폰 요청하기,더벤티 멤버십 APP 회원가입 후 쿠폰 다운로드,더벤티 매장 방문 시 신분증 제시,더벤티 홈페이지에서 쿠폰 코드 입력,b
train_0574.jpg,train/train_0574.jpg,감나무식당의 영업 마감 시간은 언제인가요?,오후 6시,오후 3시,오후 5시,오후 7시,b
train_0575.jpg,train/train_0575.jpg,이 건축공사의 위치는 어디인가요?,서울시 마포구 월드컵로 50,서울시 강남구 테헤란로 202,서울시 강동구 천호대로 100,서울시 서초구 반포대로 120,b
train_0576.jpg,train/train_0576.jpg,사진에 보이는 포켓몬 카드 게임 '나이츠 원더러'의 가격은 얼마인가요?,"30,000 원","20,000 원","18,000 원","25,200 원",a
train_0577.jpg,train/train_0577.jpg,사진에 보이는 건물 중 치과가 위치한 곳은 어디인가요?,제클린 헤어클리닉,인동 한의원,김영재 치과,메이비 항공,c
train_0578.jpg,train/train_0578.jpg,이미지에 보이는 팻말 중 '내 생애 최고의 선택은' 다음에 이어지는 문구는 무엇인가요?,SSAFY,ISSAFY,SSAFYing,지금부터 SSAFYing,a
train_0579.jpg,train/train_0579.jpg,이미지에 안내된 공공와이파이 비밀번호는 무엇인가요?,password,public,wifi,secure,c
train_0580.jpg,train/train_0580.jpg,사진 속 책 코너 'A8'의 주제는 무엇인가요?,토익,공무원 시험,한국사,토플,a
train_0581.jpg,train/train_0581.jpg,이 표지판에 적힌 '대피소'는 무엇을 뜻하나요?,대피소는 비상시 대피할 수 있는 장소입니다.,대피소는 음식 판매점을 의미합니다.,대피소는 화장실 위치를 알려줍니다.,대피소는 주차장을 안내합니다.,a
train_0582.jpg,train/train_0582.jpg,간판에 적힌 고향 손 칼국수의 특징이 아닌 것은?,모든 재료를 수입산으로 사용한다,자가제면을 직접 한다,직접 담근 김치를 사용한다,국수 한 그릇에 정성을 담는다,a
train_0583.jpg,train/train_0583.jpg,이미지 속 AED 자동 심장 충격기 상자에 적힌 경고 문구는 무엇인가요?,사용 후 반드시 경고음을 꺼주세요.,AED는 전문가만 사용할 수 있습니다.,문을 열면 경고음이 울립니다.,AED 사용 시 주변 사람은 멀리 떨어지세요.,c
train_0584.jpg,train/train_0584.jpg,이미지에 나온 DOPE RECORDS의 휴무일은 언제인가요?,매주 화요일 휴무,매주 수요일 휴무,매주 월요일 휴무,매주 금요일 휴무,a
train_0585.jpg,train/train_0585.jpg,이 3D 프린터의 모델명은 무엇인가요?,Ender-5,Ender-3,Creality 3D,Ender-2,b
train_0586.jpg,train/train_0586.jpg,가게 간판에 적힌 상호명은 무엇인가요?,다시다 대흥상회 다시다,장죽 문어구이 식혜 구매,일반 식혜 단호박 식혜,미니멜츠 구슬아이스크림,a
train_0587.jpg,train/train_0587.jpg,이 지하철역 이름은 무엇인가요?,광화문역,강남역,시청역,서울역,a
train_0588.jpg,train/train_0588.jpg,이 건물 임대 안내판에 적힌 임대 가능 전용 면적은 얼마인가요?,전용 48PY,전용 25PY,전용 60PY,전용 35PY,a
train_0589.jpg,train/train_0589.jpg,"이 편의점 입구에 붙어 있는 안내문에 따르면, 이 편의점은 몇 주년을 맞이했나요?",10주년,37주년,25주년,40주년,b
train_0590.jpg,train/train_0590.jpg,승강기 내에서 문에 기대거나 강제로 열려고 하면 어떻게 되나요?,고장의 원인이 된다,경고 방송이 나온다,승강기가 빨리 움직인다,비상벨이 울린다,a
train_0591.jpg,train/train_0591.jpg,이 건물 입구에 붙어 있는 나무 간판에 적힌 단어는 무엇인가요?,소리마음한사람들,전주대학교,풍물굿패,땅울림,d
train_0592.jpg,train/train_0592.jpg,이 사진에서 'OLENS'와 협업한 브랜드 이름은 무엇인가요?,NEWJEANS,OLENS,EYE STYLING,KOREA COLORCON,a
train_0593.jpg,train/train_0593.jpg,사진 속 건물 외벽에 붙어 있는 파란색 안내문에 적힌 임대문의 전화번호는 무엇인가요?,02-3456-7890,010-1234-5678,031-9876-5432,010-5358-0747,d
train_0594.jpg,train/train_0594.jpg,이 항공권의 출발지와 도착지는 어디인가요?,"출발지: 서울, 도착지: 부산","출발지: 다낭, 도착지: 부산","출발지: 다낭, 도착지: 서울","출발지: 부산, 도착지: 다낭",b
train_0595.jpg,train/train_0595.jpg,이 식당에서 판매하는 메뉴가 아닌 것은 무엇인가요?,뱅덩이 회무침,부추전,불고기,산채비빔밥,c
train_0596.jpg,train/train_0596.jpg,이 식당의 전화번호는 무엇인가요?,738-2181,010-738-1218,123-4567,738-1218,d
train_0597.jpg,train/train_0597.jpg,사진 속 선반에 진열된 건강기능식품 브랜드는 무엇인가요?,비타민랜드,건강나라,종근당건강,헬스플러스,c
train_0598.jpg,train/train_0598.jpg,이 표지판에 적힌 '이계북로'의 도로 번호는 무엇인가요?,67,45,23,89,a
train_0599.jpg,train/train_0599.jpg,포스터에 소개된 라면 시리즈의 이름은 무엇인가요?,맛있는 라면 시리즈,즉석 라면 시리즈,땡식가 시리즈,GS25 라면 시리즈,c
train_0600.jpg,train/train_0600.jpg,홈런볼 스노우소프트콘 맛의 가격은 얼마인가요?,"5,580원","4,280원","3,980원","3,580원",a
train_0601.jpg,train/train_0601.jpg,사진 속 가게 '행복한식당'의 신속배달 전화번호 중 올바른 번호는 무엇인가요?,865-3068,865-3008,865-3006,865-3006 · 865-3008,d
train_0602.jpg,train/train_0602.jpg,이 제품의 가격은 얼마인가요?,"\2,500","\2,000","\1,500","\1,000",c
train_0603.jpg,train/train_0603.jpg,사진 속 '정보처리기사 실기' 책 표지에 나온 문구 중 맞는 것은 무엇인가요?,무료 동영상 강의가 포함되어 있습니다.,NCS 반영은 되어 있지 않습니다.,책 제목은'정보처리기사 이론'입니다.,기출문제집은 2024년 출간입니다.,a
train_0604.jpg,train/train_0604.jpg,이 제품 'PartySmart'의 주된 효과는 무엇인가요?,면역 강화,피로 회복,숙취 해소,에너지 보충,c
train_0605.jpg,train/train_0605.jpg,사진 속 안전 펜스에 적힌 회사 이름은 무엇인가요?,대한전기공사,삼성중공업,현승엘리베이터,서울건설,c
train_0606.jpg,train/train_0606.jpg,이 건물 3층에 위치한 업체의 이름은 무엇인가요?,노래방 하트노래연습장,법무사 김송미,리얼펍 살얼음맥주,마사지,b
train_0610.jpg,train/train_0610.jpg,이 사진에 보이는 골프 가방에 적힌 브랜드 이름은 무엇인가요?,TAYLORMADE,ADIDAS,PUMA,NIKE,a
train_0612.jpg,train/train_0612.jpg,이 과일의 이름은 무엇인가요?,달콤한 복숭아,신선한 배,달콤한 감귤,상큼한 사과,a
train_0613.jpg,train/train_0613.jpg,사진 속에 보이는 라면 브랜드는 무엇인가요?,진라면,신라면,불닭볶음면,안성탕면,b
train_0615.jpg,train/train_0615.jpg,사진 속 투표 완료 도장을 찍은 캐릭터는 무엇인가요?,새와 다람쥐,고양이와 강아지,토끼와 곰,펭귄과 여우,b
train_0617.jpg,train/train_0617.jpg,이 사진 속 표지판에 적힌 문구 중 '주정차금지' 표지판 아래에 있는 안내 문구는 무엇인가요?,봉은사로,절대금지,견인지역,차량후미매달림,c
train_0619.jpg,train/train_0619.jpg,이 책의 제목은 무엇인가요?,머리를 잘 감아요,"머리 좀 감으렴, 라푼젤",머리 긴 소녀,라푼젤과 왕자,b
train_0620.jpg,train/train_0620.jpg,사진 속 버스에 적힌 노선 번호는 무엇인가요?,1500,1000,2000,2500,c
train_0621.jpg,train/train_0621.jpg,이 이미지에 나온 캐릭터들이 표현한 음식 중에서 '중토로'라고 적힌 것은 무엇인가요?,이쿠라,이타리,시서,중토로,d
train_0622.jpg,train/train_0622.jpg,이미지에 나온 '그루밍 하우스'는 어떤 전문 서비스를 제공하는 곳인가요?,컴퓨터 수리 전문점,반려견 미용 & 파복케어 전문,사진 촬영 전문 스튜디오,한식 국수 전문점,b
train_0623.jpg,train/train_0623.jpg,이 독서실의 와이파이 비밀번호는 무엇인가요?,maleroom0829,studytime2023,readingroom5678,saesaem1234,a
train_0624.jpg,train/train_0624.jpg,포장지에 적힌 '깨끗한 나라' 휴지 제품의 종류는 무엇인가요?,그린 티 센서티브,순수 무향 프리미엄,내추럴 코튼 클래식,허브가든 아이리스 프리미엄,d
train_0625.jpg,train/train_0625.jpg,이 열차는 몇 시 몇 분에 출발하는 서울 행 KTX인가요?,오전 9시 05분,오후 3시 20분,오후 5시 15분,오전 8시 30분,a
train_0627.jpg,train/train_0627.jpg,사진에 보이는 'JELLO MAX' 제품의 용량은 얼마인가요?,0.3Ω 5mL,1.2Ω 2mL,0.6Ω 4mL,1.0Ω 3mL,c
train_0628.jpg,train/train_0628.jpg,이 가게의 이름은 무엇인가요?,중앙공원 본점,청주의 명물 쫄쫄호떡,VJ 특공대 / 서울촌놈 / 나혼자산다,즉석떡볶이 김밥,b
train_0629.jpg,train/train_0629.jpg,다음 중 다이소 벽면에 적힌 문구에 포함된 내용으로 맞는 것은 무엇인가요?,"다이소는 5,000원 이상 구매시 할인해줍니다","1,000원이 소중하게 대접 받는 국민가게, 다이소",다이소는 큰 가게로 유명합니다,다이소는 전자제품 전문 매장입니다,b
train_0630.jpg,train/train_0630.jpg,사진 속 케이크의 이름은 무엇인가요?,딸기 쇼트 케이크,망고 코코 쿠헨,생크림 케이크,초코 무스 케이크,b
train_0631.jpg,train/train_0631.jpg,이 가게의 이름은 무엇인가요?,청과체,여수동 원조,진도상회,살구,c
train_0634.jpg,train/train_0634.jpg,이 장소의 Wi-Fi 비밀번호는 무엇인가요?,c0428236699,Wi-Fi 비밀번호,I D,CongAL_KT_5G,a
train_0636.jpg,train/train_0636.jpg,이 가게의 간판에 적힌 메뉴가 아닌 것은 무엇인가요?,철판주꾸미,두루치기,감자찌개,김밥,d
train_0638.jpg,train/train_0638.jpg,이 가격표에 적힌 초콜릿의 총 중량은 얼마인가요?,416원,64g,384g,384g / 64g X 6,d
train_0639.jpg,train/train_0639.jpg,사진 속 건물 유리문에 붙어 있는 '임대' 광고에 적힌 연락처 중 하나는 무엇인가요?,010-9876-5432,010-2517-5002,010-1234-5678,010-5555-5555,a
train_0642.jpg,train/train_0642.jpg,사진 속 담배갑에 적힌 경고 문구는 무엇인가요?,"심장병 위험, 최대 3배!","뇌졸중 위험, 최대 4배!","중독 위험, 최대 2배!","폐암 위험, 최대 5배!",b
train_0643.jpg,train/train_0643.jpg,사진 속 전광판에 표시된 숫자는 무엇인가요?,150W,200W,300W,250W,b
train_0644.jpg,train/train_0644.jpg,이 문구는 무엇을 요청하고 있나요?,불을 꺼주세요,문을 닫아주세요,음식을 가져오세요,문을 열어주세요,b
train_0645.jpg,train/train_0645.jpg,이 가게 간판에 적힌 전화번호는 무엇인가요?,010-1234-5678,031-366-0041,031-123-4567,080-777-0562,b
train_0647.jpg,train/train_0647.jpg,사진에 보이는 건물 이름은 무엇인가요?,한국은행,아가방 앤 컴퍼니,국제금융센터,서울시청,b
train_0648.jpg,train/train_0648.jpg,사진 속 제품의 주요 기능으로 올바른 것은 무엇인가요?,자외선 차단,보습 기능,탈취 효과,항균 효과,a
train_0649.jpg,train/train_0649.jpg,서판교2호점 주차장의 기본 요금은 얼마인가요?,"\ 2,000 / 15분당","\ 5,000 / 30분당","\ 10,000 / 1시간당","\ 3,000 / 20분당",d
train_0650.jpg,train/train_0650.jpg,빙그레 더단백 다크초코 250ml*18입의 가격은 얼마인가요?,"19,500","24,980","22,500","30,000",b
train_0651.jpg,train/train_0651.jpg,이 책의 제목에 포함된 내용 중 올바른 것은 무엇인가요?,혼자 공부하는 컴퓨터구조 + 네트워크,혼자 공부하는 컴퓨터구조 + 운영체제,혼자 공부하는 데이터베이스 + 운영체제,함께 공부하는 컴퓨터구조 + 운영체제,b
train_0654.jpg,train/train_0654.jpg,메뉴판에 적힌 디저트 '카놀리'에 대한 설명으로 옳은 것은 무엇인가요?,바삭한 튜브형 반죽 속에 달콤한 리코타 치즈 크림을 채운 이탈리아 시칠리아 지역의 전통 디저트,쫀득한 떡과 달콤한 팥소가 들어간 전통 한국 디저트,부드러운 케이크 위에 신선한 과일을 올린 프랑스식 디저트,진한 초콜릿 무스와 견과류가 어우러진 미국식 디저트,a
train_0655.jpg,train/train_0655.jpg,이 건물에 있는 음식점의 이름은 무엇인가요?,전주 현대옥,족발,일산마두역점,전주 콩나물국밥,a
train_0656.jpg,train/train_0656.jpg,사진 속에 있는 노래연습장의 이름은 무엇인가요?,왕왕,뉴스타 정형외과,목포왕과배기,궁전 노래연습장,d
train_0657.jpg,train/train_0657.jpg,GS25에서 하겐다즈 전상품을 2개 이상 구매하면 받을 수 있는 최대 할인율은 얼마인가요?,60% 할인,30% 할인,40% 할인,50% 할인,d
train_0658.jpg,train/train_0658.jpg,이 엘리베이터 문에 붙어 있는 경고 문구 중 오른쪽 표지판에 적힌 내용은 무엇인가요?,비상시만 사용하세요,손 대지 마시오,기대면 주락 위험,문 사이에 끼이지 마시오,c
train_0659.jpg,train/train_0659.jpg,이 공연 안내문에 따르면 KESHI의 내한공연이 열리는 장소는 어디인가요?,COEX HALL,JAMSIL STADIUM,OLYMPIC HALL,SEOUL ARENA,c
train_0660.jpg,train/train_0660.jpg,BEXCO에 걸린 배너 중 'G-STAR 2025' 행사는 언제 개최되나요?,12월 1일부터 12월 10일까지,1월 28일부터 2월 5일까지,2025년 11월 19일 00시,11월 3일부터 11월 16일까지,d
train_0663.jpg,train/train_0663.jpg,이 식당 '골뱅이본부'는 어떤 종류의 요리를 전문으로 하나요?,제주도 해산물 전문점,서울식 불고기 전문점,전라도 전통 한식 전문점,동해안 생물 골뱅이요리 전문점,d
train_0664.jpg,train/train_0664.jpg,이 고로케 메뉴판에서 가장 비싼 고로케는 무엇인가요?,"참치 고로케 2,500원","부추 고로케 2,300원","새우 물 낙지 3,000원","카레 고로케 2,800원",c
train_0666.jpg,train/train_0666.jpg,이 책의 제목은 무엇인가요?,나를 따라온 감자,나를 따라온 배,나를 따라온 사과,나를 따라온 고구마,a
train_0667.jpg,train/train_0667.jpg,이 간판에 적힌 식당의 이름은 무엇인가요?,H?i S?n Ngoc Huong,Ngoc Huong seafood restaurant,모두 정답이다,응억흐엉해산물식당,d
train_0668.jpg,train/train_0668.jpg,사진 속 '전통전집' 메뉴판에 적힌 '소백청국장'의 가격은 얼마인가요?,"12,000원","15,000원","13,000원","10,000원",d
train_0669.jpg,train/train_0669.jpg,컵 홀더에 적힌 커피 브랜드 이름은 무엇인가요?,MEGA COFFEE STATION,MGC COFFEE,MEGA MGC COFFEE,MEGA COFFEE,c
train_0670.jpg,train/train_0670.jpg,08:55에 출발하는 포항경주행 항공편 중 아시아나항공(ASIANA AIRLINES) 항공편의 비행기 번호는 무엇인가요?,KE5123,KE1045,OZ8927,LJ659,a
train_0671.jpg,train/train_0671.jpg,이 사진 속 가게 간판에 적힌 치킨집 이름은 무엇인가요?,성일민박,맛있는 치킨,멋시킨 치킨,어울림,c
train_0672.jpg,train/train_0672.jpg,이 식당의 간판에 적힌 이름은 무엇인가요?,메밀장터,판소바,순메밀막국수,막국수전문,a
train_0673.jpg,train/train_0673.jpg,사진에 보이는 네 가지 아이스크림 중에서 '쿠앤크 샌드'라는 문구가 적힌 아이스크림은 무엇인가요?,빵또아 부드러운,앙갱바,다지트,빵또아 딸기,c
train_0674.jpg,train/train_0674.jpg,이 문구에 따르면 'SSAFYnity'는 무엇과 관련된 모임 또는 공간인가요?,SSAFY 동문회 및 커뮤니티,SSAFY 도서관,SSAFY 취업 지원 센터,SSAFY 교육 프로그램,a
train_0675.jpg,train/train_0675.jpg,사진 속 간판에 적혀 있는 프레모르 가격은 얼마인가요?,100엔,180엔,200엔,150엔,b
train_0676.jpg,train/train_0676.jpg,이 화면에서 확인할 수 있는 테이블 번호는 무엇인가요?,3,4,2,1,a
train_0677.jpg,train/train_0677.jpg,이 행사 안내판에 적힌 기념식 주제는 무엇인가요?,건강 증진의 날 기념식,노인학대 예방의 날 기념식,환경 보호의 날 기념식,아동학대 예방의 날 기념식,b
train_0678.jpg,train/train_0678.jpg,이미지에 나타난 'May 28th' 날짜에 몇 번의 기여가 있었나요?,10 contributions,12 contributions,5 contributions,7 contributions,d
train_0679.jpg,train/train_0679.jpg,이 사진 속 파우치에 적힌 브랜드 이름은 무엇인가요?,After Dawn,Sunset Time,Before Night,Morning Glow,a
train_0680.jpg,train/train_0680.jpg,이 사진에 보이는 박스들 중에서 '육개장 사발면'과 관련된 브랜드는 무엇인가요?,오뚜기,팔도,삼양,농심,d
train_0681.jpg,train/train_0681.jpg,이 PC방에서 사용 중인 그래픽카드는 무엇인가요?,MSI RTX 4070ti,AMD RX 6600,NVIDIA GTX 1060,Intel UHD Graphics 630,a
train_0682.jpg,train/train_0682.jpg,이 건물 2층에 있는 업체 이름은 무엇인가요?,청용 지점,신용카드 사은행 이벤트,에핏 스피닝 그룹 PT,MG 천안새마을금고,c
train_0683.jpg,train/train_0683.jpg,'URBAN ALLEY CAF?'의 영업시간은 언제인가요?,오후 8시부터 라이브 음악 공연,매주 화요일 오후 7시부터,10월 26일부터 27일까지 오전 10시부터 오후 4시까지,매일 오전 9시부터 오후 6시까지,d
train_0684.jpg,train/train_0684.jpg,사진 속 축구 유니폼 중 8번 번호의 선수 이름은 무엇인가요?,ODEGAARD,THOMAS,SAKA,XHAKA,a
train_0685.jpg,train/train_0685.jpg,사진 속 상점 간판 중 'SPECIALTY COFFEE'라는 문구가 적힌 곳은 어디인가요?,%,MAMMOTH COFFEE EXPRESS,Chillax,커피공방,a
train_0686.jpg,train/train_0686.jpg,이 담배갑에 적혀 있는 경고 문구는 무엇인가요?,심장병으로 가는 길,폐암으로 가는 길,뇌졸중으로 가는 길,만성폐쇄성폐질환 위험,c
train_0687.jpg,train/train_0687.jpg,이 건물의 옥상에 적혀 있는 간판 문구는 무엇인가요?,다구탕,신통낙지,신통낙지복집,예약,b
train_0688.jpg,train/train_0688.jpg,이 건물의 주택재개발정비사업조합이 위치한 층은 어디인가요?,4층,2층,1층,3층,d
train_0689.jpg,train/train_0689.jpg,이 건물의 간판에 적힌 이름은 무엇인가요?,신천파출소 경찰서,신천파출소 자율방범대,신천파출소 특별방범대,신천파출소 자율방범대 본부,b
train_0690.jpg,train/train_0690.jpg,사진 속 매장 안내판에서 'Dermo Care' 표시는 어느 쪽을 가리키고 있나요?,아래쪽,오른쪽,왼쪽,위쪽,c
train_0692.jpg,train/train_0692.jpg,이 공항 안내판에 따르면 Terminal 2에서 이용할 수 있는 항공사는 무엇인가요?,"Aer Lingus, Alaska, American, Delta, Hawaiian, JetBlue, Sun Country and WestJet","Air Canada, Breeze and Southwest",United (Domestic),All International Airlines,b
train_0693.jpg,train/train_0693.jpg,이 음식점에서 삼겹살의 원산지는 어디인가요?,호주산,베트남/중국산,미국산,칠레산,d
train_0694.jpg,train/train_0694.jpg,이 카페 메뉴판에서 '골라떼'의 가격은 얼마인가요?,6.5,5.0 / 5.5,0.5,1.5,b
train_0695.jpg,train/train_0695.jpg,평택터미널에서 서울남부(서초) 방향 첫 차 출발 시간은 언제인가요?,6:40,6:20,7:00,7:20,b
train_0696.jpg,train/train_0696.jpg,위 이미지에 보이는 책 제목 중 '대학물리학' 책의 저자는 누구입니까?,Randall D. Knight,김상욱,김선태,윤영관,a
train_0697.jpg,train/train_0697.jpg,이 건물에 입주해 있는 가게 이름으로 옳은 것은 무엇인가요?,LOTTE CINEMA,PARIS BAGUETTE,A TWOSOME PLACE,STARBUCKS,c
train_0698.jpg,train/train_0698.jpg,이 사진에 보이는 'shama' 간판 아래에 적혀 있는 문구는 무엇인가요?,serviced apartments,restaurant and bar,fitness center,coffee and bakery,a
train_0699.jpg,train/train_0699.jpg,이 사진에 보이는 간판들 중 파란색 바탕에 흰 글씨로 적힌 부동산 이름은 무엇인가요?,미 부동산,흥 부동산,성 부동산,부동산 컨설팅,b
train_0700.jpg,train/train_0700.jpg,'주술회전' 설명 중 올바른 내용은 무엇인가요?,2020년 10월부터 2021년 3월까지 TV애니메이션 제1기가 방송되었다,2025년에 원작 만화가 완결되었다,2023년 1월에 애니메이션 제2기가 방영되었다,2024년 9월에 연재가 시작되었다,a
train_0701.jpg,train/train_0701.jpg,이미지 속 식품 포장지에서 'TROPICAL FRUIT & NUT MIX'는 어떤 종류의 제품을 의미하나요?,초콜릿 바,탄산음료,과일과 견과류가 섞인 간식,커피 원두,c
train_0702.jpg,train/train_0702.jpg,이 건물에 적혀 있는 간판 중에서 전문점이라고 표시된 음식은 무엇인가요?,왕갈비탕 산채비빔밥,대한민국 한식대가 공인,충남향토음식 경연대회 은상,도 가 니 탕 소 갈 비,a
train_0704.jpg,train/train_0704.jpg,이 이미지에서 '모츠나베'를 조리할 때 야채가 익으면 다음에 해야 할 조치는 무엇인가요?,센 불로 조금만 기다려!,야채가 익으면 바로 불을 끈다,야채가 숨이 죽으면 중불로!,야채가 익으면 강불로!,c
train_0707.jpg,train/train_0707.jpg,이 공연은 언제 어디에서 열리나요?,"2026년 5월 9일 토요일 오후 7시 30분, 롯데콘서트홀","2026년 5월 9일 금요일 오후 8시, 롯데콘서트홀","2026년 6월 9일 토요일 오후 7시 30분, 세종문화회관","2026년 4월 9일 토요일 오후 7시 30분, 예술의전당",a
train_0708.jpg,train/train_0708.jpg,화재 발생 시 '방수용 기구함'에 적힌 소화전 사용 방법 중 2단계는 무엇인가요?,호스 빼내기,밸브 닫기,불 끄기,밸브 열기,d
train_0710.jpg,train/train_0710.jpg,이 사진에서 보이는 교통 표지판에 적힌 제한 속도는 얼마인가요?,20,30,10,40,c
train_0711.jpg,train/train_0711.jpg,이 가게 갑진집에서 전문으로 판매하는 음식은 무엇인가요?,"피자, 파스타 전문점","김밥, 떡볶이 전문점","삼겹살, 된장찌개 전문점","통오징어볶음, 소지 전문점",d
train_0712.jpg,train/train_0712.jpg,이미지 속 음료 컵에 적힌 문구는 무엇인가요?,여름 한정 디저트 초당옥수수,1945 크림치즈번,I AM VERY BUSY. 2025,내 취향에 맞는 커피 투썸 하우스 블렌드,d
train_0713.jpg,train/train_0713.jpg,사진 속 금연거리 안내문에 표시된 금연구역 지정일은 언제인가요?,2020. 1. 1,2019. 8. 1,2021. 5. 3,2018. 7. 15,b
train_0714.jpg,train/train_0714.jpg,이미지에 보이는 빙고 카드에서 'B' 열에 있는 숫자 중 빨간색으로 표시된 숫자는 무엇인가요?,"1, 7, 12, 9, 2, 3, 8, 14, 11, 13, 5","1, 7, 12, 9, 2, 4, 3, 8, 14, 11, 13","1, 7, 12, 9, 2, 3, 8, 14, 11","1, 7, 12, 9, 2, 3, 8, 14, 11, 13",d
train_0715.jpg,train/train_0715.jpg,이 건물 1층에 위치한 식당에서 판매하는 주된 메뉴는 무엇인가요?,김치찌개,순두부찌개,된장찌개,부대찌개,d
train_0716.jpg,train/train_0716.jpg,이 음료수 코너에서 'R-1' 제품의 가격은 얼마인가요?,150엔,144엔,135엔,130엔,b
train_0718.jpg,train/train_0718.jpg,이 표지판에 적힌 한글 상호명은 무엇인가요?,구름 위의 땅,대기리,환영합니다,안반데기,d
train_0720.jpg,train/train_0720.jpg,제주동문공설시장 1층 푸드 코트에서 2층은 무엇으로 사용되고 있나요?,청년몰,푸드코트,"주차장, 상인회사무실",주차장만,c
train_0721.jpg,train/train_0721.jpg,사진 속 붉은색 포장지에 적힌 문구 중 올바른 것은 무엇인가요?,바로 먹는 약,바로 묶는 약,바로 묻는 약,바로 뭉치는 약,a
train_0722.jpg,train/train_0722.jpg,화면에 표시된 Unity AI 시스템에서 'Unity AI Generators'에 포함된 항목이 아닌 것은 무엇인가요?,3D Model,Animation,Material,Unity AI Assistant (Gateway),d
train_0723.jpg,train/train_0723.jpg,이 사진 속 현수막에 적혀 있는 장소 이름은 무엇인가요?,Chinatown,Golden Gate Bridge,Fisherman's Wharf,Alcatraz Island,c
train_0724.jpg,train/train_0724.jpg,비상용품 보관함 위에 놓여 있는 간식 이름은 무엇인가요?,Pocky,KitKat,OREO,HARIBO Goldb?ren,d
train_0725.jpg,train/train_0725.jpg,사진에 보이는 상자에 적힌 브랜드명이 아닌 것은 무엇인가요?,KOLON MALL,KREAM,FULFILLING,AROMATICA,c
train_0726.jpg,train/train_0726.jpg,이 이미지에 적혀 있는 박물관 이름은 무엇인가요?,Jeju Coffee Museum,London Bagel Museum Jeju,Jeju Bagel Museum,London Coffee Museum,b
train_0727.jpg,train/train_0727.jpg,이 매장의 와이파이 비밀번호는 무엇인가요?,laundry123,dunsan123,laundry express,expresslaundry,a
train_0728.jpg,train/train_0728.jpg,메이타왕 에그타르트 가게에서 사용한 재료 중 한 가지로 적절하지 않은 것은 무엇인가요?,설탕,천연 발효종,100% 천연버터,천연 재료,b
train_0729.jpg,train/train_0729.jpg,3층 11시 30분에 예약된 Room 6의 예약자는 누구인가요?,최재정 님과 손다원 님,김정현 님과 강희진 님,김민수 님과 이경인 님,박건태 님과 배홍인 님,a
train_0730.jpg,train/train_0730.jpg,이 상자에 담긴 상품은 무엇인가요?,혼합채소,상추 한 봉지,모듬쌈,시금치,c
train_0731.jpg,train/train_0731.jpg,이 표지판에 적힌 도로명은 무엇인가요?,강남대로,서초중앙로,인동가산로,대학로,c
train_0732.jpg,train/train_0732.jpg,이 표지판에 안내된 교회 이름이 아닌 것은 무엇인가요?,푸른하늘교회,구미동부교회,생명샘교회,행복한교회,a
train_0733.jpg,train/train_0733.jpg,사진 속 한글 문구 중 '내가 원하는 모든 고기가 있는 곳'이라는 문구는 어떤 종류의 가게를 나타내고 있나요?,카페,서점,고기 판매점,전자제품 매장,c
train_0735.jpg,train/train_0735.jpg,이미지에 나온 3번 항목에서 '듣든한 조력자들과 적극적으로 소통한다'에 해당하는 예시는 무엇인가요?,취업 관련 서류를 혼자서 준비한다.,모르거나 이해가 안가는 부분은 주저하지 않고 질문한다.,사전 과제는 반드시 제출하고 취업특강에 적극 참여한다.,학사시간에 최대한 집중하고 잊어버리기 전에 복습한다.,b
train_0736.jpg,train/train_0736.jpg,이 식당에서 하루에 판매하는 수제돈까스의 개수는 얼마인가요?,하루 100개만 판매합니다,하루 50개만 판매합니다,하루 30개만 판매합니다,하루 70개만 판매합니다,b
train_0737.jpg,train/train_0737.jpg,이 표지판에 적힌 '탄력적주차허용 구간'의 허용 시간은 언제부터 언제까지인가요?,10:00~17:00,08:00~19:00,07:00~20:00,09:00~18:00,b
train_0738.jpg,train/train_0738.jpg,쓰레기를 배출할 때 위반 시 부과되는 과태료는 얼마인가요?,100만원 이하,200만원 이하,50만원 이하,10만원 이하,a
train_0739.jpg,train/train_0739.jpg,이 노트 표지에 적힌 문구 중 올바른 것은 무엇인가요?,SSAFY 생활을 기억하는 하루,SSAFY 공부를 기록하는 하루,SSAFY 생활을 기록하는 하루,SSAFY 여행을 기록하는 하루,c
train_0740.jpg,train/train_0740.jpg,이 보쌈세트에 포함되지 않은 메뉴는 무엇인가요?,가브리보쌈,오징어숙회,감자탕,칼국수,c
train_0741.jpg,train/train_0741.jpg,이 표지판에 적힌 도로명은 무엇인가요?,49번길장덕로,장덕로49번길,장덕로2번길,장덕로14번길,b
train_0742.jpg,train/train_0742.jpg,이미지 속 헤어케어 제품 코너에서 볼 수 있는 브랜드가 아닌 것은 무엇인가요?,Dior,TSUBAKI,moremo,L'OREAL PARIS,a
train_0743.jpg,train/train_0743.jpg,하얀 자판기에서 음료수 한 병의 가격은 얼마인가요?,100엔,120엔,150엔,200엔,a
train_0745.jpg,train/train_0745.jpg,이 건물에 있는 '골프존파크' 연락처는 무엇인가요?,329-9009,322-8256,339-3690,055-909-5559,a
train_0746.jpg,train/train_0746.jpg,"이미지 속 책 『페스트 2』에 따르면, 이 책은 어떤 상을 수상했나요?",2005년 한겨레문학상 수상작,1990년 퓰리처상 수상작,1957년 노벨문학상 수상작,2020년 맨부커상 수상작,c
train_0747.jpg,train/train_0747.jpg,쌍동이빌딩에서 5층에 위치한 곳은 어디인가요?,오브제 헤어샵,피부과,민플러스 치과,제일안과,c
train_0748.jpg,train/train_0748.jpg,코로나 확산방지를 위해 승강기 이용 시 지켜야 할 내용으로 맞는 것은 무엇인가요?,승강기 내 음식 섭취 가능,승강기 내 마스크 착용 및 개인방역 준수,승강기 탑승 인원은 10명 이하,승강기 이용 시 손 소독 의무,b
train_0749.jpg,train/train_0749.jpg,이 사진에 있는 노란색 표지판에 적힌 내용은 무엇인가요?,화재 발생 시 대피 안내,주차금지 구역,경비원 상주,다목적용 CCTV 녹화중,d
train_0750.jpg,train/train_0750.jpg,이 건물에 입주한 학원의 이름은 무엇인가요?,논현영수학원,서울영수학원,청담영수학원,바른영수학원,d
train_0752.jpg,train/train_0752.jpg,"이 게시판에 적힌 내용 중 '불법사금융, 불법추심'에 대해 피해를 입었을 때 도움을 받을 수 있는 기관은 무엇인가요?",경찰청,국세청,법원,금융감독원,d
train_0753.jpg,train/train_0753.jpg,이 건물에 입주해 있는 의료기관 이름은 무엇인가요?,구미의원,로하스 의원,스핀볼링 의원,블리비의원,d
train_0754.jpg,train/train_0754.jpg,이 과일 포장지에 적힌 당도는 얼마인가요?,10 BRIX,20 BRIX,5 BRIX,15 BRIX,a
train_0755.jpg,train/train_0755.jpg,이미지 속에서 판매하는 '두바이 쫀득쿠키'의 가격은 얼마인가요?,"8,900원","5,900원","6,900원","7,900원",c
train_0756.jpg,train/train_0756.jpg,이 사진에서 '입출국장' 표지판이 가리키는 방향은 어디인가요?,뒤쪽,왼쪽,오른쪽,앞쪽,b
train_0757.jpg,train/train_0757.jpg,사진 속 음식점 간판에 적힌 가게 이름은 무엇인가요?,황금 찐빵짬뽕,황금 찐빵짜장,황금 찐빵짜장면집,황금 찐빵짜장면,b
train_0759.jpg,train/train_0759.jpg,이 지하철 출입구 표지판에 적힌 역 이름은 무엇인가요?,신뢰,신림,신림동,신리,b
train_0760.jpg,train/train_0760.jpg,이 샤워커튼 제품의 가격은 얼마인가요?,"5,000원","10,000원","15,000원","3,000원",a
train_0761.jpg,train/train_0761.jpg,이 영수증에서 담당자는 누구인가요?,박영희,이쁜이,김철수,홍길동,b
train_0762.jpg,train/train_0762.jpg,이 지하철 광고판에 나오는 캐릭터 이름은 무엇인가요?,미키 마우스,헬로 키티,포켓몬,도라에몽,b
train_0763.jpg,train/train_0763.jpg,사진 속 도로 표지판에 적힌 도로 이름은 무엇인가요?,신장지구-고촌로,운남지구,하남산단,장신로,d
train_0765.jpg,train/train_0765.jpg,"노란색 공책에 적힌 내용 중, 이 공책이 몇 장의 종이로 구성되어 있는지 올바르게 적힌 것은 무엇인가요?",80 SHEETS,50 SHEETS,100 SHEETS,120 SHEETS,a
train_0766.jpg,train/train_0766.jpg,사진에 보이는 입구 아치에 적힌 문구는 무엇인가요?,WELCOME TO TAKESHITA,TAKESHITA STREET,HAPPY WINTER,SUMMER FESTIVAL,c
train_0767.jpg,train/train_0767.jpg,이미지 속 봉투에 적힌 쌀의 중량은 얼마인가요?,1kg,1.2kg,2kg,1.4kg,a
train_0768.jpg,train/train_0768.jpg,사진에 보이는 '신가-으동' 가게에서 판매하는 수제 제품은 무엇인가요?,수제 된장 판매,수제 간장 판매,수제 깐새우장 판매,수제 고추장 판매,c
train_0769.jpg,train/train_0769.jpg,사진에 보이는 간판 중 'ABC 미용실'은 몇 층에 있나요?,지하 1층,3층,2층,1층,c
train_0770.jpg,train/train_0770.jpg,이 건물에 있는 치과의 이름은 무엇인가요?,알앤 비성형외과,신동토윗,리앤웰성형외과의원,이민음 치과,d
train_0771.jpg,train/train_0771.jpg,이 건물에 위치한 병원 중 피부과 진료를 하는 곳은 어디인가요?,블리비의원,로떼 PC,SK telecom 공식 인증 대리점,포시즌성형외과의원,a
train_0773.jpg,train/train_0773.jpg,이 건물에 있는 간판 중 '마포 소금구이'라는 글자가 적힌 간판의 색상은 무엇인가요?,하얀색 바탕에 검은색 글자,파란색 바탕에 흰색 글자,빨간색 바탕에 노란색 글자,노란색 바탕에 빨간색 글자,d
train_0774.jpg,train/train_0774.jpg,이미지 속 텍스트에 따르면 SSAFY 16기 입학을 축하하는 문구 중 'SSAFY와 함께 피어나는' 뒤에 이어지는 단어는 무엇인가요?,새로운 도전,새로운 여행,새로운 여정,새로운 시작,c
train_0775.jpg,train/train_0775.jpg,이 자판기에서 판매하는 음료 중 'MITSUYA CIDER'의 가격은 얼마인가요?,140엔,160엔,130엔,150엔,a
train_0776.jpg,train/train_0776.jpg,샌드위치 포장지에 적힌 브랜드명은 무엇인가요?,베이컨,BRRR CIDER,YOUNGKCAL,ZERO SUGAR,c
train_0777.jpg,train/train_0777.jpg,이 건물 2층에 있는 가게 이름은 무엇인가요?,푸꾸미 숯불구이,강력한 리얼 칼슘,대박통 숯불구이,달표 포장마차,d
train_0778.jpg,train/train_0778.jpg,유튜브 채널 'hellossafy'의 싸피티비 영상 제목 중 올바른 것은?,AI가 코딩을 못하는데 우리가 해야 해요,AI가 코딩 다해주는데.. 우리가 코딩 왜 해요?,코딩 배우지 말고 AI만 배우세요,코딩 없이 AI로 모든 것을 해결해요,b
train_0779.jpg,train/train_0779.jpg,이 표지판에 적힌 내용은 무엇인가요?,주차금지 협조 부탁 드립니다,주차 가능 구역입니다,보행자 전용 도로,속도 제한 30km,a
train_0780.jpg,train/train_0780.jpg,모션데스크 컨트롤스위치의 할인된 가격은 얼마인가요?,"520,000","605,000",14%,"700,000",a
train_0782.jpg,train/train_0782.jpg,이 지하철역의 역 번호는 무엇인가요?,312,214,213,231,c
train_0784.jpg,train/train_0784.jpg,HOLLYS 커피 매장에서 블랙프라이데이 행사 기간은 언제인가요?,7/24~8/21 매주 금요일,8/1~8/31 매주 토요일,7/1~7/31 매주 목요일,6/1~6/30 매주 수요일,a
train_0785.jpg,train/train_0785.jpg,이미지에 보이는 'HAIR HOLIC' 간판에 적힌 전화번호는 무엇인가요?,98765432,11223344,12345678,24068668,d
train_0786.jpg,train/train_0786.jpg,사진 속 이름표에 적힌 두 사람의 이름은 무엇인가요?,"신민석, 박지훈","신민석, 소준아","소준아, 김영희","박지훈, 김영희",b
train_0790.jpg,train/train_0790.jpg,이미지 속 흰색 용기의 제품은 무엇을 위한 가루인가요?,발 냄새와 신발용 가루,머리카락 영양제,얼굴 보습제,손톱 관리용 크림,a
train_0791.jpg,train/train_0791.jpg,이 지하철역 출입구의 이름은 무엇인가요?,삼성역,선릉역,강남역,범계역,d
train_0792.jpg,train/train_0792.jpg,이 식당의 이름은 무엇인가요?,행복한식당,맛있는집,동네분식,골목집,d
train_0793.jpg,train/train_0793.jpg,'작전명 알파 클러치' 미션에서 제한 시간은 얼마인가요?,60초,90초,30초,45초,d
train_0794.jpg,train/train_0794.jpg,이 건물 벽에 적힌 글씨는 무엇인가요?,양원역 매표소,양원역 대합실,양원역 안내소,양원역 화장실,b
train_0795.jpg,train/train_0795.jpg,포스터에 소개된 음료 '초당옥수수커피'의 가격은 얼마인가요?,6.0,5.0,7.0,8.0,a
train_0796.jpg,train/train_0796.jpg,이 음식점 간판에 적힌 상호명은 무엇입니까?,맛있는 순대,천안 순대,먹거리 순대,황우 순대,c
train_0797.jpg,train/train_0797.jpg,건물 외벽에 붙어 있는 대형 포스터에 적힌 문구 중 맞는 것은 무엇인가요?,SUMMER SPA CABI,WINTER SPA CABI,WINTER SPA CABIN,SPRING SPA CABI,b
train_0798.jpg,train/train_0798.jpg,이 건물 1층에 있는 식당 이름은 무엇인가요?,강남공인 중개사무소,노래방,우리다,소풍 김밥 분식,d
train_0799.jpg,train/train_0799.jpg,이 가게의 상호명은 무엇인가요?,오늘도 초밥 FEAT. 사시미,오늘도 회 FEAT. 초밥,오늘도 사시미 FEAT. 회,오늘도 사시미 FEAT. 초밥,d
train_0800.jpg,train/train_0800.jpg,이 기둥에 붙어 있는 광고 중에서 연락처로 '010-3648-5950'이 적힌 업체는 무엇인가요?,대출,남스카이차,일호지게차,없음,c
train_0801.jpg,train/train_0801.jpg,이 도로 표지판에서 해제된 제한 속도는 얼마인가요?,80km/h,50km/h,30km/h,100km/h,c
train_0802.jpg,train/train_0802.jpg,이 사진 속 간판에 적힌 부동산 이름은 무엇인가요?,강남 부동산,서울시 부동산,한진우 부동산,명동 부동산,c
train_0804.jpg,train/train_0804.jpg,뮤지컬 '오늘의 우리' 공연이 열리는 날짜는 언제인가요?,2024년 12월 25일,2023년 5월 1일과 2일,2026년 6월 6일과 7일,2025년 1월 1일,c
train_0806.jpg,train/train_0806.jpg,이 간판에 적힌 상호명은 무엇인가요?,서울자동차,부산모터,구미모터스,대구자동차,c
train_0808.jpg,train/train_0808.jpg,이 매장 내에서 사용이 금지된 것은 무엇인가요?,유리잔,텀블러,1회용 컵(플라스틱 컵),금속컵,c
train_0809.jpg,train/train_0809.jpg,이 상자에 적힌 문구 중 쿠팡과 관련된 내용은 무엇인가요?,하이드 소년시대,SNL KOREA,1초 배송,coupang play 지금 쿠플하세요,d
train_0810.jpg,train/train_0810.jpg,SSG 랜더스의 최지훈 선수의 포지션은 무엇인가요?,포수,외야수(CF),투수,1루수,b
train_0811.jpg,train/train_0811.jpg,올바른 손씻기 방법 중 '02' 단계는 무엇인가요?,손바닥,손가락 사이,두 손 모아,손등,d
train_0812.jpg,train/train_0812.jpg,시험장 위치는 어디인가요?,지하 1층,본관 3층 강당,대강당 1층,"9층 1~2찰, 10층 6~8일",d
train_0814.jpg,train/train_0814.jpg,이미지에 적힌 비상구 무게는 얼마인가요?,20 kg,15 kg,25 kg,10 kg,b
train_0815.jpg,train/train_0815.jpg,이미지에 보이는 '오뎅 떡볶이' 가게에서 매운 떡볶이의 가격은 얼마인가요?,"3,000원","7,000원","1,000원","5,000원",d
train_0817.jpg,train/train_0817.jpg,이 버스정류장 이름은 무엇인가요?,대한사회복지회,한국복지센터센터동,강남구,역삼역 포스코타워역삼,a
train_0819.jpg,train/train_0819.jpg,이 장소는 어디인가요?,롯데월드 타워,별마당도서관,서울역,코엑스 아쿠아리움,b
train_0821.jpg,train/train_0821.jpg,이 광고문구에서 화순군을 대표하는 쇼핑몰 이름은 무엇인가요?,청정먹거리,개미산 전망대,대표 쇼핑몰,화순팜,d
train_0822.jpg,train/train_0822.jpg,다음 중 이미지 속 책 제목이 아닌 것은 무엇인가요?,프로그래밍 언어 파이썬,언어의 이해,컴퓨터의 이해,데이터 정보처리 입문,a
train_0824.jpg,train/train_0824.jpg,사진 속에 보이는 길 이름은 무엇인가요?,수령교로,해병의 거리,문무대왕로,정몽주로,d
train_0825.jpg,train/train_0825.jpg,이 출입문에 붙어 있는 표지판 중 올바른 내용은 무엇인가요?,주차금지,대한사회복지회,출입문과 주차금지 모두 포함,출입문,c
train_0826.jpg,train/train_0826.jpg,이 도로 표지판에 적힌 내용 중 올바른 것은 무엇인가요?,주차가능 구간 외 견인지역,주정차금지 구간 내 견인지역,주차가능 구간 내 견인지역,주정차금지 구간 외 견인지역,b
train_0827.jpg,train/train_0827.jpg,이미지에서 할인율이 가장 높은 게임 꾸러미의 할인율은 얼마인가요?,-15%,-11%,-60%,-62%,d
train_0828.jpg,train/train_0828.jpg,이 트럭에 적힌 문구 중 '신선 식품'과 함께 제공되는 서비스는 무엇인가요?,무료 반품,당일 배송,신속 포장,예약 주문,b
train_0829.jpg,train/train_0829.jpg,이 사진에 나온 전화번호 중 해동사 전화상담 예약 전화번호는 무엇인가요?,053-719-0460,010-8806-0365,010-1234-5678,053-000-0000,b
train_0830.jpg,train/train_0830.jpg,컵라면 용기의 라면 이름은 무엇인가요?,농심 신라면,삼양 불닭볶음면,오뚜기 김치찌개,오모리 김치 찌개라면,d
train_0831.jpg,train/train_0831.jpg,이 주차장에 출입이 제한되는 것은 무엇인가요?,"오토바이, 자전거, 킥보드",버스,자동차,트럭,a
train_0832.jpg,train/train_0832.jpg,오뚜기 제품 중 500g 용량으로 표시된 것은 무엇인가요?,제주식 흑돼지김치찌개 280kcal,산뜻한 후레시 마요네스,제주식 흑돼지김치찌개 450g,산뜻한 후레시 케첩,b
train_0833.jpg,train/train_0833.jpg,이 가게에서 당일 식사 영수증을 지참하면 어떤 혜택을 받을 수 있나요?,디저트 50% 할인,모든 제품 20% 할인,음료수 무료 제공,모든 제품 10% 할인,b
train_0834.jpg,train/train_0834.jpg,이 간판에 적힌 가게 이름은 무엇인가요?,해피헤어살롱,행복헤어살롱,행복헤어샵,해피헤어샵,d
train_0835.jpg,train/train_0835.jpg,이 건물의 이름은 무엇인가요?,HYUNDAI,CGV,TIMES SQUARE,GATE 3,c
train_0836.jpg,train/train_0836.jpg,사진 속 창문에 붙어 있는 안내문에 적힌 내용은 무엇인가요?,창문 청소 중,창문을 열지 마시오,승객께서 주의 바랍니다,손 조심 (NO TOUCH),d
train_0837.jpg,train/train_0837.jpg,이 건물 벽에 적힌 '공간 와디즈'는 무엇과 관련된 장소일까요?,웹툰과 팝업스토어가 있는 공간,커피숍과 카페가 있는 공간,음악 공연장이 있는 공간,영화관과 상영관이 있는 공간,a
train_0838.jpg,train/train_0838.jpg,이 노래방 화면에서 현재 선택된 노래의 제목과 가수는 무엇인가요?,밤편지 - 아이유,비와 당신의 이야기 - 백지영,사랑했지만 - 김광석,취미 - 박재정,d
train_0839.jpg,train/train_0839.jpg,이 사진에 보이는 두 제품 중 '비비고'에서 만든 것은 무엇인가요?,초코파이,재래김,새우깡,참쌀 설병,b
train_0840.jpg,train/train_0840.jpg,사진에 보이는 'ORION' 브랜드 젤리의 맛은 무엇인가요?,복숭아맛,포도맛,딸기맛,사과맛,b
train_0841.jpg,train/train_0841.jpg,이 사진 속 벽에 붙어 있는 포스터에 적힌 카페의 주요 메뉴는 무엇인가요?,샌드위치와 샐러드,커피와 디저트,피자와 파스타,아이스크림과 케이크,b
train_0842.jpg,train/train_0842.jpg,"이 출입문에 붙어 있는 안내문에 따르면, 이 문은 어떤 상태인가요?",잠긴문이에요,고정문이에요,자동문이에요,열린문이에요,b
train_0844.jpg,train/train_0844.jpg,사진 속 글씨에서 작성자는 어떤 마을을 방문하고 싶다고 했나요?,추억의 여행 마을,포스코 사이딩 마을,포항의 역사 마을,고수하는 마을,c
train_0845.jpg,train/train_0845.jpg,이 표지판에서 안내하는 버스 승차장은 어디인가요?,7번과 8번 버스 정류장,3번과 4번 버스 정류장,5번과 6번 버스 정류장,1번과 2번 버스 정류장,a
train_0846.jpg,train/train_0846.jpg,이 간판에 적힌 상호명은 무엇인가요?,베스트호텔,베스트마트,베스트샵,베스트카페,c
train_0847.jpg,train/train_0847.jpg,이 이미지에 나온 치약 제품 중에서 '허브&불소 오래가는 상쾌함'이라는 문구가 붙은 제품은 무엇인가요?,덴티스테 플러스화이트 프로 치약 튜브 60g,덴티스테 어드밴스드 케어 칫솔,부센C 고불소 충치 치약 160g,부센30 치아미백제 80g,a
train_0849.jpg,train/train_0849.jpg,이 도로에서 제한 속도는 얼마인가요?,60,30,50,80,c
train_0850.jpg,train/train_0850.jpg,블루베리맛홍초는 어느 방향을 가리키고 있나요?,위쪽,오른쪽,왼쪽,아래쪽,b
train_0851.jpg,train/train_0851.jpg,이미지 속 'Proposed Method'의 이름은 무엇인가요?,Neighborhod,NICE,NICE Framework,Native Counterfactuals,b
train_0852.jpg,train/train_0852.jpg,이미지에 보이는 광고 문구는 무엇인가요?,GUINNESS for everyone,GUINNESS is the best,GUINNESS is good for you,GUINNESS tastes great,c
train_0853.jpg,train/train_0853.jpg,이 건물의 이름은 무엇인가요?,서울과학기술대학,한국과학기술회관,한국기술교육원,서울산업진흥원,b
train_0854.jpg,train/train_0854.jpg,이미지에 보이는 만화책 중 '반딧불의 호' 시리즈의 6권 표지에 적힌 문구 중 옳은 것은 무엇인가요?,사랑과 우정이 만들어내는 감동적인 이야기,"살인 청부업자와 종자, 한 여자를 둘러싼 두 남자의 싸움이 드디어 결판난다!!",세상을 구하기 위한 영웅들의 모험,한 소년과 소녀의 따뜻한 성장 이야기,b
train_0856.jpg,train/train_0856.jpg,이 리프트 의자에 부착된 '이용안내' 표지판에 적힌 내용으로 맞는 것은 무엇인가요?,승강기 운행 중에는 안전벨트를 반드시 착용해야 한다.,승강기 탑승 중에는 자리를 이동할 수 있다.,승강기 탑승 시에는 휴대폰 사용이 허용된다.,승강기 운행 중에는 음식물을 섭취할 수 있다.,a
train_0857.jpg,train/train_0857.jpg,이 디스플레이 화면에 표시된 'VOL'의 현재 값은 무엇인가요?,10/30,DEV,30/10,OFF,a
train_0858.jpg,train/train_0858.jpg,이 버스 정류장 안내판에 적힌 역 이름은 무엇인가요?,역삼역 · 선릉역,강남역 · 삼성역,역삼역 · 포스코타워역삼,삼성역 · 포스코타워역삼,c
train_0859.jpg,train/train_0859.jpg,이 사진에 보이는 약국의 이름은 무엇인가요?,청담 약국,서울 중앙 약국,강남 미소 약국,미소 건강 약국,c
train_0860.jpg,train/train_0860.jpg,가운데에 있는 하얀 병에 손글씨로 적힌 내용은 무엇인가요?,"칼슘, 마그네슘 알색",프로폴리스 500,DGL with Aloe Vera,비타민 C 1000mg,a
train_0861.jpg,train/train_0861.jpg,이 건물 이름은 무엇인가요?,개나리 레인,개나리 레미안,개나무 레미안,개나리 레몬,b
train_0863.jpg,train/train_0863.jpg,'용감한 쿠키의 편경' 점수 순위에서 3등의 점수는 얼마인가요?,"212,694,448","217,183,368","215,270,554","225,569,732",c
train_0864.jpg,train/train_0864.jpg,다음 중 금연구역 표지판에 적힌 내용으로 옳은 것은 무엇인가요?,금연구역 내 흡연자는 15만원의 과태료 부과,금연구역 내 흡연자는 과태료를 부과하지 않음,금연구역 내 흡연자는 5만원의 과태료 부과,금연구역 내 흡연자는 10만원의 과태료 부과,d
train_0865.jpg,train/train_0865.jpg,위 이미지 속 세탁세제 제품 중 '1.2 kg' 용량으로 표시된 제품의 이름은 무엇인가요?,스피드 세탁세제,산소계 표백제,하세탁,버블 완전 트리플 파워,b
train_0866.jpg,train/train_0866.jpg,이 사진 속에 보이는 큰 글자 간판에 적힌 도시는 어디인가요?,SHANGHAI,BEIJING,SEOUL,GUANGZHOU,d
train_0867.jpg,train/train_0867.jpg,이미지에 나온 '채반 & 강판' 제품의 가격은 얼마인가요?,"3,000원","1,000원","2,000원","5,000원",b
train_0868.jpg,train/train_0868.jpg,사진 속 벽에 적힌 '외부 차량 출입금지' 표지판은 무엇을 의미하나요?,외부 차량 출입금지,외부 차량 출입허용,주차 금지,주차 허용,a
train_0869.jpg,train/train_0869.jpg,이 지하철 역은 어디인가요?,중앙로역,대동역(우송대),대전역(신안과의원),대전역(충남대),c
train_0870.jpg,train/train_0870.jpg,세탁실 벽에 붙어 있는 노란색 포스트잇에 적힌 내용은 무엇인가요?,세탁 완료 후 넣기,세탁 바구니 사용,흰옷 / 색깔옷 분리,세제와 섬유유연제 구분,c
train_0871.jpg,train/train_0871.jpg,이 노래방 화면에서 예약된 곡 중 'LOVE DIVE'를 부른 가수는 누구인가요?,"티아라, 초신성",루시,IVE(아이브),이브,c
train_0872.jpg,train/train_0872.jpg,엠지씨네 여름밤 메뉴 중에서 가격이 3.9인 제품은 무엇인가요?,초코바나나 프라페,복숭아 팥빙수 오레오 스무디,망고 옥수수 스무디,치즈케이크 딸기크럼블,b
train_0873.jpg,train/train_0873.jpg,해태 프리츠 발효버터(지함)의 1개 가격은 얼마인가요?,"3,000원","1,000원","1,500원","2,000원",c
train_0874.jpg,train/train_0874.jpg,노란색 대야에 적힌 텍스트는 무엇인가요?,アサヒ,サントリ?,カゴメ,ケロリン,d
train_0875.jpg,train/train_0875.jpg,런치세트 메뉴에 포함된 초밥 개수는 몇 개인가요?,7개,5개,4개,6개,d
train_0877.jpg,train/train_0877.jpg,이 건물의 간판에 적힌 구단 이름은 무엇인가요?,Daegu Tigers,Samsung Lions,Busan Bears,Incheon Eagles,b
train_0878.jpg,train/train_0878.jpg,이 편의점에서 판매 중인 카드 게임 확장팩의 이름은 무엇인가요?,용사의 전설,어비스 아이,미래의 전쟁,하늘의 성,b
train_0879.jpg,train/train_0879.jpg,이 이미지 속 보드게임 카드에 적힌 단어는 무엇인가요?,Kingdom,Treasure,Adventure,Splendor,d
train_0881.jpg,train/train_0881.jpg,이 건물 입구의 간판에 적힌 교회 이름은 무엇인가요?,대한예수교 장로회 남가좌교회,대한예수교 장로회 북가좌교회,대한불교 조계종 남가좌사,한국천주교 남가좌성당,a
train_0882.jpg,train/train_0882.jpg,이 이미지에 보이는 만화책 시리즈 중 '천마명혈'의 17권 뒤에 오는 권수는 무엇인가요?,20권,19권,18권,21권,c
train_0883.jpg,train/train_0883.jpg,이 문구의 내용은 무엇을 주의하라는 의미인가요?,미끄럼 주의,발빠짐 주의,화재 주의,낙상 주의,b
train_0884.jpg,train/train_0884.jpg,이 거리에서 'AL SEEF HERITAGE SOUK' 간판 아래에 적힌 곳은 어디인가요?,ZAHRAT DUBAI - SOUVENIRS & GIFTS,TEXTILE MARKET,AL MANDOOS SPICE HOUSE,DUBAI CREEK FERRY STATION,d
train_0885.jpg,train/train_0885.jpg,이 사진에 보이는 두 가게의 업종은 무엇인가요?,카페와 약국,문구점과 서점,꽃집과 카페,약국과 문구점,d
train_0886.jpg,train/train_0886.jpg,이 마스크 상자에 적힌 마스크 종류는 무엇인가요?,KF-99,KF-80,KF-94,KF-72,c
train_0887.jpg,train/train_0887.jpg,장보자닷컴 회원가입 시 받을 수 있는 혜택이 아닌 것은 무엇인가요?,세금계산서 발행,포인트 적립,무료 음료 제공,배송서비스,c
train_0889.jpg,train/train_0889.jpg,'제2회 SW 창업 아이디어 경진대회'가 열리는 장소는 어디인가요?,전북대학교 SWS창업혁신관,전북대학교 본관 대강당,진수당 2층 코믹홀(구 바오홀),진수당 1층 로비,c
train_0890.jpg,train/train_0890.jpg,이 건물의 이름은 무엇인가요?,부산고속버스터미널,대구종합버스터미널,서울중앙버스터미널,장원종합버스터미널,d
train_0892.jpg,train/train_0892.jpg,이 건물의 간판에 적힌 한식당 이름은 무엇인가요?,노루,놀부식당,놀부,놀부한식,c
train_0893.jpg,train/train_0893.jpg,사진 속 트럭 옆면에 적혀 있는 문구 중 맞는 것은 무엇인가요?,맥주 어디서 사지?,위스키·와인 어디서 사지?,와인 어디서 마시지?,커피 어디서 사지?,b
train_0894.jpg,train/train_0894.jpg,이 이미지에 보이는 간판 중 '코인 노래 연습장'이 적힌 곳의 상호명은 무엇인가요?,프렌즈,코인 노래 연습장,Fabulas de Coco,천문,a
train_0896.jpg,train/train_0896.jpg,이 건물의 3층에 위치한 센터의 이름은 무엇인가요?,better life with sema 과학기술인공제회 IT지원센터,(주)에이전트에이아이랩스,better life with sema 과학기술인공제회 CS센터,세븐일레븐,a
train_0897.jpg,train/train_0897.jpg,이 건물에 입점해 있지 않은 업종은 무엇인가요?,치과,편의점,성형외과,피트니스 센터,d
train_0898.jpg,train/train_0898.jpg,MOONGE 카페 메뉴에서 에그타르트 종류 중 가격이 4100원인 것은 무엇인가요?,리트라,고구마,애플시나몬,옥수수,a
train_0900.jpg,train/train_0900.jpg,2층(2F)에는 어떤 종류의 상품이 있나요?,"욕실, 청소, 세탁, 주방용품, 도자기","미용, 패션, 시즌상품","가전제품, 전자기기, 컴퓨터","인테리어용품, 취미, 공구, 문구, 완구, 홈데코, 식품",d
train_0902.jpg,train/train_0902.jpg,이 가게에서 판매하는 매운맛 삼총사에 해당하지 않는 메뉴는 무엇인가요?,불짬뽕,불간짜장,중화비빔면,불닭볶음면,d
train_0903.jpg,train/train_0903.jpg,사진 속 하트 모양 안에 적힌 문구는 무엇인가요?,명륜은 진짜사랑,명륜은 최고의 사랑,명륜은 찐사랑,명륜은 사랑해,c
train_0906.jpg,train/train_0906.jpg,이 건물에 있는 간판 중에서 '안과'와 관련된 간판의 이름은 무엇인가요?,나누리치과,리날다 키즈모드,눈에빛안과,봄애그린한의원,c
train_0907.jpg,train/train_0907.jpg,이 제품의 향은 무엇인가요?,편백나무 숲 향,자몽 향,장미 향,라벤더 향,a
train_0908.jpg,train/train_0908.jpg,이미지 속 광고 배너에 나온 제품의 특징으로 옳은 것은 무엇인가요?,10초 단백질 폭탄 헤어팩,1초 단백질 폭탄 헤어팩,1시간 단백질 폭탄 헤어팩,1분 단백질 폭탄 헤어팩,b
train_0909.jpg,train/train_0909.jpg,신축 일월스타빌딩 임대와 관련된 연락처 번호는 무엇인가요?,02) 9876-5432,02) 1234-5678,02) 1111-2222,02) 6003-5034,d
train_0910.jpg,train/train_0910.jpg,연극 '헤어지는 기쁨' 대구 공연 티켓에 적힌 공연 시작 시간은 언제인가요?,20:00,19:30,18:00,17:30,b
train_0911.jpg,train/train_0911.jpg,이 마라톤 표지판에 표시된 거리는 얼마인가요?,42km,16km,21km,10km,b
train_0913.jpg,train/train_0913.jpg,이 이미지에서 보이는 샌드위치 포장지에 적힌 브랜드 이름은 무엇인가요?,버거킹,스타벅스,서브웨이,맥도날드,c
train_0914.jpg,train/train_0914.jpg,포스터에 따르면 'P BiCK' 스낵 전 상품에 대해 어떤 할인 혜택이 제공되나요?,5% 할인,20% 할인,3% 할인,10% 할인,c
train_0915.jpg,train/train_0915.jpg,'무한 대패' 가게에서 제공하는 무한 리필 메뉴가 아닌 것은 무엇인가요?,소주 무한,샐러드바,김치 무한,고기 무한,c
train_0917.jpg,train/train_0917.jpg,이 건물에 적힌 상호명 중 하나가 아닌 것은 무엇인가요?,부경하우스공사,현대인력,부산철강,부동산중개,d
train_0918.jpg,train/train_0918.jpg,사진 속 안내판에서 '팩 렌즈 특별가' 행사는 어떤 품목과 관련이 있나요?,콘택트 렌즈,안경 렌즈,안경 닦이,안경테,a
train_0919.jpg,train/train_0919.jpg,이 사진 속에서 '현금자동지급기'는 어떤 서비스를 제공하는 기계인가요?,자동 결제 서비스,현금 인출 서비스,지하철 승차권 판매,음료 자동 판매기,b
train_0921.jpg,train/train_0921.jpg,이 건물 간판에 적힌 내용 중 올바른 것은 무엇인가요?,코팅 네비 블랙박스 루마 버텍스,코팅 네바 블랙박스,코팅 네바 블랙박스 루마 버텍스,코팅 네비 블랙박스,a
train_0923.jpg,train/train_0923.jpg,이 건물 2층에서 운영하는 치과의원 이름은 무엇인가요?,무에타이 영무회관,인동부부치과의원,올 포 유,영무체육관,b
train_0924.jpg,train/train_0924.jpg,"이 사진 속 바나나 안내판에 따르면, 'Eat now'에 해당하는 바나나를 언제 먹는 것이 좋다고 되어 있나요?",2-4일 이내,1-2일 이내,3-5일 이내,즉시,b
train_0925.jpg,train/train_0925.jpg,"다음 중 메뉴 가격이 4,000원인 음료는 무엇인가요?",디카페인 아메리카노,아메리카노,메이플 크로플,더블더블,b
train_0927.jpg,train/train_0927.jpg,"SSAFY 게시판에 붙어 있는 세 가지 문서 중, 'SSAFY 구성원을 위한 제품 알림장'의 위치는 어디인가요?",오른쪽 하단,오른쪽 상단,왼쪽 상단,왼쪽 하단,b
train_0929.jpg,train/train_0929.jpg,이 책 시리즈의 제목은 무엇인가요?,기초 한자,한자어,한자어 + 한글,수자를 색 따라 외우기,d
train_0930.jpg,train/train_0930.jpg,이 연구 포스터에서 보호지역에 관한 GBF의 주요 내용에 포함되지 않은 것은 무엇인가요?,기후 변화에 따른 보호지역 관리 방안,GBF의 국내법적 이행 의무,보호지역의 개념 설명,CBD 이행을 위한 국내법적 연혁,a
train_0932.jpg,train/train_0932.jpg,대우디오빌플러스 상가 안내판에서 107호에 입주해 있는 곳은 무엇인가요?,게새 장터,디오 파스타·돈까스,수미정,봄바람 연습실,a
train_0933.jpg,train/train_0933.jpg,이 책꽂이에 꽂혀 있는 책 중 '쉽게 풀어쓴 C언어 Express' 책이 몇 권 있나요?,1권,4권,3권,2권,d
train_0934.jpg,train/train_0934.jpg,이 가게의 이름은 무엇인가요?,별크커피 강남점,벌크커피 강남점,벌크커피 잠실점,별크커피 잠실점,c
train_0935.jpg,train/train_0935.jpg,커피빈 강남역12번출구점의 평일(월요일~금요일) 영업 시작 시간은 언제인가요?,06:00AM,06:30AM,07:30AM,07:00AM,b
train_0936.jpg,train/train_0936.jpg,이미지에 보이는 PC방 이용권 가격표에서 30분 이용 시 가격은 얼마인가요?,"10,000원","3,000원","5,000원","1,000원",d
train_0937.jpg,train/train_0937.jpg,이 건물의 이름은 무엇인가요?,상떼빌,상떼빌라,상테빌라,상테빌,a
train_0940.jpg,train/train_0940.jpg,'만능 야채톡' 제품에 표시된 총 칼로리는 얼마인가요?,50 kcal,120 kcal,70 kcal,100 kcal,c
train_0941.jpg,train/train_0941.jpg,이 이미지에 나온 2023년 하반기 대규모 신입사원 채용을 진행하는 회사 이름은 무엇인가요?,한화에어로스페이스,LG화학,대한항공,삼성전자,a
train_0942.jpg,train/train_0942.jpg,이 카페 이름은 무엇인가요?,스위트 홈 카페,빵마을 카페,커피마을 카페,베이커리 타운,b
train_0946.jpg,train/train_0946.jpg,"이 좌석 뒷면에 붙어 있는 안내문에 따르면, 테이블 위에 올리지 말아야 할 무게는 얼마인가요?",10kg 이상,20kg 이상,5kg 이상,15kg 이상,a
train_0947.jpg,train/train_0947.jpg,이 건물에 있는 음식점의 이름은 무엇인가요?,바다 횟집,진상 회집,역삼 횟집,해물 전문점,b
train_0948.jpg,train/train_0948.jpg,이 사진 속 간판에 적힌 도서관 이름은 무엇인가요?,서울특별시교육청 한강도서관,서울특별시교육청 남산도서관,서울특별시교육청 북서울도서관,서울특별시교육청 강남도서관,b
train_0949.jpg,train/train_0949.jpg,사진 속 간판에 적힌 문구는 무엇인가요?,MIS BAMBINO,FRESH STRAWBERRIES,SUPREME BERRY FARMS,CHOCOLATE FOR DIPPING,d
train_0950.jpg,train/train_0950.jpg,이 음료의 1회 제공량과 칼로리는 얼마인가요?,"600 ml, 400 kcal","250 ml, 175 kcal","500 ml, 350 kcal","450 ml, 300 kcal",c
train_0951.jpg,train/train_0951.jpg,영수증에 적힌 BLT에그 미팩 세트의 가격은 얼마인가요?,"3,000원","1,900원","5,700원",100원,c
train_0952.jpg,train/train_0952.jpg,"벽에 붙어 있는 표지판 중에서 고양이가 이발하는 장면이 그려져 있고, 'THAT'S WHAT I DO'라는 문구가 적혀 있는 표지판의 문구는 무엇인가요?",BEST IN YOUR HAIR IS THE CROWN YOU NEVER TAKE OFF,ONCE UPON A TIME THERE WAS A GIRL WHO REALLY WANTED TO OPEN A SALON IT WAS ME. THE END.,THAT'S WHAT I DO I CUT HAIR AND I KNOW THINGS,YOU DON'T STOP CUTTING WHEN YOU GET OLD,c
train_0953.jpg,train/train_0953.jpg,이 공장 입구에 적힌 회사 이름은 무엇인가요?,유주산업,금속가공 신성기업,유주금속,신성기업,d
train_0954.jpg,train/train_0954.jpg,이 전시회의 주제는 무엇인가요?,친환경·에너지산업전,스마트홈·가전산업전,인공지능·로봇산업전,자율주행·모빌리티산업전,d
train_0955.jpg,train/train_0955.jpg,이 사진에 보이는 가게 중 한식 고기 전문점의 이름은 무엇인가요?,마장혁 생고기,AIR,노블리안,임대,a
train_0956.jpg,train/train_0956.jpg,화면에 표시된 시각은 무엇인가요?,11:30:36,11:20:36,10:20:36,12:20:36,b
train_0957.jpg,train/train_0957.jpg,이 건물의 한식뷔페 상호명은 무엇인가요?,한상본가,한식뷔페,역삼뷔페,역삼본가,a
train_0959.jpg,train/train_0959.jpg,이 건물 1층에 위치한 커피숍의 이름은 무엇인가요?,COMPOSE COFFEE,골드뱅크 금 거래소,D. Ark,COFFEE TIME,a
train_0960.jpg,train/train_0960.jpg,사진 속 가게 간판에 적힌 전화번호는 무엇인가요?,051)987-6543,051)123-4567,051)972-1234,051)972-9681,d
train_0961.jpg,train/train_0961.jpg,사진 속 식탁 위에 놓인 음식 중 닭고기가 올려진 요리는 무엇인가요?,양념 치킨,닭볶음탕,닭강정,닭튀김,d
train_0962.jpg,train/train_0962.jpg,이 사진 속 간판에 적힌 가게 이름은 무엇인가요?,노래방,3대 시래기국,순남시래기,역삼점,c
train_0963.jpg,train/train_0963.jpg,이 제품 상자에 적힌 제품 이름은 무엇인가요?,Nintendo Switch Pro 컨트롤러,Nintendo Switch 컨트롤러,Nintendo Switch 2 Pro 컨트롤러,Nintendo Switch 2 컨트롤러,c
train_0964.jpg,train/train_0964.jpg,이 사진에서 5번 층에 위치한 곳은 어디인가요?,코엑스몰,현대어린이미술관·CGV,롯데백화점,서울역,b
train_0965.jpg,train/train_0965.jpg,이 사진에 보이는 노란색 차량의 종류는 무엇인가요?,택시,버스,트럭,승용차,b
train_0967.jpg,train/train_0967.jpg,이 표지판에 적힌 문구는 무엇을 의미하나요?,통행금지,주차금지,출입금지,정지,b
train_0969.jpg,train/train_0969.jpg,"이 이미지에서 보이는 """"Agentic AI""""의 주된 기능은 무엇인가요?",음성 인식,자연어 처리,보안 조치 자동화,이미지 분석,c
train_0970.jpg,train/train_0970.jpg,이 트럭 뒷면에 적힌 문구 중 맞는 것은 무엇인가요?,농산물 수송차량,농산물 수송 화물,노안 돌미나리 협회,노안 돌미나리 연합회,d
train_0971.jpg,train/train_0971.jpg,이 장소에서 와이파이 비밀번호는 무엇인가요?,xzak_5935!,zak_xxx_xg,hakha5935,hakha5935!,d
train_0972.jpg,train/train_0972.jpg,이미지 속 표지판에 적힌 '여분의 컵'에 관한 안내 문구는 무엇인가요?,여분의 컵은 무료로 제공됩니다,여분의 컵은 1개당 500원입니다,여분의 컵은 제공되지 않습니다,여분의 컵은 개인이 지참해야 합니다,c
train_0975.jpg,train/train_0975.jpg,이미지에 표시된 현재 수영장 이용 인원은 몇 명인가요?,17명,33명,110명,200명,a
train_0976.jpg,train/train_0976.jpg,이 식당의 영업시간은 언제인가요?,"오전 9시 ~ 12시, 오후 1시 ~ 6시","오전 8시 ~ 2시, 오후 3시 ~ 7시","오전 11시 ~ 4시, 오후 6시 ~ 10시","오전 10시 ~ 3시, 오후 5시 ~ 9시",d
train_0977.jpg,train/train_0977.jpg,"도로 표지판에 따르면, '해병대교육훈련단' 방향으로 가려면 어느 쪽으로 가야 하나요?",뒤로 돌아가기,직진,왼쪽,오른쪽,c
train_0979.jpg,train/train_0979.jpg,이 역의 이름은 무엇인가요?,서부산,덕두,김해국제공항,공항,d
train_0980.jpg,train/train_0980.jpg,왼쪽에 놓인 간식의 이름은 무엇인가요?,초코칩 쿠키,Market O BROWNIE,오레오 쿠키,빼빼로,b
train_0984.jpg,train/train_0984.jpg,이 건물의 2층에 있는 한식뷔페의 이름은 무엇인가요?,한식뷔페 밥스타,국요리전문점 초림,한식뷔페 밥나라,국요리전문점 밥스타,a
train_0985.jpg,train/train_0985.jpg,이 건물에 위치한 '해내다 국어학원'에서 제공하지 않는 과정은 무엇인가요?,중등 문해력 완성 과정,고등 수학 심화 과정,초등 독서심화 과정,초등 창의독서 과정,b
train_0986.jpg,train/train_0986.jpg,SSAFT 共 : ZONE 이용 수칙 중 식사 중에 무엇이 금지되어 있나요?,대화 금지,마스크 착용,음식 반출 금지,줄 서기,a
train_0987.jpg,train/train_0987.jpg,이 배너에서 소개하는 와플의 종류로 올바른 것은 무엇인가요?,누텔라 두바이 와플,딸기 크림 와플,카라멜 견과 와플,초코 바나나 와플,a
train_0988.jpg,train/train_0988.jpg,이 사진에 보이는 액자 안에 주로 어떤 내용이 적혀 있나요?,제품 라벨 정보,음식 메뉴와 가격,유명인들의 사인 및 메시지,광고 문구,c
train_0989.jpg,train/train_0989.jpg,이미지 속 책장에서 볼 수 있는 책 제목 중 '통계학'과 관련된 책은 무엇인가요?,블록체인 혁명,21세기 자본,부동산 디벨로퍼와 투자자 로사 변,별거 아닌 통계학,d
train_0990.jpg,train/train_0990.jpg,다음 중 사진 속 책 제목으로 올바른 것은 무엇인가요?,마음의 속도는 안단테,행복한 삶의 비밀,사랑에 답함,상관없는 거 아닌가?,d
train_0991.jpg,train/train_0991.jpg,사진 속 간판에 적힌 음식 이름은 무엇인가요?,김치찌개,불고기 백반,된장찌개,장작 곰탕 도가,d
train_0992.jpg,train/train_0992.jpg,이 가게의 이름은 무엇인가요?,별을봉,국민우유,크린N,역삼 홈 마트,d
train_0996.jpg,train/train_0996.jpg,사진 속 물티슈 두 개의 가격은 각각 얼마인가요?,"상단 1,000원, 하단 2,000원","상단 3,000원, 하단 1,500원","상단 1,500원, 하단 3,000원","상단 2,000원, 하단 1,000원",d
train_0997.jpg,train/train_0997.jpg,이 사진 속에 적힌 '구두수선·열쇠' 간판은 무엇을 의미하나요?,구두 수선과 열쇠 제작 및 수리를 하는 곳,구두를 만드는 공장,구두 판매점,열쇠 판매점,a
train_0998.jpg,train/train_0998.jpg,벽에 적힌 문구는 무엇인가요?,"One eye sees, the other feels : Paul Klee",Art is life : Vincent Van Gogh,Look and feel : Claude Monet,See with both eyes : Pablo Picasso,a
train_0999.jpg,train/train_0999.jpg,위 사진 속 '하이파이브 금융 교육 시리즈'에 포함된 주제 중 하나가 아닌 것은 무엇인가요?,돈의 개념,부동산 투자,주식,소비 습관,b
train_1000.jpg,train/train_1000.jpg,사진 속 나무 간판에 적힌 내용은 무엇인가요?,미술랭투스타 선정,미슐랭 스타 선정,미슐랭 가이드 선정,미술 랭킹 스타 선정,a
train_1001.jpg,train/train_1001.jpg,이 사진 속 상호명은 무엇인가요?,ATOMY,미래 부동산,사진관,YASIN,d
train_1002.jpg,train/train_1002.jpg,이 가게의 간판에 적혀 있는 음식 이름은 무엇인가요?,?司,拉?,お好み?き,たこ?き,c
train_1003.jpg,train/train_1003.jpg,이 가게의 상호명은 무엇인가요?,바다식 해물탕,해바라기 분식,오래식 감자탕,오래식 해바라기치킨,d
train_1004.jpg,train/train_1004.jpg,이 사진 속 벽에 걸린 음식 사진에 적혀 있는 메뉴 이름은 무엇인가요?,소갈비,돼지갈비,닭갈비,양념치킨,b
train_1005.jpg,train/train_1005.jpg,이 소화전 방수구의 문에 적혀 있는 글자는 무엇인가요?,화재 경보 장치,비상구 안내,소화전 방수구,소화기 사용법,c
train_1006.jpg,train/train_1006.jpg,사진에 보이는 'daiso'는 무엇을 의미하나요?,다이소라는 상호명,제품의 제조 번호,제품 인증 마크,가전제품 모델명,a
train_1007.jpg,train/train_1007.jpg,이 공항에서 환영 메시지로 적혀 있는 도시는 어디인가요?,도쿄,가가와,서울,부산,b
train_1008.jpg,train/train_1008.jpg,이 바닥에 투사된 글귀 중 '무엇도 잊지 않고 누구도 잊지 않도록' 다음에 나오는 기관명은 무엇인가요?,기흥구 보건소 치매안심센터,서울시 치매지원센터,용인시 복지센터,성남시 건강관리센터,a
train_1009.jpg,train/train_1009.jpg,루미북클럽에서 제공하는 독서 논술 문해력 특강 중 포함되지 않은 과목은 무엇인가요?,세계사,한국사,처음 한국사,수학,d
train_1010.jpg,train/train_1010.jpg,이 로또 복권의 추첨일은 언제인가요?,2024/01/27,2024/01/28,2025/01/28,2024/01/26,a
train_1012.jpg,train/train_1012.jpg,이 노란색 버스의 뒷면에 적힌 글귀는 무엇인가요?,백두산 교육 관광,제주 관광 버스,서울시 시내버스,부산 시외버스,a
train_1014.jpg,train/train_1014.jpg,사진 속 파란색 표지의 책 제목은 무엇인가요?,서울대 풀어놓은 2000 LC LISTENING,서울대 풀어놓은 9000 단어,서울대 풀어놓은 1000 문법,서울대 풀어놓은 1500 RC READING,d
train_1015.jpg,train/train_1015.jpg,이 과자의 맛은 무엇인가요?,딸기,바닐라,치즈 크림,초콜릿,c
train_1016.jpg,train/train_1016.jpg,왼쪽 박스에 적혀 있는 포켓몬 카드팩의 이름은 무엇인가요?,로켓단의 영광,스톰에메랄다,메가 볼트론,스컬렛 & 바이올렛,b
train_1017.jpg,train/train_1017.jpg,이 사진은 어느 시장의 입구를 찍은 것인가요?,제주동문시장,서울남대문시장,대구서문시장,부산국제시장,a
train_1018.jpg,train/train_1018.jpg,이 건물의 3층에 위치한 시설 이름은 무엇인가요?,두루두루한상,아이엔짐,몬스터커피,사무아바타,b
train_1019.jpg,train/train_1019.jpg,이 표지판에서 진행 중인 공사는 무엇인가요?,도로포장공사 중,트램공사 중,교량공사 중,지하철역 공사 중,b
train_1023.jpg,train/train_1023.jpg,이 슈퍼마켓 진열대에서 'CJ 스테비아' 제품의 가격은 얼마인가요?,"7,900원","6,980원","2,980원","1,950원",b
train_1024.jpg,train/train_1024.jpg,이 서가의 상단에 적힌 문구는 무엇인가요?,도서관 이용 안내,행복한 독서,책과 함께하는 시간,책으로-잇다,d
train_1026.jpg,train/train_1026.jpg,이 식당이 영업하는 시간은 언제부터 언제까지인가요?,9:00~23:00,6:00~20:00,7:00~21:00,8:00~22:00,d
train_1027.jpg,train/train_1027.jpg,이 화이트보드에 적힌 주소는 어디인가요?,서울 마포구 월드컵북로 240 제 4학생회관 D404호,서울 광진구 능동로 120 제 2학생회관 B137호,서울 강남구 테헤란로 50 제 1학생회관 A101호,서울 종로구 종로1가 1 제 3학생회관 C202호,b
train_1029.jpg,train/train_1029.jpg,이 인형 꾸미기 농구 세트에 포함된 구성품은 무엇인가요?,후드티 + 바지 + 농구공,모자 + 장갑 + 농구공,티셔츠 + 반바지 + 농구공,후드티 + 바지 + 축구공,a
train_1030.jpg,train/train_1030.jpg,사진 속 버터 포장지에 적혀 있는 내용 중 올바른 것은 무엇인가요?,Unsalted 10g,Salted 10g,Salted 7g,Unsalted 7g,d
train_1031.jpg,train/train_1031.jpg,이 마우스 패드에 적힌 문구 중 올바른 것은 무엇인가요?,SAMSUNG SW AI ACADEMY FOR YOUTH,SAMSUNG AI ACADEMY FOR STUDENTS,SAMSUNG SMART ACADEMY FOR YOU,SAMSUNG SOFTWARE ACADEMY FOR YOUTH,a
train_1033.jpg,train/train_1033.jpg,노트에 적힌 '오늘의 계획' 중 포함되지 않은 항목은 무엇인가요?,데이터 수집 방법 정리,통계 개념 복습,설문지 초안 작성,회의 3시 참석,d
train_1034.jpg,train/train_1034.jpg,이 빼빼로 제품 박스에 적혀 있는 칼로리는 얼마인가요?,250 kcal,205 kcal,150 kcal,300 kcal,b
train_1035.jpg,train/train_1035.jpg,이 가게 간판에 적힌 글씨 중에서 가게의 주 메뉴를 나타내는 단어는 무엇인가요?,La Trattoria Italiana E Pizzeria,VERA PIZZA,Napoletana,831,b
train_1036.jpg,train/train_1036.jpg,간판에 적힌 메뉴 중 빨간색 글씨로 쓰여진 것은 무엇인가요?,SAN FRNCISCO,Jambon,Tomato,Steak,c
train_1037.jpg,train/train_1037.jpg,이 포스터에 적힌 할인 혜택은 무엇인가요?,회원 가입 시 무료 음료 제공,유피카드 20%할인 안쓰면 손해!,신용카드 15% 할인,현금 결제 시 10% 적립,b
train_1038.jpg,train/train_1038.jpg,이 사진 속 냄비 손잡이에 적힌 글자는 무엇인가요?,BOGO,BOKO,BOGOO,BINGO,a
train_1039.jpg,train/train_1039.jpg,사진 속 건물에 입주한 병원이나 약국 중 1층에 위치한 곳은 어디인가요?,루시아치과,허브약국,아이라인성형외과,강남더의원,b
train_1040.jpg,train/train_1040.jpg,이 슈퍼마켓 진열대에 붙어 있는 상호명은 무엇인가요?,fresh bakery,verso natura CONAD,organic farm,super market,b
train_1041.jpg,train/train_1041.jpg,이 역의 이름은 무엇인가요?,부산역,서울역,광주역,여천역,d
train_1042.jpg,train/train_1042.jpg,이 건물에 적힌 간판의 상호명은 무엇인가요?,까멜리아 99,까멜리아 동백,동백 까멜리아,까멜리아 사랑,b
train_1043.jpg,train/train_1043.jpg,이 표지판에 적힌 산책로 이름은 무엇인가요?,송도 해안길,절영 해안산책로,광안리 바닷길,해운대 해변로,b
train_1044.jpg,train/train_1044.jpg,이 버스정류장 이름은 무엇인가요?,거제시조은섬콜택시,버스정류장,거제대로 4479,맑은샘병원,d
train_1046.jpg,train/train_1046.jpg,더벤티네 키친에서 판매하는 매콤 소보로밥의 가격은 얼마인가요?,3.5,4.5,5.9,2.5,a
train_1047.jpg,train/train_1047.jpg,이 버스 광고에 나온 병원 전화번호는 무엇인가요?,02-123-4567,010-7777-5555,031-999-8888,02-548-1588,d
train_1048.jpg,train/train_1048.jpg,다음 중 붕어빵의 종류와 가격이 올바르게 짝지어진 것은 무엇인가요?,"치즈 붕어빵 - 2,500원","초코 붕어빵 - 1,500원","고구마 붕어빵 - 1,000원","피자 붕어빵 - 2,000원",c
train_1050.jpg,train/train_1050.jpg,이곳에 설치된 CCTV의 주요 목적은 무엇인가요?,어린이 안전과 시설 보안,화재 예방,쓰레기 투기 감시,교통 단속을 위해,a
train_1052.jpg,train/train_1052.jpg,이 소주 병에 적힌 브랜드 이름은 무엇인가요?,깨끗한 밤,순수한 물,좋은 데이,청정 소주,c
train_1053.jpg,train/train_1053.jpg,이 소파의 가격은 얼마입니까?,"2,250,000원","1,950,000원","2,570,000원","3,260,000원",c
train_1056.jpg,train/train_1056.jpg,사진 속 도로 표지판에 적힌 내용은 무엇인가요?,양방통행,직진 전용,좌회전 가능,일방통행,d
train_1057.jpg,train/train_1057.jpg,"인동 도시숲 가로수길 건강걷기 코스 안내판에 따르면, 걷기 운동 시 주의사항으로 옳지 않은 것은 무엇인가요?","주 5회, 30분 이상 지속적으로 한다.",수분을 충분히 섭취한다.,걷기 전에 과식한다.,걷기 중에는 반드시 5~10분간 스트레칭을 한다.,c
train_1058.jpg,train/train_1058.jpg,사진 속 역 이름은 무엇인가요?,Shinban Station,Shifen,Wanggu,Dahua,b
train_1059.jpg,train/train_1059.jpg,이 벽에 적힌 문장의 내용은 무엇인가요?,선은 항상 명확하게 보인다.,경계는 절대 넘지 말아야 한다.,경계를 넘으면 안 된다.,때로는 선을 넘어봐야 경계가 어디인지 알 수 있다.,d
train_1060.jpg,train/train_1060.jpg,이 건물 간판에 적힌 문구는 무엇인가요?,Ripley's Believe It or Not!,Ripley's Adventure Park,Believe It or Not!,Ripley's Museum,a
train_1061.jpg,train/train_1061.jpg,사진 속 흰색 곰 캐릭터가 무슨 말을 하고 있나요?,빵집인데 빵은 없음!,빵집은 문 닫았어요!,빵 많이 팔아요!,빵은 다 팔렸어요!,a
train_1062.jpg,train/train_1062.jpg,이 사진에 나온 양말 브랜드명은 무엇인가요?,YONEX,PUMA,ADIDAS,NIKE,a
train_1063.jpg,train/train_1063.jpg,이 건물 2층에 위치한 곳은 무엇인가요?,지상지학,플렉스홈,매트리스 전문점,레인보우스튜디오,d
train_1064.jpg,train/train_1064.jpg,이 음료의 단백질 함량은 몇 g인가요?,30 g,21 g,15 g,10 g,b
train_1065.jpg,train/train_1065.jpg,이미지 속 트레이 옆에 놓인 안내문에 적힌 문구는 무엇인가요?,커피(COLD),아이스티(HOT),숭늉(HOT),식혜(COLD),c
train_1066.jpg,train/train_1066.jpg,사진에 보이는 상호명 중 '김밥'을 판매하는 가게 이름은 무엇인가요?,소풍 김밥·분식,뚝돌이다,우리다,비타민 노래방,a
train_1068.jpg,train/train_1068.jpg,이미지 속 현수막에 적혀 있는 경북대학교 개교 기념 주년은 몇 주년인가요?,75주년,70주년,80주년,85주년,c
train_1069.jpg,train/train_1069.jpg,이 식당의 이름은 무엇인가요?,참 맛 집,참 단 공 원 죽 밥,24시간 식당,무한 보감,b
train_1070.jpg,train/train_1070.jpg,이 건물 입구에 적혀 있는 상호명은 무엇인가요?,하나은행,아기방앤컴퍼니,YSLE,그린 스마트 쉘터,b
train_1071.jpg,train/train_1071.jpg,이 종이에 적힌 오늘의 운세 내용은 무엇인가요?,오늘은 조심해야 할 일이 많을 것 같아요.,새로운 사람을 만날 좋은 기회가 있을 거예요.,기대했던 소식이 올 것 같아요.,예상치 못했던 즐거운 일이 일어날 것 같아요!,d
train_1072.jpg,train/train_1072.jpg,이 CCTV 설치 안내문에 따르면 촬영 시간은 어떻게 되어 있나요?,12시간 촬영 및 녹화,야간에만 촬영,24시간 연속 촬영 및 녹화,주간에만 촬영,c
train_1073.jpg,train/train_1073.jpg,사진 속 음료 가격표에 따르면 '흑당버블라떼'의 가격은 얼마인가요?,"3,700원","3,500원","4,200원","3,900원",a
train_1075.jpg,train/train_1075.jpg,이 미용실의 이름은 무엇인가요?,블루클럽,레드살롱,옐로우컷,그린헤어,a
train_1076.jpg,train/train_1076.jpg,사진 속 건물에 적혀 있는 상호명은 무엇인가요?,KEIHAN TOWER,GAP factory store,SAIZERIYA,UNIVERSAL STUDIOS STORE,d
train_1077.jpg,train/train_1077.jpg,이미지 속 찻집 앞에 적힌 메뉴판에서 '꽃잎 오차'의 가격은 얼마인가요?,"5,000원","12,000원","7,000원","10,000원",c
train_1078.jpg,train/train_1078.jpg,오른쪽 노란색 포장지에 적힌 비타민젤리의 브랜드 이름은 무엇인가요?,초콜릿이 통째로,오리온,비초비,아임비타,d
train_1080.jpg,train/train_1080.jpg,이 냉장고에서 삼각김밥의 가격은 얼마인가요?,"2,300원","1,500원","3,000원","1,000원",b
train_1081.jpg,train/train_1081.jpg,이 치과 병원의 야간진료 시간은 언제까지인가요?,"월, 수요일 9시까지","화, 목요일 8시까지",매일 10시까지,금요일 7시까지,a
train_1082.jpg,train/train_1082.jpg,"이 사진에서 'SUPER """"DRY""""'라는 문구가 쓰인 제품은 무엇인가요?",우유,과자,맥주,치즈,c
train_1083.jpg,train/train_1083.jpg,이 경기장의 전광판에 표시된 팀 이름은 무엇인가요?,GOLDEN STATE WARRIORS,BROOKLYN NETS,CHICAGO BULLS,LOS ANGELES LAKERS,a
train_1084.jpg,train/train_1084.jpg,이 건물의 창문에 적힌 '컴퓨터 교육'은 몇 층에서 진행된다고 되어 있나요?,1층,3층,4층,2층,c
train_1085.jpg,train/train_1085.jpg,이 지도 화면에 나타난 남은 도착 시간은 얼마인가요?,1시간 30분,3시간 44분,2시간 20분,4시간 15분,b
train_1086.jpg,train/train_1086.jpg,이 사진 속 거대한 미키마우스 동상 앞에 적혀 있는 문구는 무엇인가요?,WINTER WONDERLAND,SPRING BLOSSOM,AUTUMN ADVENTURE,SUMMER FANTASY,d
train_1087.jpg,train/train_1087.jpg,퀴즈노스 매장에서 MORNING SET에 포함된 메뉴는 무엇인가요?,샌드위치 + 아메리카노,샌드위치 + 탄산음료,피자 + 아메리카노,피자 + 탄산음료,a
train_1088.jpg,train/train_1088.jpg,이 거리에서 볼 수 있는 SPAO 매장에 관한 설명으로 옳은 것은 무엇인가요?,SPAO 간판은 노란색이다.,SPAO 매장 입구 옆에 광고판이 있다.,SPAO 매장은 3층에 있다.,SPAO는 음식점이다.,b
train_1090.jpg,train/train_1090.jpg,이 건물 앞에 설치된 조형물에 적힌 글자는 무엇인가요?,LINE,NEXON,NAVER,KAKAO,b
train_1091.jpg,train/train_1091.jpg,이 시공 표지판에 적힌 가스 공급자의 이름은 무엇인가요?,구미도시가스(주),대구도시가스(주),부산가스(주),서울가스(주),a
train_1093.jpg,train/train_1093.jpg,사진 속 건물에 적혀 있는 글자는 무엇인가요?,녹산산업기술센터,녹산혁신기술센터,녹산혁신지원센터,녹산산업지원센터,c
train_1095.jpg,train/train_1095.jpg,"이 배너에 적힌 문구 중 '지키다 일상, 꿈꾸다 그 이상'과 가장 의미가 비슷한 문구는 무엇인가요?",건강한 삶 보장,혁신적인 솔루션 제공,"Protecting today, Inspiring tomorrow",최상의 서비스·경험 제공,c
train_1096.jpg,train/train_1096.jpg,이 식당에서 판매하지 않는 메뉴는 무엇인가요?,알탕,고등어구이,김치찌개,삼치구이,c
train_1097.jpg,train/train_1097.jpg,이 식당의 간판에 적힌 주요 메뉴는 무엇인가요?,불고기,숯불닭갈비,삼겹살,갈비찜,b
train_1100.jpg,train/train_1100.jpg,이 컵에 적힌 브랜드 이름은 무엇인가요?,LG,STANLEY,SONY,SAMSUNG,b
train_1101.jpg,train/train_1101.jpg,사진 속 햄스터가 들고 있는 종이에 적힌 글자는 무엇인가요?,사직서,초대장,명함,계약서,a
train_1103.jpg,train/train_1103.jpg,이 건물의 주소는 무엇인가요?,태평로28길 31-0,태평로28길 3-10,태평로28길 30-1,태평로28길 3-100,b
train_1104.jpg,train/train_1104.jpg,이 주차 구역은 누구를 위해 예약된 공간인가요?,장애인 전용 주차 구역,관광객 전용 주차 구역,국가유공자 우선주차 구역,임산부 전용 주차 구역,c
train_1106.jpg,train/train_1106.jpg,사진 속 간판에 적힌 학원 이름은 무엇인가요?,타코방,에이블학원,주은혜교회,우리동네국민상회,b
train_1108.jpg,train/train_1108.jpg,다음 중 '블루베리 딜라이트 요거트' 음료의 가격이 맞는 것은?,"Tall 5.9, Grande 6.5, Venti 7.3","Tall 6.1, Grande 7.3, Venti 8.1","Tall 6.7, Grande 7.3, Venti 8.1","Tall 6.5, Grande 7.1, Venti 7.9",c
train_1109.jpg,train/train_1109.jpg,이 제품의 이름은 무엇인가요?,UHA味覺糖,과일사탕,청포도캔디,젤리캔디,a
train_1110.jpg,train/train_1110.jpg,이 이미지에서 눈에 띄는 붉은색 원 안에 적힌 브랜드 이름은 무엇인가요?,Fanta,CocaCola,Sprite,Pepsi,b
train_1111.jpg,train/train_1111.jpg,이미지 속 음료수 중 '제주감귤사랑'이라는 이름이 적힌 음료는 어떤 종류의 음료인가요?,제주감귤사랑은 크랜베리 주스이다,제주감귤사랑은 커피 음료이다,제주감귤사랑은 망고 음료이다,제주감귤사랑은 만다린 주스이다,d
train_1112.jpg,train/train_1112.jpg,이 컴퓨터 마우스에 적혀 있는 브랜드 이름은 무엇인가요?,DELL,APPLE,SAMSUNG,LG,c
train_1113.jpg,train/train_1113.jpg,이 도로 표지판에 적힌 도로 이름은 무엇인가요?,강남대로,인동가산로,서초로,마포대로,b
train_1114.jpg,train/train_1114.jpg,정가네 국밥에서 수육백반의 가격은 얼마인가요?,"11,000원","9,000원","9,500원","8,000원",a
train_1115.jpg,train/train_1115.jpg,이 주유소에서 고급 휘발유의 리터당 가격은 얼마인가요?,1909원,2000원,2325원,1895원,c
train_1116.jpg,train/train_1116.jpg,미림산장 간판에 적힌 음식 중 '흑염소' 요리 전문점의 메뉴로 올바른 것은?,흑염소 수육,흑염소 전골,흑염소 탕,흑염소 무침,c
train_1117.jpg,train/train_1117.jpg,"이 기둥에 부착된 안내문에 따르면, 음향신호기는 누구와 함께 사용하는 시설물인가요?",모든 시민이 단독으로 사용하는 시설물,시각장애인과 비시각장애인 시민이 함께 사용하는 시설물,시각장애인만 사용하는 시설물,비시각장애인 시민만 사용하는 시설물,b
train_1118.jpg,train/train_1118.jpg,포스터에 따르면 '기후에너지 일자리 박람회'가 열리는 날짜는 언제인가요?,2026년 9월 1일,2026년 7월 30일,2026년 8월 21일,2026년 8월 25일,d
train_1120.jpg,train/train_1120.jpg,"이 도로 표지판에 '언주로'가 있다고 적혀 있는데, '언주로'까지의 거리는 얼마입니까?",500m,200m,1km,300m,d
train_1121.jpg,train/train_1121.jpg,이 천막에 적힌 문구 중 국가유산으로 지정된 것은 무엇인가요?,괴태굿봉수대,2025 해양 축제,평택시청,해군 제2함대사령부,a
train_1123.jpg,train/train_1123.jpg,사진 속 간판에 적힌 24시간 영업하는 곳은 무엇인가요?,족발 전문점,헬스·PT,성서침례교회,엄마손,b
train_1124.jpg,train/train_1124.jpg,"법무법인 프로스 광고에 따르면, 이 법무법인은 어떤 경력을 가진 사람들로 구성되어 있나요?",전원 검사 출신,전원 경찰 출신,전원 판사 출신,전원 변호사 출신,a
train_1125.jpg,train/train_1125.jpg,사진 속 간판에 적힌 '타코야끼' 가게에서 판매하는 음료는 무엇인가요?,오렌지주스,생맥주,사이다,콜라,b
train_1127.jpg,train/train_1127.jpg,이 건물의 주소는 무엇인가요?,한세로44번길 39,한세로44번길 24,한세로44번길 29,한세로45번길 29,c
train_1129.jpg,train/train_1129.jpg,UST 2026학년도 전기 2차 신입생 모집 원서 접수 기간은 언제부터 언제까지인가요?,2025.11.29(금) 10시 ~ 2025.12.6(금) 17시,2026.1.5(금) 10시 ~ 2026.1.12(금) 17시,2025.12.5(금) 10시 ~ 2025.12.12(금) 17시,2025.12.1(월) 10시 ~ 2025.12.10(수) 17시,c
train_1130.jpg,train/train_1130.jpg,플렉스 스트로우캡 텀블러 621ml의 할인된 가격은 얼마인가요?,"66,000원","50,000원","55,000원","60,000원",c
train_1131.jpg,train/train_1131.jpg,이 PC방의 상호명은 무엇인가요?,청춘 PC CAFE 역삼점,리얼 PC CAFE 역삼점,리얼 게임 PC방,플레이 PC CAFE 강남점,b
train_1133.jpg,train/train_1133.jpg,회색 건물에 크게 적힌 상호명은 무엇인가요?,한솔한약국,부동산,DAILY,TOUS Les JOURS,c
train_1134.jpg,train/train_1134.jpg,'2층 PC'라는 문구가 적힌 종이에 적힌 내용 중 올바른 문장은 무엇인가요?,좌우 반복이 멈추는 것은... 내 색깔 탓인걸까...?,좌우 반복이 멈추지 않는 것은... 내 잘못일까...?,좌우 반복이 멈추는 것은... 내 잘못일까...?,좌우 반복이 멈추지 않는 것은... 내 색깔 탓인걸까...?,d
train_1135.jpg,train/train_1135.jpg,버스 안에 붙어 있는 안내문에 따르면 자리를 이동할 때 어떻게 해야 하나요?,버스가 멈추지 않아도 괜찮다,버스가 출발하기 전에 해야 한다,버스가 움직이는 중에도 해도 된다,버스가 완전히 정차한 후에 해야 한다,d
train_1136.jpg,train/train_1136.jpg,SSAFY 共 : ZONE 이용 수칙 중 식사 중에 금지된 행동은 무엇인가요?,사진 촬영 금지,음악 감상 금지,대화 금지,휴대폰 사용 금지,c
train_1138.jpg,train/train_1138.jpg,이 건물에서 'WONJIN Global Dermatology 피부과'는 어느 층에 위치해 있나요?,12층,14층,13층,15층,b
train_1139.jpg,train/train_1139.jpg,사진 속 보습제 제품 중 '바세린'에 적힌 문구는 무엇인가요?,Original PROTECTING JELLY,Moisturizing Cream,자작나무 수분 진크림,SPF 50+ PA+++,a
train_1140.jpg,train/train_1140.jpg,TATA's BAGEL 매장 입구에 적힌 문구 중 올바른 문장은 무엇인가요?,TATA's bakes your day.,TATA's bake your night.,TATA's bake your day.,TATA's bakes your night.,a
train_1141.jpg,train/train_1141.jpg,이 버스 내 안내문에서 '위험'이라는 경고와 함께 무엇을 하지 말라고 하고 있나요?,버스 내에서 음식을 먹지 마십시오,운전기사에게 질문하지 마십시오,정류장에 정차하기 전에 절대 일어서지 마십시오,버스가 출발할 때까지 앉아 있으십시오,c
train_1143.jpg,train/train_1143.jpg,이 포스터에서 모집하는 연구실은 어떤 학부 및 전공의 졸업 예정자와 대학원생을 대상으로 하나요?,화학공학과,생명과학과,컴공/전기/전자/로봇 및 유사학과,경영학과,c
train_1144.jpg,train/train_1144.jpg,이 도로 표지판에서 '장신로'와 함께 안내된 방향 중 오른쪽 방향은 어디인가요?,신장지구·수촌로,성내대로,산현동·고실동·율,하남산단,a
train_1145.jpg,train/train_1145.jpg,이 표지판에 적힌 '세족장'과 '소담공원'까지의 거리는 각각 얼마인가요?,"세족장 120m, 소담공원 50m","세족장 50m, 소담공원 120m","세족장 100m, 소담공원 70m","세족장 70m, 소담공원 100m",d
train_1146.jpg,train/train_1146.jpg,이 전시에서 다시 바라보는 작가 이중섭의 작품과 관련된 내용으로 옳은 것은 무엇인가요?,이중섭은 전쟁과 피란을 피해 해외로 이주한 작가이다.,이번 전시는 이중섭의 작품을 단순히 연대기별로만 전시한다.,이중섭은 주로 추상화 작품을 많이 남겼다.,"이중섭의 작품은 가족과 아이들, 새와 뱀, 게와 물고기, 그리고 소를 반복해서 그렸다.",d
train_1147.jpg,train/train_1147.jpg,이 사진에서 참치회와 함께 제공된 음료수 브랜드는 무엇인가요?,코카콜라,캐나다 드라이 진저 에일,칠성 사이다,펩시,b
train_1148.jpg,train/train_1148.jpg,이 기둥에 적힌 글자는 무엇을 안내하고 있나요?,문구 완구 도매 종합 시장 입구,음식점 입구,편의점 입구,전자 기기 판매점 입구,a
train_1151.jpg,train/train_1151.jpg,이 AED함을 열면 어떤 일이 일어납니까?,사용 후 문을 닫아야 합니다.,경고음이 울립니다.,함이 자동으로 잠깁니다.,자동으로 119에 신고됩니다.,b
train_1152.jpg,train/train_1152.jpg,이 버스에 붙어 있는 광고 문구 중에서 '대전 빵투어'와 함께 소개된 빵 이름은 무엇인가요?,대전빵투어,빵티칸순례,빵나라여행,대전빵순례,b
train_1154.jpg,train/train_1154.jpg,사진 속 아이스티 음료의 맛은 무엇인가요?,레몬 아이스티,복숭아 아이스티,청포도 아이스티,자몽 아이스티,b
train_1155.jpg,train/train_1155.jpg,치매 예방수칙 3·3·3 중 '3권 즐길것'에 해당하지 않는 것은 무엇인가요?,생선과 채소 골고루 먹기,담배는 피지말기,부지런히 읽고 쓰기,일주일에 3번 이상 걷기,b
train_1156.jpg,train/train_1156.jpg,이 사진에 보이는 농구공에 적힌 문구는 무엇인가요?,thunders SEOUL SAMSUNG,thunders SEOUL LG,thunders BUSAN SAMSUNG,thunders DAEGU SAMSUNG,a
train_1157.jpg,train/train_1157.jpg,사진 속 지하철 역사 벽에 붙어 있는 안전 관련 포스터에 적힌 내용은 무엇인가요?,문에 손을 대지 마세요,주의 깊게 걸으세요,달리는 열차에 조심하세요,안전이 먼저입니다,d
train_1158.jpg,train/train_1158.jpg,사진에 보이는 민트향 껌의 브랜드명은 무엇인가요?,orbit,eclipse,lotte,xylitol,b
train_1159.jpg,train/train_1159.jpg,이미지 속 고기 제품 브랜드 이름은 무엇인가요?,한우 명품관,신선한 고기,최강록의 나야,직영 농장,c
train_1161.jpg,train/train_1161.jpg,GOPIZZA에서 고피자 탄산 세트의 가격은 얼마인가요?,"11,400원","12,500원","15,900원","10,000원",a
train_1162.jpg,train/train_1162.jpg,이 이미지에 보이는 'SSAFY'의 풀네임은 무엇인가요?,Samsung Software And AI For Youth,Samsung Software And AI Foundation,Samsung SW · AI academy For Youth,Samsung Software Academy For You,c
train_1163.jpg,train/train_1163.jpg,사진에 보이는 상호명 중에서 토스트를 판매하는 가게는 무엇인가요?,ISAAC TOAST,THE VENTI,에스테틱 유,한솥,a
train_1164.jpg,train/train_1164.jpg,이 영화 입장권에서 상영 시간은 언제인가요?,18:00 - 20:30,19:15 - 21:50,17:45 - 20:10,20:00 - 22:30,b
train_1165.jpg,train/train_1165.jpg,이 사진에서 보이는 가게에서는 어떤 음식을 주로 판매하나요?,커피와 디저트,김밥과 만두,피자와 파스타,치킨과 맥주,b
train_1169.jpg,train/train_1169.jpg,이 장소에서 외부인의 출입은 어떻게 되어 있나요?,출입 시 마스크 착용 필수,출입 시 신분증 확인 필요,외부인 출입 금지,외부인 출입 허용,c
train_1170.jpg,train/train_1170.jpg,이 가게의 간판에 적힌 가게 이름은 무엇인가요?,빙수카페,눈꽃빙수,사계절빙수,설빙,d
train_1171.jpg,train/train_1171.jpg,이 가게의 간판에 적힌 상호명은 무엇인가요?,TOKYO,SAKURA,NIKUMARU,YAKINIKU,c
train_1173.jpg,train/train_1173.jpg,이미지 속 매물 중에서 '우일맨션'의 공급 면적은 얼마인가요?,49.45㎡,163.24㎡,65평,30평,a
train_1174.jpg,train/train_1174.jpg,이 상품검색 화면에서 '수학으로 풀어보는 강화학습 원리와 알고리즘' 책의 가격은 얼마인가요?,"30,000 원","35,000 원","25,000 원","42,000 원",a
train_1175.jpg,train/train_1175.jpg,사진 속 상자 중에서 알레르기 증상 완화에 도움을 주는 제품은 무엇인가요?,일동후디스,플로리진,일동제약,모닝케어,b
train_1176.jpg,train/train_1176.jpg,"이 가게의 간판에 따르면, 나주곰탕은 몇 년의 역사를 가지고 있나요?",50년,70년,30년,100년,a
train_1177.jpg,train/train_1177.jpg,이 도로 표지판에 적힌 제한 속도는 얼마인가요?,40,20,30,50,c
train_1178.jpg,train/train_1178.jpg,이 사진에 보이는 가게 'lalavla' 간판 아래에 적힌 문구는 무엇인가요?,배 꽃 원 룰,beauty x health,nature collection,flower & class & party,b
train_1179.jpg,train/train_1179.jpg,다음 중 사진에 보이는 담배 패키지에 적힌 경고 문구는 무엇인가요?,금연은 건강에 좋습니다.,담배는 스트레스 해소에 도움을 줍니다.,흡연은 폐에 해롭습니다.,"니코틴 중독, 발암물질 노출!",d
train_1180.jpg,train/train_1180.jpg,이 가위들에 적힌 제조국은 어디입니까?,MADE IN KOREA,MADE IN JAPAN,MADE IN CHINA,MADE IN USA,c
train_1181.jpg,train/train_1181.jpg,사진 속 모텔 간판에 적힌 모텔 이름은 무엇인가요?,성심모텔,성신모텔,성심호텔,성실모텔,a
train_1182.jpg,train/train_1182.jpg,이 건물에 있는 '사월속편한연합의원' 간판에서 '내과'와 함께 표기된 것은 무엇인가요?,건강검진센터,약국,한의원,치과,a
train_1183.jpg,train/train_1183.jpg,사진 속 위스키 병들 중 'The Macallan' 위스키의 숙성 연수는 몇 년인가요?,15년,10년,12년,18년,c
train_1185.jpg,train/train_1185.jpg,전남대학교 과학영지교육원 간판에 적힌 'SCIENCE EDUCATION INSTITUTE'의 한글 명칭은 무엇인가요?,복권위원회,과학영지교육원,과학기술정보통신부,한국과학창의재단,b
train_1186.jpg,train/train_1186.jpg,이 전기자동차 충전구역에서 일반차량주차 및 충전방해 시 부과되는 과태료는 얼마인가요?,15만원,10만원,5만원,20만원,b
train_1187.jpg,train/train_1187.jpg,이 계단 벽에 붙어 있는 광고판에 나온 전시회 이름은 무엇인가요?,디지털 아트展,디지몬 어드벤처展,디지털 어드벤처展,디지어드브쳐展,b
train_1188.jpg,train/train_1188.jpg,이 사진 속 간판 중에서 '정통충식'이라는 이름을 가진 가게의 간판 색상은 무엇인가요?,파란색 바탕에 흰 글자,검은색 바탕에 빨간 글자,흰색 바탕에 검은 글자,노란색 바탕에 빨간 글자,b
train_1189.jpg,train/train_1189.jpg,다음 중 메뉴판에 적힌 아몬드 크림 라떼의 가격은 무엇인가요?,7.0,5.5,6.5,6.0,c
train_1190.jpg,train/train_1190.jpg,이 제품의 용도는 무엇인가요?,바나나를 싱싱하게 보관하기 위한 걸이,사과를 보관하는 바구니,바나나를 자르는 칼,바나나 껍질을 벗기는 도구,a
train_1191.jpg,train/train_1191.jpg,'Danchive' 앱에서 팀 생성 후 다음에 진행되는 순서는 무엇인가요?,마이페이지 접속,팀원 초대,작품 등록,초대 수락,b
train_1193.jpg,train/train_1193.jpg,이미지 속에서 사람들이 손에 들고 있는 지폐의 금액은 얼마인가요?,"10,000원","1,000원","50,000원","5,000원",d
train_1194.jpg,train/train_1194.jpg,이 극장 간판에 적힌 문구 중 올바른 것은 무엇인가요?,YOU ALREADY KNOW YOU'RE GONNA LEAVE IT!,YOU ALREADY KNOW YOU'RE GONNA MISS IT!,YOU ALREADY KNOW YOU'RE GONNA LOVE IT!,YOU ALREADY KNOW YOU'RE GONNA HATE IT!,c
train_1196.jpg,train/train_1196.jpg,이 부동산 광고에 적힌 전화번호는 무엇인가요?,719-8092,719-8902,718-8092,709-8192,a
train_1199.jpg,train/train_1199.jpg,이 건물의 간판에 적힌 맥주 브랜드 이름은 무엇인가요?,Yebisu,Asahi,Kirin,Sapporo,b
train_1200.jpg,train/train_1200.jpg,호두과자의 13개 가격은 얼마인가요?,"6,000원","12,000원","10,000원","3,000원",a
train_1201.jpg,train/train_1201.jpg,사진 속에서 '대파'의 가격은 얼마인가요?,"3,980원","2,480원",990원,"1,980원",d
train_1202.jpg,train/train_1202.jpg,이 건물 지하 1층(B1)에는 어떤 시설이 있나요?,카페,도서관,펜싱장,피트니스 센터,c
train_1203.jpg,train/train_1203.jpg,이 가게에서 표시한 계좌번호에 적힌 예금주 이름은 무엇인가요?,이윤섭,박지은,최민호,김철수,a
train_1204.jpg,train/train_1204.jpg,이 병원에서 건강검진 시 포함되는 항목이 아닌 것은 무엇인가요?,조합간 건강검진,위·대장 내시경,혈압 측정,초음파,c
train_1205.jpg,train/train_1205.jpg,이 이미지에 적힌 문구 중 입학을 축하하는 대상은 누구인가요?,SSAFY 18기,SSAFY 15기,SSAFY 16기,SSAFY 17기,c
train_1206.jpg,train/train_1206.jpg,이 가게의 이름은 무엇인가요?,승진완구센터,승진완구,승진토이,승진완구점,b
train_1209.jpg,train/train_1209.jpg,2027년 서울시 시민참여예산 온라인 시민투표 기간은 언제부터 언제까지인가요?,2025.5.1 ~ 6.30,2026.6.6 ~ 8.23,2027.1.1 ~ 12.31,2026.7.1 ~ 9.30,b
train_1210.jpg,train/train_1210.jpg,이 간판에 적힌 오늘의 메뉴는 무엇인가요?,된장찌개,김치찌개,제육볶음,비빔밥,c
train_1211.jpg,train/train_1211.jpg,이 제품의 이름은 무엇인가요?,동치미,도가니탕,곰탕,설렁탕,b
train_1212.jpg,train/train_1212.jpg,"사진 속 '디아블로' 와인의 종류 중 가격이 9,900원인 것은 무엇인가요?",디아블로 레드,디아블로 까베르네,디아블로 (샤르도네),디아블로 소비뇽,d
train_1213.jpg,train/train_1213.jpg,이 사진에 보이는 음식점의 이름은 무엇인가요?,Denny's,McDonald's,KFC,Burger King,a
train_1214.jpg,train/train_1214.jpg,이 건물 2층에 위치한 곳의 이름은 무엇인가요?,꽃 클로리스,Bean Tree Coffee,예당한의원,한국공인중개사,c
train_1215.jpg,train/train_1215.jpg,이 점수판에서 1번 플레이어의 최종 점수는 얼마입니까?,93,134,101,87,c
train_1216.jpg,train/train_1216.jpg,이 책의 제목은 무엇인가요?,Short Stories,One-Way Ticket,OXFORD UNIVERSITY PRESS,Tom Walsh,b
train_1217.jpg,train/train_1217.jpg,유니큐 미술학원에서 강조하는 미술 교육의 핵심 요소가 아닌 것은 무엇인가요?,수학 능력,지식 융합,작가 주의,관찰 표현,a
train_1218.jpg,train/train_1218.jpg,이 간판에 적힌 '탑킥보드' 가게의 전화번호는 무엇인가요?,010-9876-5432,010-2343-8979,010-1111-2222,010-1234-5678,b
train_1219.jpg,train/train_1219.jpg,미카도스시 광주동천점에서 모든 접시의 균일가는 얼마인가요?,"2,500원","3,000원","2,100원","1,500원",c
train_1220.jpg,train/train_1220.jpg,이 가게의 간판에 적힌 가게 이름은 무엇인가요?,부부떡볶이,떡볶이천국,소부떡,소문난부부떡볶이,d
train_1222.jpg,train/train_1222.jpg,사진 속 책 중에서 '범죄 없는 세계사' 시리즈에 포함되지 않은 책은 무엇인가요?,범죄 없는 세계사 인종 편,범죄 없는 세계사 전쟁 편,세계 미래 보고서 2026-2036,범죄 없는 세계사 라이벌 편,c
train_1223.jpg,train/train_1223.jpg,이 과자의 맛은 무엇인가요?,초콜릿 맛,바나나 맛,딸기 맛,커피 맛,d
train_1224.jpg,train/train_1224.jpg,사진에 보이는 노란색 글자에는 무엇이라고 적혀 있나요?,AOMORI,BUSAN,SEOUL,JEJU,a
train_1226.jpg,train/train_1226.jpg,이 건물 3층에 위치한 곳의 이름은 무엇인가요?,신호 제일합기도,NKCL,치니에스테틱,워드니스,a
train_1227.jpg,train/train_1227.jpg,이 곳에서 판매하는 음식은 무엇인가요?,sushi,ramen,kimchi,takoyaki,d
train_1230.jpg,train/train_1230.jpg,이 과자 봉지에 적힌 맛은 무엇인가요?,버터 밀크 쿠키와 초콜릿 딥핑,초코칩 쿠키,카라멜 쿠키,버터 밀크 쿠키,d
train_1233.jpg,train/train_1233.jpg,위 사진에 보이는 '사조 참치액' 제품에 적힌 문구 중 올바른 내용은 무엇인가요?,참치액 50% 함유,스파게티를 위한 소스,한 스푼으로 요리의 완성,토마토와 스파게티 소스,c
train_1235.jpg,train/train_1235.jpg,스카이링크 안내판에 표시된 게이트 중 없는 것은 무엇인가요?,C,A,B,D,d
train_1236.jpg,train/train_1236.jpg,사진 속 '돌코락스' 변비약 광고에서 강조하는 효과가 아닌 것은 무엇인가요?,9시간 후 배출 가능한 효과,즉각적인 통증 완화,"가스, 복부팽만, 딱딱한 변 완화",밤 사이 부드럽고 편안하게,b
train_1237.jpg,train/train_1237.jpg,이 간판에 적힌 한글 상호명은 무엇인가요?,리유즈 재발견상점 REALLY,리유즈 재발견상점,리유즈 재발견,리유즈,b
train_1238.jpg,train/train_1238.jpg,이 곳의 와이파이 비밀번호는 무엇인가요?,beantie1220,beantie01221,beantie0122,beantie012,c
train_1239.jpg,train/train_1239.jpg,이 도로 표지판에 따르면 '어정로'는 어느 방향으로 가야 하나요?,좌회전,후진,우회전,직진,d
train_1240.jpg,train/train_1240.jpg,이 상품의 가격은 얼마인가요?,"84,000원","8,400원","48,000원","840,000원",a
train_1241.jpg,train/train_1241.jpg,사진 속 건물 이름으로 올바른 것은 무엇인가요?,청호요리,반도건설,매동건,허바허바빌딩,b
train_1243.jpg,train/train_1243.jpg,벽에 적혀있는 'Peter Luger'는 무엇을 의미하나요?,자동차 브랜드,호텔 이름,스테이크 하우스 이름,공원 이름,c
train_1245.jpg,train/train_1245.jpg,이 건물 간판에 적힌 학원의 이름은 무엇인가요?,프렌즈 아카데미,CS뷰티아카데미,인동제일간호학원,민자 주차장,a
train_1246.jpg,train/train_1246.jpg,이 건물에 입주해 있는 미용실의 이름은 무엇인가요?,미용실,이발소,슈퍼,X박살머리,d
train_1247.jpg,train/train_1247.jpg,'らくらく定食'의 가격은 얼마인가요?,1500円,950円,1800円,1200円,a
train_1248.jpg,train/train_1248.jpg,이 빵집 '좋은 식빵'에서 아프거나 알러지가 있으신 분들을 위해 준비한 빵 종류는 무엇인가요?,유제품빵,견과류빵,비건빵,고기빵,c
train_1249.jpg,train/train_1249.jpg,사진 속 분리수거함 중 '캔'을 버리는 곳은 어디인가요?,네 번째 분리수거함,세 번째 분리수거함,첫 번째 분리수거함,두 번째 분리수거함,b
train_1250.jpg,train/train_1250.jpg,이 건물의 이름은 무엇인가요?,신우타워,신웅타워빌딩,신웅타워,신우빌딩,c
train_1251.jpg,train/train_1251.jpg,이 도서관 서가에 해당하는 학문 분야가 아닌 것은 무엇인가요?,심리학,생물학,철학,사회과학,b
train_1252.jpg,train/train_1252.jpg,사진에 보이는 '알앤비성형외과' 병원은 몇 층에 위치해 있나요?,3층,2층,1층,4층,a
train_1253.jpg,train/train_1253.jpg,이 편의점 진열대 위쪽에 크게 적혀 있는 글자는 무엇인가요?,컵밥·떡볶이·튀김,아이스크림·커피·주스,김밥·샌드위치·도시락,즉석조리·음료·간식,c
train_1254.jpg,train/train_1254.jpg,이 사진에 보이는 '잠깐!' 안내문에서 무엇을 주의하라고 하고 있나요?,쓰레기를 버리지 마세요,화재 발생 시 대피 요령을 숙지하세요,차량 통행이 많으니 조심하세요,공사장 출입구가 있으니 주위를 둘러보세요,d
train_1257.jpg,train/train_1257.jpg,이 차량에 적힌 '한국 칼 연마 연구소'의 주요 서비스는 무엇인가요?,택배 서비스,칼 갈아드립니다,음식 배달,자동차 수리,b
train_1258.jpg,train/train_1258.jpg,이 전시회 안내문에 적힌 전시회 제목은 무엇인가요?,From Impressionism to Early Modernism,Collectors of Light,빛을 수집한 사람들,인상주의에서 초기 모더니즘까지,d
train_1259.jpg,train/train_1259.jpg,트레이더스 멤버십 혜택 중 가맹카드 신규 발급 시 제공되는 할인금액은 얼마인가요?,3만원 할인권 증정,5만원 할인권 증정,5천원 할인권 증정,3천원 할인권 증정,a
train_1260.jpg,train/train_1260.jpg,이 택시 측면에 적힌 병원 이름은 무엇인가요?,서울 병원,한빛 병원,에스앤케이 병원,강남 병원,c
train_1261.jpg,train/train_1261.jpg,다음 중 이 표지판에 적힌 거리와 장소가 올바른 것은 무엇인가요?,경기도박물관 0.7km,백남준아트센터 0.7km,신갈고등학교 0.5km,경기도어린이박물관 0.3km,a
train_1262.jpg,train/train_1262.jpg,이 과자 봉지에 적힌 제품명은 무엇인가요?,새우깡,꼬깔콘,짱초오!,초코송이,c
train_1264.jpg,train/train_1264.jpg,편의점 출입문에 적힌 문구는 무엇인가요?,편의점 출입문,입구,출입구,출입문,a
train_1265.jpg,train/train_1265.jpg,홍교에 대해 설명한 내용 중 틀린 것은 무엇인가요?,홍교는 세 칸의 무지개형 돌다리이다.,홍교는 제304호로 지정되어 있다.,홍교는 우리나라에서 유일한 뗏목다리이다.,홍교는 조선 영조 10년(서기 1734년)에 건립되었다.,c
train_1266.jpg,train/train_1266.jpg,이 주유소의 브랜드 이름은 무엇인가요?,GS 칼텍스,S-Oil,현대 오일뱅크,SK 에너지,a
train_1267.jpg,train/train_1267.jpg,이 사진에 보이는 상호명 중 하나가 아닌 것은 무엇인가요?,스타벅스,극동방송,한림리하우스,리치공인중개사,a
train_1268.jpg,train/train_1268.jpg,이 가게 입구에 붙어 있는 '우산 판매 중' 문구에서 함께 언급된 브랜드는 무엇인가요?,카카오페이,N pay,메가MGC,강남구,c
train_1270.jpg,train/train_1270.jpg,이 사진에 보이는 아파트 단지 이름은 무엇인가요?,HILLSTATE,힐스테이트,현대 아파트,강남 힐스,a
train_1271.jpg,train/train_1271.jpg,이 사진에 보이는 카페의 이름은 무엇인가요?,EDIYA COFFEE,STARBUCKS,HOLLYS COFFEE,A TWOSOME PLACE,d
train_1273.jpg,train/train_1273.jpg,이 쿠폰에서 도장을 몇 개 모으면 KU시네마테크에서 영화를 무료로 관람할 수 있나요?,10개,5개,7개,3개,c
train_1274.jpg,train/train_1274.jpg,이 표지판에 적힌 문구는 무엇인가요?,출입금지,주차금지,주차가능,차량통행금지,b
train_1275.jpg,train/train_1275.jpg,이 미용실의 이름은 무엇인가요?,로얄 헤어샵,국 할인점,탑앤탑 수학·영어,화니핀 헤어샵,d
train_1276.jpg,train/train_1276.jpg,이 엘리베이터의 최대 탑승 인원은 몇 명인가요?,17 인승,20 인승,15 인승,25 인승,a
train_1278.jpg,train/train_1278.jpg,이 승강기 문에 붙어 있는 흰색 안내문의 내용은 무엇인가요?,엘리베이터 이용 안내,고장·수리중 사용금지,승강기 안전관리법 제50조에 따른 운행,산소 농도 표시,b
train_1279.jpg,train/train_1279.jpg,이 표지판에서 불법 주·정차가 적발될 경우 어떤 조치가 즉시 이루어지는지 무엇이라고 적혀 있나요?,주차 요금 안내,불법 주·정차 즉시단속,불법 주·정차 단속 유예,주차 허용 구역 안내,b
train_1280.jpg,train/train_1280.jpg,노트북 보관함을 열 때 손잡이를 어느 방향으로 돌려야 하나요?,반시계방향으로 돌린다,시계방향으로 돌린다,위로 당긴다,아래로 누른다,b
train_1281.jpg,train/train_1281.jpg,이 식당의 이름은 무엇인가요?,한식당 고향,오리한 국별관,오리구이 전문점,맛있는 오리집,b
train_1282.jpg,train/train_1282.jpg,더:단백 음료에 표시된 단백질 함량은 얼마인가요?,25g,20g,10g,15g,b
train_1284.jpg,train/train_1284.jpg,이 사진 속 간판에 적힌 연구 센터의 이름은 무엇인가요?,Jet Propulsion Laboratory,Ames Research Center,Johnson Space Center,Kennedy Space Center,b
train_1286.jpg,train/train_1286.jpg,NEO NEO60 CORE 레트로 화이트 세트의 스위치 품목 중 가격은 얼마인가요?,"112,000원","34,260원","13,680원","207,900원",c
train_1287.jpg,train/train_1287.jpg,사진 속 책꽂이에 꽂혀 있는 책 제목 중 '젠슨 황'과 관련된 책은 무엇인가요?,WEB 3.0 바로 알기,젠슨 황의 소름 돋는 미래 예측 50가지,AI 실전 마스터 프로프트 디테일,피지컬 2026,b
train_1290.jpg,train/train_1290.jpg,메뉴판에서 '콜드브루 아인슈패너'의 가격은 얼마인가요?,3.9,3.5,4.5,2.9,c
train_1291.jpg,train/train_1291.jpg,이 표지판에 적힌 CCTV 관리번호는 무엇인가요?,인천9-100,주안7-57,미추7-880,미추홀1-24,b
train_1292.jpg,train/train_1292.jpg,이 식당 메뉴판에 적힌 음식 이름 중 맞는 것은 무엇인가요?,포카포키,포카포코,포카포무,포카포카,d
train_1293.jpg,train/train_1293.jpg,이 책의 제목은 무엇인가요?,성공을 위한 문제 해결,삼성의 팀장은 왜 강한가,숫자통찰력 키우기,글로벌 혁신 리더 되기,b
train_1294.jpg,train/train_1294.jpg,이 광고에서 강조하고 있는 서비스의 특징은 무엇인가요?,무료 기기 교체,24시간 고객 상담,대기 없는 업무 처리,저렴한 가격 보장,c
train_1296.jpg,train/train_1296.jpg,이 가게의 이름은 무엇인가요?,충북쌀상회,경기특미햅쌀,LG 스마트 인버터,담배쌀,a
train_1297.jpg,train/train_1297.jpg,사진 속 전차에 적혀 있는 번호는 무엇인가요?,96,77,55,24,a
train_1298.jpg,train/train_1298.jpg,사진에 보이는 간판 중에서 PC방 이름은 무엇인가요?,더큰성세교회,특허법인 혜안,PC THE SHELTER,PC 어화,d
train_1299.jpg,train/train_1299.jpg,이 부동산 중개업소의 대표 이름은 무엇인가요?,박승수,최준호,김영희,이민호,a
train_1300.jpg,train/train_1300.jpg,이 가게의 이름은 무엇인가요?,맛있는 횟도그 & 튀김,시장 분식,이모네 분식·만두,원조 떡볶이,c
train_1301.jpg,train/train_1301.jpg,이 이미지의 포스터에 소개된 '아침햇살' 제품에 대해 올바르게 설명한 것은 무엇인가요?,아침햇살은 매일 아침 우유 한 잔을 마시는 것과 같다.,아침햇살은 하루 한 끼 식사를 대신할 수 있다.,아침햇살은 하루를 시작하는 좋은 에너지를 제공한다.,아침햇살은 운동 후에만 섭취해야 한다.,c
train_1302.jpg,train/train_1302.jpg,이 책의 제목은 무엇인가요?,세상의 속도를 따라잡고 싶다면,IT 분야 베스트셀러,코딩 테스트를 처음 경험하는 취준생의 필독서,알고리즘 코딩테스트,d
train_1303.jpg,train/train_1303.jpg,이 건물 3층에 있는 곳의 이름은 무엇인가요?,MEGA COFFEE,밤 BAR 4F,숲 노래 연습장,CU 편의점,c
train_1304.jpg,train/train_1304.jpg,뮤지컬 '데스노트'에서 '야가미 라이트' 역을 맡은 배우의 이름은 무엇인가요?,김준수,양승리,이영미,고은성,d
train_1305.jpg,train/train_1305.jpg,이 건물에 있는 '삼성연합의원'에서는 몇 명의 전문의가 진료 중이라고 적혀 있나요?,전문의 5명 진료 중,전문의 3명 진료 중,전문의 7명 진료 중,전문의 10명 진료 중,c
train_1306.jpg,train/train_1306.jpg,이 건물에 입점해 있는 가게 중 약국의 이름은 무엇인가요?,가정약국,삼문구,우리약국,시약국,c
train_1308.jpg,train/train_1308.jpg,이미지 속 상자에 들어있는 음료의 브랜드명은 무엇인가요?,커피속에,우유에,쥬시쿨,바리스타,d
train_1309.jpg,train/train_1309.jpg,이미지 속 제품 'PRIME PRIMER SUN BASE'에 표시된 자외선 차단 지수는 무엇인가요?,SPF50+ PA++++,SPF20 PA+,SPF40 PA+++ ,SPF30 PA++,a
train_1310.jpg,train/train_1310.jpg,사진 속 길레트 프로쉴드 면도날 14개입의 할인 전 가격은 얼마인가요?,"20,000원","49,900원","22,990원","69,900원",b
train_1311.jpg,train/train_1311.jpg,사진 속 음료수 병에 적힌 유통기한은 무엇인가요?,2027.01.09,2027.01.12,2026.12.28,2026.12.14,b
train_1312.jpg,train/train_1312.jpg,다음 중 이미지 속 부동산 사무소 전화번호가 아닌 것은 무엇인가요?,6205-0075,2052-4989,2050-0111,2055-1234,d
train_1313.jpg,train/train_1313.jpg,사진 속 '빼빼로' 초코쿠키 제품의 가격은 얼마인가요?,"2,000원","2,500원","1,700원","1,500원",c
train_1314.jpg,train/train_1314.jpg,광주 1913 송정역 시장 입구에 있는 '명품 떡볶이'의 오징어 가격은 얼마인가요?,"5,000원","6,000원","1,000원","10,000원",c
train_1315.jpg,train/train_1315.jpg,이 과자 상자에 적힌 제품 이름은 무엇인가요?,크런치 바이트,바삭칩,틴 인,얇은 크래커,c
train_1317.jpg,train/train_1317.jpg,다음 중 바탕화면에 보이는 폴더 이름이 아닌 것은 무엇인가요?,AI강의Ⅱ,Eclipse Java,설치파일,SW검증,b
train_1318.jpg,train/train_1318.jpg,동강시스타 수영장의 비수기 주중 이용 시간은 언제인가요?,09:00 - 17:00,10:00 - 21:00,11:00 - 19:00,10:00 - 18:00,d
train_1319.jpg,train/train_1319.jpg,이 가게 간판에 적힌 가게 이름은 무엇인가요?,오돌뼈 만나자,만나자 갈비,오돌뼈 집,만나자 오돌뼈,d
train_1320.jpg,train/train_1320.jpg,비비드키친 스윗칠리소스 320g의 가격은 얼마인가요?,"5,980원","2,500원","4,500원","3,980원",d
train_1321.jpg,train/train_1321.jpg,사진 속에 보이는 건물의 4층에서 체험수업을 할 수 있는 것은 무엇인가요?,유도,검도,합기도,태권도,b
train_1323.jpg,train/train_1323.jpg,이 도로 표지판이 의미하는 제한 속도는 무엇인가요?,시속 30km 제한 해제,시속 20km 제한 해제,시속 40km 제한 해제,시속 50km 제한 해제,a
train_1324.jpg,train/train_1324.jpg,이 건물에 있는 간판에 적힌 카페 이름은 무엇인가요?,도봉카페 별빛,서울카페 해돋이,한강카페 달빛,전원카페 배따라기,d
train_1326.jpg,train/train_1326.jpg,이 가게에서 판매하는 '방탄유리'의 3D 곡면 가격은 얼마인가요?,"13,200원","5,500원","9,000원","5,000원",c
train_1327.jpg,train/train_1327.jpg,영화 '미키 17' 포스터에 반복적으로 적혀 있는 문구는 무엇인가요?,술마셔도 일해야지,운해하지만 일해야지,아파도 일해야지,독해도 일해야지,c
train_1328.jpg,train/train_1328.jpg,SSAFY 월간 멘토유 6화의 주제는 무엇인가요?,알고리즘 공부 방법,역량과 직무 경험 차이,SSAFY 멘토 소개,나무통 활동 안내,b
train_1329.jpg,train/train_1329.jpg,이 안내판에서 가장 눈에 띄게 적힌 문구는 무엇인가요?,ACADEMY INFORMATION,강의 시간표,학원 정보,수강 안내,a
train_1330.jpg,train/train_1330.jpg,이미지에서 94번 보급결과로 나온 청사B 세트의 기간은 얼마인가요?,100일,10일,1일,50일,a
train_1331.jpg,train/train_1331.jpg,사진 속 칠판에 적힌 메뉴 중 하나가 아닌 것은 무엇인가요?,보쌈도시락,훈제오리도시락,명태회무침,김치찌개,d
train_1332.jpg,train/train_1332.jpg,이 가게의 상호명은 무엇인가요?,대게나라,영덕대게,부산횟집,청년포차,b
train_1333.jpg,train/train_1333.jpg,이 가게에서 한우 우족 1개의 가격은 얼마인가요?,"30,000원","10,000원","20,000원","15,000원",d
train_1334.jpg,train/train_1334.jpg,이 공기청정기 제품의 모델명은 무엇인가요?,BX142N9080SD,AX142N9080SD,BX142M9080SD,AX142M9080SD,b
train_1335.jpg,train/train_1335.jpg,이 승강장에 설치된 휴대용 비상조명등은 언제 사용해야 하나요?,평상시 밝은 곳에서 사용한다,전동킥보드 사용 시 사용한다,출구에서 나갈 때 사용한다,비상시 사용한다,d
train_1336.jpg,train/train_1336.jpg,사진에 보이는 'EYE EYE'는 어떤 종류의 가게인가요?,학원,카페,약국,안경점,d
train_1337.jpg,train/train_1337.jpg,옷 수선점 창문에 적힌 문구 중 맞는 내용은 무엇인가요?,넓은 어깨를 예쁘게 줄여드립니다,모든 옷 20% 할인,빠른 수선을 약속합니다,24시간 운영합니다,a
train_1338.jpg,train/train_1338.jpg,위 사진에 있는 책 제목 중 'THE NEW RULES of COFFEE' 책에 적힌 저자는 누구인가요?,JORDAN MICHELMAN & ZACHARY CARLSEN,JEREMY TORZ & STEVEN MACATONIA,JEREMY TORZ & ZACHARY CARLSEN,JORDAN MICHELMAN & STEVEN MACATONIA,a
train_1339.jpg,train/train_1339.jpg,이 이미지에 보이는 식당의 이름은 무엇인가요?,청담곱창,서울곱창,압구정곱창,오다시곱창,d
train_1340.jpg,train/train_1340.jpg,"GS25 충남대스타점 재오픈기념 행사에서 15,000원 이상 구매고객에게 증정하는 상품은 무엇인가요?",스프라이트 1.5L,코카콜라제로 1.5L,펩시콜라 1.5L,코카콜라 클래식 1.5L,b
train_1341.jpg,train/train_1341.jpg,이 사진에 보이는 큰 글자는 무엇이라고 적혀 있나요?,淡水金色水岸,淡水藍色海岸,淡水紅色沙灘,淡水綠色森林,a
train_1342.jpg,train/train_1342.jpg,사진 속 리모컨에서 '음량' 조절 버튼 아래에 있는 버튼의 이름은 무엇인가요?,설정메뉴,방송안내,조용히여,영상모드,d
train_1343.jpg,train/train_1343.jpg,사진 속 선크림 제품의 자외선 차단 지수(SPF)는 얼마인가요?,SPF100,SPF50+,SPF30,SPF15,b
train_1344.jpg,train/train_1344.jpg,사진 속 임대 광고에서 제공하는 공간의 면적은 얼마인가요?,3층 120평,1층 50평,2층 100평,2층 90평,d
train_1345.jpg,train/train_1345.jpg,이 건물에 어떤 영화관 브랜드가 입점해 있나요?,씨네큐,메가박스,CGV,롯데시네마,c
train_1346.jpg,train/train_1346.jpg,"이 음식점 간판과 안내문에 따르면, 주류 가격은 얼마입니까?","5,000원","4,000원","1,000원","3,000원",d
train_1347.jpg,train/train_1347.jpg,사진에 보이는 보드게임의 이름은 무엇인가요?,도미니언,세틀러스,티켓 투 라이드,카르카손,d
train_1349.jpg,train/train_1349.jpg,이 사진에서 '동아세탁' 간판에 적힌 전화번호는 무엇인가요?,010-1234-5678,010-777-8482,010-2334-7211,010-5348-9518,c
train_1350.jpg,train/train_1350.jpg,이 주유소의 이름은 무엇인가요?,한국가스,대한석유,신명지에너지,서울에너지,c
train_1351.jpg,train/train_1351.jpg,이 사진 속 간판 중에서 치과의원 이름은 무엇인가요?,OLENS,DONGDAEGU,서울한스 치과의원,아시아관광 아카데미,c
train_1353.jpg,train/train_1353.jpg,AGF Blendy 포션 커피 뚜껑을 어떻게 열라고 안내하고 있나요?,포션을 전자레인지에 돌려 열기,포션을 흔들어서 열기,"포션의 뚜껑을 잡고, 아래로 접어 열기","포션의 뚜껑을 잡고, 위로 접어 천천히 열기",d
train_1354.jpg,train/train_1354.jpg,'천원의 아침밥' 행사에서 학생들이 아침밥을 먹을 수 있는 시간은 언제부터인가요?,오전 7시부터 시행,오전 10시부터 시행,오전 8시부터 시행,오전 9시부터 시행,c
train_1355.jpg,train/train_1355.jpg,이 물품 보관함의 이용 시간은 언제부터 언제까지인가요?,"월~목 10:00~20:00, 금~일 10:00~20:30","월~금 08:00~22:00, 토~일 10:00~18:00",월~일 24시간 이용 가능,매일 09:00~21:00,a
train_1356.jpg,train/train_1356.jpg,사진 속에 보이는 과자의 브랜드 이름은 무엇인가요?,오레오,화이트,쿠크다스,크라운,c
train_1357.jpg,train/train_1357.jpg,현대카드 컬처프로젝트 30 공연은 언제 열리나요?,7월 20일 오후 6시,7월 15일 오후 7시 30분,7월 10일 오후 5시,8월 1일 오후 8시,b
train_1358.jpg,train/train_1358.jpg,이 에어컨에 적혀 있는 브랜드 이름은 무엇인가요?,LG,삼성,캐리어,대우,b
train_1359.jpg,train/train_1359.jpg,이 표지판에 표시된 경사도는 얼마인가요?,5%,15%,7%,10%,c
train_1360.jpg,train/train_1360.jpg,다음 중 다이슨 V12s Origin Submarine23 (핸) 제품의 할인된 가격은 무엇인가요?,"678,000","998,000","378,000","308,000",a
train_1361.jpg,train/train_1361.jpg,세탁기와 건조기 사용 요금은 얼마인가요?,"세탁 3,000원, 건조 3,000원","세탁 2,000원, 건조 2,000원","세탁 5,000원, 건조 5,000원","세탁 4,000원, 건조 4,000원",d
train_1362.jpg,train/train_1362.jpg,이 장소에서 진행 중인 행사의 이름은 무엇인가요?,UNDERLAND FESTA,DREAM GARDEN FESTA,ICE GARDEN FESTA,LUCID DREAM FESTA,d
train_1364.jpg,train/train_1364.jpg,이 전시회의 이름은 무엇인가요?,화정목 사진전,화정목 조각전,화정목 미술전,화정목 명화전,d
train_1365.jpg,train/train_1365.jpg,이 이미지에 붙어있는 광고 스티커들 중에서 '신용카드 현금화 장기할부 가능'에 대해 안내하는 전화번호는 무엇인가요?,010-2145-3006,010-9532-1829,010-9183-****,010-2223-****,a
train_1366.jpg,train/train_1366.jpg,이 건물의 간판에 적힌 상호명은 무엇인가요?,백화점,한우성육탕,장수성육탕,24시 무인 라면집,d
train_1367.jpg,train/train_1367.jpg,안내문에 따르면 수상레저 기구 및 워터파크 등에서 분실 시 업장에서 책임지지 않는 개인소지품은 무엇인가요?,"카메라, 모자, 수건","지갑, 열쇠, 신발","음식물, 음료수, 장난감","핸드폰, 썬그라스, 안경",d
train_1369.jpg,train/train_1369.jpg,사진 속 가게 중 '한식 뷔페'가 있는 가게의 이름은 무엇인가요?,포스트,간식나라,이층밥집,일층 커피집,c
train_1370.jpg,train/train_1370.jpg,사진 속 상자에 적힌 제품의 주요 재료는 무엇인가요?,딸기와 크림,피스타치오와 아몬드,초콜릿과 바닐라,호두와 꿀,b
train_1371.jpg,train/train_1371.jpg,로레알파리 토탈리페어5 트리트먼트의 용량은 얼마인가요?,400ml,375ml,170ml,500ml,c
train_1373.jpg,train/train_1373.jpg,다음 중 이 마트에서 판매하는 음식으로 올바른 것은 무엇인가요?,돼지갈비,닭갈비,산더미 파채 소불고기,제주돼지 양념 불고기,d
train_1374.jpg,train/train_1374.jpg,버스에 붙어 있는 광고 문구에서 '모바일은' 다음에 나오는 영문 단어는 무엇인가요?,M-STOCK,M-STOCKING,M-STATION,M-STORE,a
train_1375.jpg,train/train_1375.jpg,이 건물의 간판에 적힌 기관명은 무엇인가요?,부산시청 산업진흥과,한국무역협회 부산지부,부산과학기술원,한국산업단지공단 부산지역본부,d
train_1376.jpg,train/train_1376.jpg,비상호출 버튼을 사용할 때 주의사항으로 옳은 것은 무엇인가요?,장난으로 비상스위치를 자주 눌러도 된다.,승강기 내에서 뛰지 말고 문에 기대거나 강제로 열려고 하지 말아야 한다.,고장 시에는 아무 대응을 하지 말아야 한다.,비상호출 버튼은 평상시에도 자주 눌러야 한다.,b
train_1377.jpg,train/train_1377.jpg,이 건물의 간판에 적힌 글자는 무엇인가요?,응급의료센터,건강검진센터,약국,내과 진료실,a
train_1378.jpg,train/train_1378.jpg,책 제목은 무엇인가요?,인공지능 입문,일바닥부터 시작하는 딥러닝 2,머신러닝 기초,파이썬 완전 정복,b
train_1379.jpg,train/train_1379.jpg,엘리베이터 문에 붙어 있는 '주의' 표지판 중 '손대지 마시오'라고 적힌 표지판의 색상은 무엇인가요?,빨간색과 검정색,초록색과 흰색,파란색과 노란색,노란색과 검정색,a
train_1380.jpg,train/train_1380.jpg,이 사진 속 세탁소와 문구점에 공통으로 적혀 있는 문구는 무엇인가요?,임시휴업,폐업,영업중,휴무,c
train_1381.jpg,train/train_1381.jpg,수족관에 보관된 갑각류는 무엇인가요?,홍게,대게,새우,꽃게,b
train_1382.jpg,train/train_1382.jpg,이 안내문에 따르면 전기설비 정기점검은 언제부터 시작되나요?,6월 17일 15시 30분부터,6월 18일 15시 30분부터,6월 18일 14시 30분부터,6월 17일 14시 30분부터,a
train_1383.jpg,train/train_1383.jpg,SSAFY 게시판에 적힌 '비상 대피 안내문'은 몇 층에 대한 안내인가요?,2층,4층,3층,1층,c
train_1384.jpg,train/train_1384.jpg,이 영화 포스터에 적힌 영화 제목은 무엇인가요?,스파이더맨: 파 프롬 홈,어벤져스: 엔드게임,어벤져스: 인피니티 워,아이언맨 3,b
train_1386.jpg,train/train_1386.jpg,이 그림에서 미키마우스와 함께 적혀 있는 문구는 무엇인가요?,MICKEY IN SEOUL,MICKEY IN DAEGU,MICKEY IN GANGNAM,MICKEY IN BUSAN,c
train_1387.jpg,train/train_1387.jpg,이 이미지 속 '디어 마이 히어로' 아래에 적힌 문구 중 올바른 것은 무엇인가요?,"최초의 전장, 홀로 남겨진 병사","최후의 전장, 홀로 남겨진 병사","최후의 전장, 함께 남겨진 병사","최초의 전장, 함께 남겨진 병사",b
train_1389.jpg,train/train_1389.jpg,이 과자의 1회 제공량 당 열량은 얼마인가요?,176 kcal,350 kcal,112 kcal,22 kcal,c
train_1390.jpg,train/train_1390.jpg,SEATTLE COFFEE HOUSE에서 아메리카노 가격은 얼마인가요?,$3.99,$2.99,$3.49,$4.80,b
train_1392.jpg,train/train_1392.jpg,이 화면에서 '실격'이라는 단어 옆에 적혀 있는 문구는 무엇인가요?,출발 위치를 확인하세요!,조금만 더 빨리!,성공! 출발하세요!,두둥... 부정출발!,d
train_1393.jpg,train/train_1393.jpg,지게차 뒷면에 붙어 있는 빨간색 경고 문구는 무엇을 의미하나요?,고장주의,안전운전필수,도로주행불가,과속금지,c
train_1394.jpg,train/train_1394.jpg,하천 내 금지행위에 해당하지 않는 것은 무엇인가요?,하천 유수의 저류 또는 그 방향을 변경하는 행위,하천구역 내 농작물 경작 금지,하천 내 쓰레기 투기 행위,하천시설을 손괴하거나 손괴할 우려가 있는 행위,c
train_1395.jpg,train/train_1395.jpg,위 이미지에서 '진로토닉워터'의 가격은 얼마인가요?,"13,800원","1,900원","2,700원","8,100원",b
train_1396.jpg,train/train_1396.jpg,아래 책들 중 저자가 니코스 카잔차키스인 책은 무엇인가요?,그리스인 조르바,리액트를 다루는 기술,모던 자바스크립트 핵심 가이드 3,자바스크립트 완벽 가이드,a
train_1397.jpg,train/train_1397.jpg,이 전시회에서 소개하는 명탐정 코난 영화의 제목은 무엇인가요?,The Secret of Blue Water,The Last Wizard,The Million-dollar Pentagram,The Phantom of Baker Street,c
train_1398.jpg,train/train_1398.jpg,포장 용기에 적힌 두 가지 음식 이름 중 하나가 아닌 것은 무엇인가요?,CINNAMON ROLL,red bean butter cake,chocolate muffin,redbean butter cake,c
train_1399.jpg,train/train_1399.jpg,이미지 속 과자 중 '누가바' 제품에 적힌 문구가 아닌 것은 무엇인가요?,NOUGAT BAR,초코파이,누가바,아이스크림,b
train_1400.jpg,train/train_1400.jpg,"한라산 탐방로 안내에 따르면, 진달래밭 대피소에서 사라오름 입구까지의 거리는 얼마인가요?",1.2 km,0.3 km,2.3 km,1.7 km,a
train_1401.jpg,train/train_1401.jpg,이 이미지에 적힌 와이파이 무선랜 암호는 무엇인가요?,PA#ABCDE123,PA#7502C3F,PA#00000000,PA#1234ABCD,b
train_1402.jpg,train/train_1402.jpg,이 건물에 있는 피자 가게의 이름은 무엇인가요?,Pizza Place,Flour Tomato Cheese,Tomato Bar,Blue Nomad,b
train_1403.jpg,train/train_1403.jpg,이 사진 속 간판에서 볼 수 있는 치과 이름은 무엇인가요?,유스타일나인,ATA치과,리스펙 성형외과의원,강남클리어치과,d
train_1405.jpg,train/train_1405.jpg,이 사진 속 나무에 붙어 있는 포스터에서 진행하는 이벤트의 이름은 무엇인가요?,겨울맞이 윈터 EVENT,봄맞이 스프링 EVENT,여름맞이 썸머 EVENT,가을맞이 가을 EVENT,c
train_1406.jpg,train/train_1406.jpg,이 가게의 상호명으로 올바른 것은 무엇인가요?,사대부 찜닭,안동 찜닭,대장 찜닭,일데이 찜닭,a
train_1407.jpg,train/train_1407.jpg,이 가게에서 남자 지원자가 2차로 통과해야 하는 항목은 무엇인가요?,오토바이 레이스,면접,닭해부,직성검사,a
train_1408.jpg,train/train_1408.jpg,소화전 사용 방법 중 2단계는 무엇인가요?,밸브 닫기,불 끄기,호스 빼내기,밸브 열기,d
train_1409.jpg,train/train_1409.jpg,이 건물에 입점해 있는 음식점 이름은 무엇인가요?,태미안 치과의원,MOM'S TOUCH,SULBING,소묘 요가,b
train_1410.jpg,train/train_1410.jpg,이 사진 속 간판에 적힌 테마파크의 이름은 무엇인가요?,디즈니랜드 파리,에버랜드,디즈니월드 플로리다,유니버셜 스튜디오,a
train_1412.jpg,train/train_1412.jpg,이 건물 앞에 세워진 표지판에 적힌 내용 중 맞는 것은 무엇인가요?,Technoring HANKOOK PROVING GROUND,Technoring HANKOOK PROVING GROUND | HMG Driving Experience Center,HMG Driving Experience Center | KIA Driving Park,HMG Driving Experience Center | Hyundai School,a
train_1413.jpg,train/train_1413.jpg,이 광고에서 '홈플러스 즉시배달' 서비스를 이용하려면 어떤 배달 앱을 사용할 수 있나요?,요기요,쿠팡이츠,배달의민족,배달통,c
train_1414.jpg,train/train_1414.jpg,보드게임 주말요금 중 1인 기준 3시간 요금의 청소년 요금은 얼마인가요?,"3,000원","2,200원","5,500원","7,000원",c
train_1415.jpg,train/train_1415.jpg,이 행사 이벤트 기간은 언제부터 언제까지인가요?,7월 1일~3일,7월 2일~5일,7월 10일~15일,6월 25일~30일,b
train_1416.jpg,train/train_1416.jpg,이 액자에 적힌 LA 레이커스가 우승한 연도는 무엇인가요?,"1983, 1984","1986, 1987","1985, 1986","1984, 1985",d
train_1418.jpg,train/train_1418.jpg,이 사진에 보이는 초록 매실 음료의 1+1 행사 가격은 얼마인가요?,"2,990원","5,780원","4,980원","4,280원",d
train_1420.jpg,train/train_1420.jpg,이 사진 속 간판에 적힌 학교 이름은 무엇인가요?,한밭대학교 정문,대전과학기술대학교 남문,국립대전대학교 후문,국립한밭대학교 북문,d
train_1421.jpg,train/train_1421.jpg,이 상품의 가격은 얼마인가요?,12000원,10000원,15000원,1200원,a
train_1422.jpg,train/train_1422.jpg,사진 속 간판에 적힌 음식점 이름은 무엇인가요?,맛있는 찌개 집,엄지척 찌개 박사,정성 가득 찌개,행복한 찌개,b
train_1423.jpg,train/train_1423.jpg,이 건물에 입주해 있는 병원이나 의원 중 한방 진료를 하는 곳은 어디인가요?,세살로 외과의원,클라리티 치과의원,조이앤부부 한의원,도안양영병원,c
train_1424.jpg,train/train_1424.jpg,이 안내문에 따르면 식당 출구를 나가려면 어떻게 해야 하나요?,계단으로 이동 후 19층 엘리베이터를 이용해야 한다,엘리베이터를 타고 20층으로 가야 한다,계단으로 이동 후 20층 출구를 이용해야 한다,직진 후 20층 계단을 이용해야 한다,a
train_1425.jpg,train/train_1425.jpg,"이 이미지에서 """"눈으로만 봐주세요""""라고 적힌 안내문은 무엇을 의미하나요?",장난감을 눈으로만 보고 만지지 말라는 뜻이다,장난감을 싸게 판매한다는 의미이다,장난감을 구매하라는 뜻이다,장난감을 만지지 말라는 의미이다,a
train_1426.jpg,train/train_1426.jpg,이 명찰에 적힌 이름은 무엇인가요?,최지훈,김철수,박민영,임유리,d
train_1427.jpg,train/train_1427.jpg,피라칸사스에 관한 설명 중 옳은 것은 무엇인가요?,크기는 1~2m이고 9~10월에 아름다운 열매가 열린다,서식지는 주로 물가 근처이다,크기는 3~4m이고 6~7월에 꽃이 핀다,잎이 넓고 4~5월에 열매가 익는다,a
train_1428.jpg,train/train_1428.jpg,이 지하철역 안내판에서 '나가는 곳'을 영어로 어떻게 표기했나요?,Entrance,Exit,Ticket,Transfer,b
train_1430.jpg,train/train_1430.jpg,다음 중 이미지에 적힌 문구에 포함된 내용으로 올바른 것은 무엇인가요?,내일의 계획 세우기,친구와 함께 산책하기,건강한 식단 만들기,오늘의 좋았던 순간 기록하기,d
train_1431.jpg,train/train_1431.jpg,벽에 가득 붙어 있는 포스트잇에 적힌 문구 중 하나는 무엇인가요?,하나 둘 셋 착각!,이곳에서 사진 촬영 금지,모두 함께 사진을 찍어요,카메라로 이쁜 척하고 찍을 때 제폰이 무슨 생각 하는지 그려주세요,a
train_1432.jpg,train/train_1432.jpg,이 제품의 소비기한은 언제까지인가요?,2026.07.19까지,2026.05.19까지,2025.06.17까지,2026.06.17까지,d
train_1433.jpg,train/train_1433.jpg,이 약국 입구 유리창에 붙어 있는 광고 문구 중 '누적판매 7000만병'이라고 적힌 제품은 무엇인가요?,Rejuvenex,비타스틱,센스데이정,글루코G액,d
train_1434.jpg,train/train_1434.jpg,이 과자의 이름은 무엇인가요?,빙그레 생크림 케이크,해태 초코파이,오리온 초코송이,롯데 몽쉘 생크림 케이크,d
train_1437.jpg,train/train_1437.jpg,이 선반에 진열된 상품 중에서 Mini KeyRing POM POM의 가격은 얼마인가요?,$19.99,$14.99,$12.99,$9.99,c
train_1438.jpg,train/train_1438.jpg,이 라면 포장지에 적힌 맛은 무엇인가요?,짜장맛,순한맛,김치맛,매운맛,b
train_1439.jpg,train/train_1439.jpg,사진 속 파란색 세로 간판에 적혀 있는 회사명은 무엇인가요?,한밭종판,에스원,캐리어에어컨,AIR ONE,c
train_1440.jpg,train/train_1440.jpg,사진에 보이는 '홍탁' 가게에서 전문적으로 취급하는 음식은 무엇인가요?,홍어요리,삼겹살,불고기,김치찌개,a
train_1443.jpg,train/train_1443.jpg,식당 출구로 가려면 어떻게 해야 한다고 적혀 있나요?,엘리베이터를 타고 20층으로 가세요.,20층에서 식당 출구 방향으로 걸어가세요.,19층에서 바로 식당 출구로 나가세요.,계단으로 이동 후 19층 엘리베이터를 이용하세요.,d
train_1444.jpg,train/train_1444.jpg,이 사진 속 현수막에 적힌 공연 장소는 어디인가요?,KINTEX HALL 10,서울 올림픽 경기장,세종문화회관,코엑스 컨벤션 센터,a
train_1445.jpg,train/train_1445.jpg,이 버스 정류장 광고에 나온 제품 이름은 무엇인가요?,박서준,볼뉴머,대한사회복지회,피부과,b
train_1447.jpg,train/train_1447.jpg,노원여성인력개발센터의 2026년 새일여성인턴제에서 지원하는 최대 금액은 얼마인가요?,최대 460만원 지원,최대 400만원 지원,최대 500만원 지원,최대 350만원 지원,a
train_1448.jpg,train/train_1448.jpg,이 게시물에서 인터뷰 진행 시 촬영된 사진과 영상은 어떻게 활용될 수 있다고 안내하고 있나요?,외부에 공개되지 않는다,홍보용으로 활용될 수 있다,개인 소장용으로만 사용된다,인터뷰 후 즉시 삭제된다,b
train_1450.jpg,train/train_1450.jpg,달력에 적힌 2월 2일의 문구는 무엇인가요?,오늘은 특별한 날입니다,시간은 소중하니 낭비하지 마세요,아무리 누구와 있든 너의 시간에 행복으로 가득하길 기도해,행복한 하루 보내세요,c
train_1451.jpg,train/train_1451.jpg,이 책의 제목은 무엇인가요?,JLPT N1 일본어 문법 노트,JLPT N3 일본어 회화 노트,JLPT N2 일본어 단어 쓰기 노트,JLPT N2 일본어 독해 노트,c
train_1452.jpg,train/train_1452.jpg,이 건물 1층에 위치한 가게의 이름은 무엇인가요?,HALL OF YOU,DESSERT CAFE,MILLION HOUSE,COFFEE DESSERT MILLION,c
train_1453.jpg,train/train_1453.jpg,"Zeusflower 매장 앞에 있는 주차 안내에 따르면, 제우스플라워 이용고객은 대구에 위치한 어디의 주차장을 이용할 수 있나요?",대구백화점 주차장,동성로 꽃시장 주차장,동성로 주차장,대구역 주차장,a
train_1454.jpg,train/train_1454.jpg,사진에 있는 안내판에 적힌 내용은 무엇인가요?,쓰레기 무단 투기 금지 벌금 부과,개 조심 산책로에 개가 있습니다,뱀 조심 가끔 뱀이 나와요 조심하세요,낙석 주의 이 지역은 낙석 위험 구간입니다,c
train_1455.jpg,train/train_1455.jpg,이 가게에서 '7일 숙성 프리미엄 소고기' 500g의 추가 주문 가격은 얼마인가요?,반값,"60,000원","2,900원","30,000원",d
train_1457.jpg,train/train_1457.jpg,SSU 취업 비상구 프로그램에서 제공하지 않는 서비스는 무엇인가요?,"구직역량강화 (서류, 면접, 인적성검사)","직무역량강화 (취업동아리, 공모전)",1:1 상담 (개인별 컨설팅),무료 취업 알선 서비스,d
train_1458.jpg,train/train_1458.jpg,이 건물 입구에 걸린 현수막에서 모집하는 회원은 어떤 종류인가요?,웨딩 및 행사 회원,호텔 투숙객 회원,피트니스센터&사우나 월 회원,레스토랑 식사 회원,c
train_1459.jpg,train/train_1459.jpg,이 건물에 있는 상호명 중 '핑크 아로마 테라피'와 함께 적힌 전화번호는 무엇인가요?,2669-803,803-2669,803-1970,1970-803,b
train_1460.jpg,train/train_1460.jpg,전화 부스에 붙어 있는 포스터에 적힌 문구 중 맞는 것은 무엇인가요?,이곳저곳 다...두 번!,이곳저곳 다...네 번!,이곳저곳 다...한 번!,이곳저곳 다...세 번!,c
train_1462.jpg,train/train_1462.jpg,이 가게에서 주말과 공휴일에 설렁탕의 할인된 가격은 얼마인가요?,"9,900원","10,000원","8,900원","12,000원",a
train_1463.jpg,train/train_1463.jpg,미나리의 효능으로 옳지 않은 것은 무엇인가요?,"혈관, 혈압 건강개선",심혈관질환 예방,간기능 개선,중금속 배출과 해독,a
train_1465.jpg,train/train_1465.jpg,이 표지판에 따르면 이 지역에서 금지된 행위가 아닌 것은 무엇인가요?,야외 취사 행위,음주 후 장난 및 수영하는 행위,야간 및 기상악화 시 출입하는 행위,낚시 및 물놀이 행위,a
train_1466.jpg,train/train_1466.jpg,이 장소의 도로명 주소는 무엇인가요?,동서대로 182,서동대로 128,동서로 128,동서대로 128,d
train_1467.jpg,train/train_1467.jpg,이미지 속 붙어 있는 임대 문의 전화번호 중 하나는 무엇인가요?,010-0000-0000,010-5555-1234,010-1234-5678,010-4858-7892,d
train_1468.jpg,train/train_1468.jpg,중·대형 보관함의 기본요금은 얼마인가요?,"1,000원","4,000원","2,000원","3,000원",d
train_1469.jpg,train/train_1469.jpg,효치과의원에서 사용하는 치료법은 무엇인가요?,한방 치료법,레이저 치료법,의식하 진정법을 이용한 임플란트,치아 교정 치료법,c
train_1471.jpg,train/train_1471.jpg,이 와인 병 라벨에 적힌 와인의 종류는 무엇인가요?,MAGIQUE MUJU WHITE WINE,MAGIQUE MUJU RED WINE,MAGIQUE MUJU WILD GRAPES WINE,MAGIQUE MUJU SPARKLING WINE,c
train_1472.jpg,train/train_1472.jpg,이 사진 속 지하철 출입구 번호는 무엇인가요?,8,6,9,7,a
train_1473.jpg,train/train_1473.jpg,이 사진에 보이는 광고판 중 '리쥬란' 광고 문구로 옳은 것은 무엇인가요?,Rewrite Your Story,한국몬테소리와 함께하세요,강남대로,조종차로 버스전용,a
train_1474.jpg,train/train_1474.jpg,칠렉스 24 매장에서만 특별하게 만나볼 수 있는 제품은 무엇인가요?,칠렉스 제품,전자담배,프리미엄 커피,핫핸드,a
train_1475.jpg,train/train_1475.jpg,에디야 커피의 신제품인 '그 시절 우리는 모두 달달했다' 메뉴의 가격은 얼마인가요?,"8,900원","5,700원","3,200원","4,000원",c
train_1476.jpg,train/train_1476.jpg,이 사진에 보이는 주유소의 이름은 무엇인가요?,GS Caltex,SK Energy,S-Oil,Hyundai Oilbank,d
train_1477.jpg,train/train_1477.jpg,이 건물에 입주해 있는 업체 이름으로 옳지 않은 것은 무엇인가요?,서울 커피숍,플라이트 줄넘기,YOUR PIANO,강치대 약국 태안점,a
train_1478.jpg,train/train_1478.jpg,이 사진에서 빨간색 원형 표지판에는 어떤 문구가 적혀 있나요?,통행금지,진입금지,출입금지,주차금지,b
train_1479.jpg,train/train_1479.jpg,사진 속 식당 간판에 적힌 상호명은 무엇인가요?,BULK COFFEE,큰뱅 하우스,연지메 연탄구이,효자동 숯불구이,c
train_1481.jpg,train/train_1481.jpg,이 마스크 팩 제품의 가격은 얼마인가요?,200엔,328엔,"1,000엔",500엔,b
train_1482.jpg,train/train_1482.jpg,감자튀김 포장지에 적힌 문구는 무엇인가요?,편한 마음 한 스푼,신선한 감자튀김,맛있는 감자튀김,행복 가득 한 입,a
train_1483.jpg,train/train_1483.jpg,이미지에 적힌 '232°C'는 무엇을 나타내는 온도인가요?,빵을 굽는 온도,기네스 맥주를 굽는 온도,커피를 추출하는 온도,물을 끓이는 온도,b
train_1484.jpg,train/train_1484.jpg,이 전시회의 제목은 무엇인가요?,위대한 장군 이순신,우리들의 이순신,한국의 전설 이순신,바다의 영웅 이순신,b
train_1485.jpg,train/train_1485.jpg,이 편의점 출입문에 붙어 있는 노란색 안내문의 주요 내용은 무엇인가요?,24시간 영업 중입니다,입장 시 마스크 착용 필수,담배는 NO답 대세는 NO담,음료는 냉장보관하세요,c
train_1488.jpg,train/train_1488.jpg,이 카페의 상호명은 무엇인가요?,caffebene,starbucks,hollys,banapresso,d
train_1489.jpg,train/train_1489.jpg,이 음료 캔에 적힌 '70 DAYS MANGO'라는 문구의 의미로 가장 적절한 것은 무엇인가요?,70가지 맛이 조합된 망고 음료,70일 동안 자연에서 자란 망고를 사용했다,70일 동안 숙성시킨 망고 주스,70일 동안 보관 가능한 망고 음료,b
train_1490.jpg,train/train_1490.jpg,이 이미지에 적힌 뮤지컬 제목은 무엇인가요?,데스노츠,데스라이,데스레,데스노트,d
train_1491.jpg,train/train_1491.jpg,이 과자 상자의 이름은 무엇인가요?,바나나칩,초코칩 쿠키,녹차 롤케,코코넛 롤케,d
train_1492.jpg,train/train_1492.jpg,이 사진 속에서 '아에스튜라(AESTURA)' 브랜드의 제품들이 주로 진열되어 있는 칸의 색상은 무엇인가요?,노란색,초록색,파란색,빨간색,c
train_1493.jpg,train/train_1493.jpg,사진 속 상점의 간판에 적힌 '백세라이프'가 의미하는 것은 무엇인가요?,전자제품 수리 센터,도서 및 문구류 판매점,기능성 인증식품 및 건강식품을 판매하는 곳,패션 의류 매장,c
train_1494.jpg,train/train_1494.jpg,"이미지 속 안내문에 따르면, SK스토아 매장에서 리모컨 쇼핑 시 제공되는 혜택은 무엇인가요?",회원 등급 업그레이드,무료 배송 + 사은품 증정,추가 할인 + 추가 적립,1+1 행사,c
train_1495.jpg,train/train_1495.jpg,사진 속 과자 봉지에 적힌 글자는 무엇인가요?,Corn Snack,Potato Crisp,Oatmeal Cookie,Healthy Chips,b
train_1497.jpg,train/train_1497.jpg,이 안내문에 적힌 요청 사항은 무엇인가요?,문을 열어주세요,창문을 열어주세요,창문을 닫아주세요,문을 닫아주세요,d
train_1498.jpg,train/train_1498.jpg,테이블 위에 붙어 있는 빨간색 원형 스티커에는 무엇이라고 적혀 있나요?,테이블 위 QR코드로 PAYMENT,테이블 위 QR코드로 RESERVE,테이블 위 QR코드로 ORDER,테이블 위 QR코드로 TAKE OUT,c
train_1500.jpg,train/train_1500.jpg,이 장소의 이름은 무엇인가요?,관악산 정상,북한산 정상,도봉산 정상,인왕산 정상,d
train_1501.jpg,train/train_1501.jpg,이 라면의 이름은 무엇인가요?,해찬들 고추장,신라면,삼양라면,공간촌 쟁반짬짜면,d
train_1502.jpg,train/train_1502.jpg,이 제품의 가격은 얼마인가요?,"99,900원","159,900원","129,900원","139,900원",d
train_1503.jpg,train/train_1503.jpg,이 건물에 위치한 '제일안과' 병원은 몇 층에 있나요?,4층,3층,2층,1층,b
train_1504.jpg,train/train_1504.jpg,이미지 속 긴급 전화 표시에 적힌 차량 번호는 무엇인가요?,1435,6403333,0419,053,a
train_1505.jpg,train/train_1505.jpg,서울교통공사 국제지하철영화제(SMiFF) 공모전은 몇 월 며칠부터 몇 월 며칠까지 열리나요?,2026년 8월 1일 ~ 9월 30일,2026년 7월 22일 ~ 8월 12일,2026년 9월 1일 ~ 10월 23일,2026년 6월 1일 ~ 7월 31일,b
train_1506.jpg,train/train_1506.jpg,이 건물에 입점한 의료기관 중 안과는 어떤 곳인가요?,미소앤치과의원,밝은 안과의원,우리아이비뇨기과,지망안과,b
train_1507.jpg,train/train_1507.jpg,현재 재생 중인 노래 제목은 무엇인가요?,첫사랑 - 백예린,봄봄봄 - 로이킴,너를 만나 - 폴킴,벚꽃 엔딩 - 버스커 버스커,b
train_1508.jpg,train/train_1508.jpg,이 키보드에서 한영 전환을 하는 키는 무엇인가요?,한/영,Ctrl,Shift,Caps Lock,a
train_1510.jpg,train/train_1510.jpg,사진 속 건물에 적힌 호텔 이름은 무엇인가요?,SEOUL GRAND HOTEL,SEOUL CITY HOTEL,INN SEOUL HOTEL,SEOUL INN HOTEL,d
train_1511.jpg,train/train_1511.jpg,이 트럭에 붙어 있는 '우회전 시 주의' 표지판에서 주의해야 할 내용은 무엇인가요?,우회전할 때 사각지대를 주의하라는 내용,우회전 금지,주차 금지,화물 적재 금지,a
train_1512.jpg,train/train_1512.jpg,이 도로 표지판에 따르면 '광산 IC'로 가려면 어느 방향으로 가야 하나요?,오른쪽,뒤로 돌아감,왼쪽,직진,a
train_1513.jpg,train/train_1513.jpg,마스터키친에서 판매하는 메뉴 중 가격이 가장 비싼 음식은 무엇인가요?,일생 카레 돈가스,치즈 모카라이스,연어덮밥,꾸텐동,c
train_1514.jpg,train/train_1514.jpg,조동욱 선수의 시즌 기록 중 평균자책점은 얼마인가요?,4.20,3.00,1.80,2.50,b
train_1516.jpg,train/train_1516.jpg,이 사진에 보이는 축구 경기장 입구의 이름은 무엇인가요?,CHAMPS,SAINT-GERMAIN,AUTEUIL,PARIS,c
train_1517.jpg,train/train_1517.jpg,이미지 속 'Buldak Potato chips' 과자 맛은 무엇인가요?,Cheddar Cheese,Jalapeno & Cheese,Quattro Cheese,Seafood Flavor,c
train_1519.jpg,train/train_1519.jpg,이 사진에 보이는 육교의 이름은 무엇인가요?,서울육교,강남육교,한강육교,삼성육교,d
train_1520.jpg,train/train_1520.jpg,햄버거 포장지에 적힌 가게 이름은 무엇인가요?,OLD SCHOOL,KICKIN' NOT,GRANDPA,ROCKADOODLE,c
train_1521.jpg,train/train_1521.jpg,이 초콜릿 제품의 이름은 무엇인가요?,SilverQueen Bite,Choco Almond,Milk Chocolate Delight,Almond Joy,a
train_1522.jpg,train/train_1522.jpg,사진 속 간판에 보이는 '하매 과일 카페'에서 제공하는 메뉴가 아닌 것은 무엇인가요?,생과일주스,예단,냉면,감과일,c
train_1523.jpg,train/train_1523.jpg,이 가게에서 전문적으로 판매하는 음식은 무엇인가요?,라면 & 만두,치킨 & 피자,떡볶이 & 김밥,불고기 & 비빔밥,c
train_1525.jpg,train/train_1525.jpg,이 간판에 적힌 카페 이름은 무엇인가요?,카페 아모리,카페 아모렘,카페 아로마,카페 아모레,b
train_1526.jpg,train/train_1526.jpg,다음 중 이미지에 보이는 책 제목이 아닌 것은 무엇인가요?,TCP/IP 소켓 프로그래밍,유니티 교과서,이펙티브 C++,파이썬 완벽 가이드,d
train_1528.jpg,train/train_1528.jpg,사진 속 상점 중 여성 의류 매장의 이름은 무엇인가요?,광주은행,해담 약국,Pharmacy,CROCODILE LADIES,d
train_1529.jpg,train/train_1529.jpg,이 과자 한 개(20g)의 열량은 얼마인가요?,102 kcal,160 kcal,200 kcal,54 kcal,a
train_1530.jpg,train/train_1530.jpg,사진 속 학원 이름은 무엇인가요?,GRAB&GO Crepes,더 오름 국어학원,더 오름 수학학원,허석 영어학원,b
train_1533.jpg,train/train_1533.jpg,사진 속 제품 이름은 무엇인가요?,락토핏 코어맥스,락토핏 프로맥스,락토핏 베이직,락토핏 플러스,a
train_1535.jpg,train/train_1535.jpg,이 이미지에 보이는 휴대폰 케이스 중 '아이폰 15 프로 맥스 호환용' 제품의 가격은 얼마인가요?,"\3,000","\2,000","\5,000","\4,000",a
train_1537.jpg,train/train_1537.jpg,이 책의 제목은 무엇인가요?,제로 클릭 시대를 살아가는 마케터를 위한 새로운 필독서,"챗GPT야, 강남 맛집 추천해 줘!",AI가 우리 브랜드를 알아서 홍보해 준다고요?,우리는 광고비 없이 AI로 팝니다,d
train_1538.jpg,train/train_1538.jpg,이 음식점 간판에 적힌 상호명은 무엇인가요?,돼지촌,맛있는 돼지고기,두껍삼,삼겹살나라,c
train_1539.jpg,train/train_1539.jpg,사진 속 액자에 적힌 문구는 무엇입니까?,"책 한 권, 음반 한 장, 모두의 노력으로 유지됩니다.","책 두 권, 음반 두 장, 모두의 신뢰로 유지됩니다.","책 한 권, 음반 한 장, 모두의 신뢰로 유지됩니다.","책 한 권, 음반 한 장, 모두의 약속으로 유지됩니다.",c
train_1540.jpg,train/train_1540.jpg,모니터 받침대에 부착된 브랜드명은 무엇인가요?,SAMSUNG,HP,DELL,LG,a
train_1541.jpg,train/train_1541.jpg,"이 메뉴판에 따르면, '茶蕎?ざるおにぎり'의 가격은 얼마인가요?",800円,1200円,900円,1100円,c
train_1542.jpg,train/train_1542.jpg,이미지 속 '콘푸레이크 천마차' 상자에 적힌 가격은 얼마인가요?,"\4,000","\3,000","\2,500","\3,500",b
train_1543.jpg,train/train_1543.jpg,이 소금 제품의 브랜드 이름은 무엇인가요?,미원 맛소금,백설 소금,청정원 맛소금,오뚜기 소금,a
train_1545.jpg,train/train_1545.jpg,사진에 보이는 간판에 적힌 병원의 전문 과목은 무엇인가요?,구미시응급의료과,구미시내과,구미시안전재난과,구미시정신건강과,c
train_1548.jpg,train/train_1548.jpg,이 사진에 있는 건물의 간판에는 무엇이라고 적혀 있나요?,삼성역,대전역,부산역,서울역,a
train_1549.jpg,train/train_1549.jpg,사진 속 바닥에 있는 경고문에 적힌 내용은 무엇인가요?,화재 경고,출입 금지,문 열림 주의,낙상 주의,c
train_1550.jpg,train/train_1550.jpg,이 건물에 붙어 있는 '임대' 안내문에 적혀 있는 전화번호 중 하나는 무엇인가요?,02-345-6789,010-9999-8888,010-6460-8152,010-1234-5678,c
train_1551.jpg,train/train_1551.jpg,사진 속 커피 전문점 'Now Coffee'에서 아메리카노 가격은 얼마인가요?,"1,000원","1,800원","1,400원","2,000원",c
train_1553.jpg,train/train_1553.jpg,이 영화 입장권에서 관람하는 영화의 제목은 무엇인가요?,어벤져스: 엔드게임,기생충,오디세이(IMAX 2D),인터스텔라,c
train_1554.jpg,train/train_1554.jpg,이 가게의 이름은 무엇인가요?,금강직영,엄마,신발 슈퍼,신사화 보세화,c
train_1555.jpg,train/train_1555.jpg,사진에 보이는 간판에 적힌 장소 이름은 무엇인가요?,新宿一丁目 (Shinjuku 1),京都四丁目 (Kyoto 4),銀座三丁目 (Ginza 3),?谷二丁目 (Shibuya 2),c
train_1556.jpg,train/train_1556.jpg,이 공원 입구에 설치된 조형물에 적힌 글자는 무엇인가요?,Cool KUSHIRO,Cool KUSHIRU,Cool KUSHIRA,Cool KUSHIR,d
train_1558.jpg,train/train_1558.jpg,오레오 과자의 맛은 무엇이라고 적혀 있나요?,딸기 크림,민트 크림,바닐라 크림,초콜릿 크림,d
train_1559.jpg,train/train_1559.jpg,이 간판에 적힌 웹사이트 주소는 무엇인가요?,www.sansosu.com,www.sansosu.co.kr,www.sansosu.kr,www.sansosu.net,b
train_1560.jpg,train/train_1560.jpg,왼쪽 상자에 포함된 립 틴트의 종류는 무엇인가요?,수분 촉촉 히알루 립밤,브링그린 대나무 히알루 립 에센스,네이밍 오버 듀 글로시 립 틴트,부오이 헤어 클립,c
train_1561.jpg,train/train_1561.jpg,벽에 붙어 있는 노란색 안내판에 적힌 전화번호는 무엇인가요?,031-987-6543,010-6357-7834,02-123-4567,010-1234-5678,b
train_1562.jpg,train/train_1562.jpg,이 사진에 보이는 건물에 있는 태권도 학원의 전화번호는 무엇인가요?,221-2294,223-9191,010-8845-8374,02-706-6638,a
train_1563.jpg,train/train_1563.jpg,사진 속 텀블러에 적힌 브랜드 이름은 무엇인가요?,SAMSONITE,CAMELBAK,STANLEY,THERMOS,c
train_1564.jpg,train/train_1564.jpg,사진 속 'THOMAS STEARNS ELIOT'의 출생 연도는 언제인가요?,1809년,1892년,1843년,1888년,d
train_1565.jpg,train/train_1565.jpg,이 경고문에서 음식물 쓰레기는 어떻게 배출해야 한다고 되어 있나요?,재활용품과 함께 배출한다,종량제 봉투에 배출한다,전용 수거용기에 배출한다,대형업체에 맡긴다,c
train_1566.jpg,train/train_1566.jpg,사진 속에 있는 캐릭터가 들고 있는 팻말에 적힌 문구는 무엇인가요?,Welcome to,Nintendo,Hello♡,Mario,c
train_1567.jpg,train/train_1567.jpg,오늘 날씨 안내판에 표시된 오늘의 최고 기온은 얼마인가요?,29도,27도,25도,31도,b
train_1568.jpg,train/train_1568.jpg,해금강 횟집 민박에서 제공하는 메뉴가 아닌 것은 무엇인가요?,피자,비빔밥,칼국수,생선회,a
train_1570.jpg,train/train_1570.jpg,이 간판에 적힌 상호명은 무엇인가요?,부산카센터,대전모터,구미모터스,서울자동차,c
train_1571.jpg,train/train_1571.jpg,사진 속 건물에 입점해 있는 음식점 중 대게를 전문으로 하는 음식점의 이름은 무엇인가요?,모래내 노래연습장,연습장,마돈레게,대게굴삼,d
train_1572.jpg,train/train_1572.jpg,폰 노이만 병목 현상(Von-Neumann Bottleneck)에 대한 설명으로 옳은 것은 무엇인가요?,"중앙 처리 장치에서 명령어나 데이터를 메모리에서 가져와 처리한 후, 결과 데이터를 메모리에 다시 보내 저장한다.",양자 컴퓨터와 같은 비 폰 노이만 구조에 속한다.,프로그램 일부를 하드웨어화하여 고속 처리를 가능하게 한다.,병렬 처리 기능을 갖춘 컴퓨터 구조를 의미한다.,a
train_1573.jpg,train/train_1573.jpg,이 제품의 맛은 무엇이라고 적혀 있나요?,자몽향,민트향,레몬향,오렌지향,b
train_1574.jpg,train/train_1574.jpg,이 시장의 이름은 무엇인가요?,남대문시장,신흥시장,해방촌시장,광장시장,b
train_1575.jpg,train/train_1575.jpg,이 건물 외벽에 적힌 글씨 중 일부로 보이는 것은 무엇인가요?,INCHEON,BUSAN,GANGNAM,SEOUL,c
train_1576.jpg,train/train_1576.jpg,이 사진에 보이는 자외선 차단제의 SPF 지수는 무엇인가요?,SPF30,SPF45,SPF15,SPF50+,d
train_1577.jpg,train/train_1577.jpg,이 건물에 입주해 있는 한의원 이름은 무엇인가요?,홍익스한의원,돈독더미,행복한식회,학기도 클럽,a
train_1579.jpg,train/train_1579.jpg,이 승차권의 이용 요금은 얼마인가요?,"10,000원","8,500원","7,500원","9,000원",d
train_1580.jpg,train/train_1580.jpg,이 이미지에 적힌 문구에서 2026년을 맞이하여 어떤 메시지를 전달하고 있나요?,"같이 달려요, 더 건강한 서울로!",행복 가득한 새해 되세요!,희망찬 2026년을 기원합니다!,"더 멀리, 더 높이 도약하자!",a
train_1581.jpg,train/train_1581.jpg,이 역의 이름은 무엇인가요?,愛?,幸福?,平和?,希望?,b
train_1582.jpg,train/train_1582.jpg,이 식당에서 '통삼겹살'에 대해 설명한 내용으로 맞는 것은 무엇인가요?,매운 양념이 잘 배어 있는 삼겹살이다.,껍질이 바삭하게 구워진 삼겹살이다.,고소한 육즙과 부드러운 육질이 특징이다.,채소와 함께 양념에 재운 삼겹살이다.,c
train_1583.jpg,train/train_1583.jpg,이미지 속 '인스티튜트'가 공지한 내일 교육 주제는 무엇인가요?,레버리지의 위험성 실전편,주식 투자 전략,시장 분석 방법,레버리지의 기본 개념,a
train_1584.jpg,train/train_1584.jpg,다음 중 이미지에 보이는 책 제목이 아닌 것은 무엇인가요?,3일간의 행복,나는 아내와의 결혼을 후회한다,인생을 살아가는 철학,종이 한 장으로 요약하는 기술,b
train_1585.jpg,train/train_1585.jpg,이 사진 속 가게의 이름은 무엇인가요?,Burger King,Kuromi BURGER STAGE,Burger Cafe Caribbean,멜팅소울 캐리비안,b
train_1586.jpg,train/train_1586.jpg,이 간판에서 전문적으로 판매하는 품목은 무엇인가요?,커피 전문점,생선 전문점,밀키트 전문점,과일 전문점,c
train_1587.jpg,train/train_1587.jpg,이 게시판의 제목은 무엇인가요?,장씨처녀와 소금장수의 전설,풍영정의 아름다운 이야기,소금장수와 장씨처녀의 풍영정 애사,풍영정의 역사 이야기,c
train_1588.jpg,train/train_1588.jpg,사진 속 건물 간판에 적힌 '성심당'은 어떤 시설인가요?,미용실,노래방,레스토랑,카페,c
train_1589.jpg,train/train_1589.jpg,이 사진에 보이는 도로 표지판에 적힌 길 이름은 무엇인가요?,테헤란로 34길,강남대로,역삼로,삼성로,a
train_1590.jpg,train/train_1590.jpg,이미지 속 2층에 위치한 금사닝PT의 1:1PT 전문 희망 월 이용료는 얼마인가요?,월 6만원대,월 3만원대,월 5만원대,월 4만원대,d
train_1591.jpg,train/train_1591.jpg,이 건물 공사 완료 예정 연도는 언제인가요?,2023년,2028년,2030년,2025년,b
train_1592.jpg,train/train_1592.jpg,이미지 속 발표 자료에서 'EXPLORATORY TESTING'과 관련된 설명으로 옳은 것은 무엇인가요?,"Does the screen open, are key elements visible, is the step order right.","Strange combinations, rare patterns, unexpected transitions.","Smoke, repeatable checks, known edge cases.","Login, registration, document upload, confirmation, navigation.",b
train_1593.jpg,train/train_1593.jpg,사진 속 '햇반' 용기 겉면에 적혀 있는 내용 중 맞는 것은 무엇인가요?,햇반은 조리하지 않고 바로 먹어도 됩니다.,햇반은 상온에서 12개월 보관 가능,햇반은 전자레인지에 3분만 돌리면 됩니다.,햇반은 냉장 보관이 필요합니다.,c
train_1594.jpg,train/train_1594.jpg,이 구두수선 가게에서 제공하는 주요 서비스는 무엇인가요?,휴대폰 수리,이발 서비스,세탁 서비스,구두수선·열쇠,d
train_1595.jpg,train/train_1595.jpg,이 행사장의 벽에 적힌 문구 중 'KOREA SUPER-PIG'와 함께 아래에 적힌 문구는 무엇인가요?,돼지고기와 맥주의 만남!,맛있는 돼지고기 축제!,한국의 슈퍼 돼지 등장!,한돈과 함께하면 뭐든 돼지!,d
train_1597.jpg,train/train_1597.jpg,이 제품의 캡슐 수량은 몇 개인가요?,100 캡슐,150 캡슐,50 캡슐,200 캡슐,a
train_1598.jpg,train/train_1598.jpg,이 광고 배너에 적혀 있는 성형외과 전문의의 경력은 몇 년입니까?,30년,10년,23년,15년,c
train_1601.jpg,train/train_1601.jpg,이 사진에서 보이는 미용실의 이름은 무엇인가요?,스텔라헤어,헤어스타,헤어샵,스타일헤어,a
train_1602.jpg,train/train_1602.jpg,"'통오징어짬뽕' 메뉴 설명에 따르면, 이 음식에 들어가는 해산물 중 몇 마리의 오징어가 들어가나요?",네 마리,세 마리,한 마리,두 마리,c
train_1603.jpg,train/train_1603.jpg,'여름 라이트' 카드에 적힌 설명 중 옳은 것은 무엇인가요?,물방울 같은 투명한 무드,어둡고 무거운 이미지,강렬하고 선명한 색감,따뜻하고 부드러운 느낌,a
train_1604.jpg,train/train_1604.jpg,이 묘비에 새겨진 인물의 이름은 무엇인가요?,VICTOR HUGO,CHARLES DICKENS,MARK TWAIN,JANE AUSTEN,a
train_1605.jpg,train/train_1605.jpg,이 건물의 이름은 무엇인가요?,수협은행,스타벅스,POSCO TOWER,SH BANK,c
train_1606.jpg,train/train_1606.jpg,사진 속 파란 벽에 붙어 있는 금속 상자에 적힌 글자는 무엇인가요?,비상벨함,시험발브함,소화기함,전기차단함,b
train_1608.jpg,train/train_1608.jpg,이 가게 출입문에 붙어 있는 안내문에 따르면 어떤 음식의 반입이 금지되어 있나요?,만두,호떡,떡볶이,김밥,b
train_1609.jpg,train/train_1609.jpg,이 카페의 이름은 무엇인가요?,봄봄 카페,봄봄,카페 데이,카페 봄봄,d
train_1610.jpg,train/train_1610.jpg,사진에 보이는 2층 건물의 간판 중 '법무사 김승미' 옆에 적혀 있는 전화번호는 무엇인가요?,T.955-1234,T.951-5410,T.955-5400,T.955-5410,d
train_1611.jpg,train/train_1611.jpg,사진 속 간판에 적힌 전화번호는 무엇인가요?,042)826-6603,042)123-4567,010 1234-5678,010 6401-6815,a
train_1612.jpg,train/train_1612.jpg,노란색 간판에 적힌 글자는 무엇인가요?,전방 카메라 블랙박스,후방 카메라 블랙박스,후방 센서 블랙박스,전방 센서 블랙박스,b
train_1613.jpg,train/train_1613.jpg,"이곳에 세워진 안내판에 따르면, 어떤 행위가 금지되어 있나요?",야외 흡연,쓰레기 무단 투기,도시공원 및 녹지 무단으로 점유하는 행위,주차 금지,c
train_1614.jpg,train/train_1614.jpg,이미지 속 '그림 6-5'에 따르면 RNN 계층에서 시간 방향으로 전파되는 신호는 무엇입니까?,오차 역전파,순전파,가중치 업데이트,기울기 전파,d
train_1615.jpg,train/train_1615.jpg,이 운동기구의 이름은 무엇인가요?,앉아서 걷기,팔 굽혀 펴기,다리 들기,허리 돌리기,d
train_1616.jpg,train/train_1616.jpg,사진 속 표지판에 적힌 '경성대학교'의 영어 표기는 무엇인가요?,KYUNGSUNG UNIVERSITY,KYUNGSUNG COLLEGE,KYUNGSUNG UNIV.,KYUNGSUNG INST.,c
train_1617.jpg,train/train_1617.jpg,현수막에 적힌 문구 중 올바른 내용은 무엇인가요?,딸들이 벌써 이래 컸나... 보고싶었다!,친구들이 벌써 이래 컸나... 보고싶었다!,손주들이 벌써 이래 컸나... 보고싶었다!,아들들이 벌써 이래 컸나... 보고싶었다!,c
train_1618.jpg,train/train_1618.jpg,포스터에서 '꼬리가 길면 피해가 커진다'라는 문구가 의미하는 것은 무엇인가요?,출입문과 방화문을 반드시 닫아야 화재 피해를 줄일 수 있다,화재 시에는 출입문을 열고 대피해야 한다,불이 나면 유독가스를 퍼뜨려야 한다,화재 발생 시 문을 열어 환기를 시켜야 한다,a
train_1619.jpg,train/train_1619.jpg,이 사진의 마스크 제품 중 할인된 가격은 얼마인가요?,"1,500원","4,000원","3,000원","6,000원",a
train_1620.jpg,train/train_1620.jpg,이 영수증에 적힌 대기번호는 무엇인가요?,11,12,13,10,a
train_1621.jpg,train/train_1621.jpg,음료수를 2개 구매할 경우 제공되는 할인율은 얼마인가요?,20% 할인,15% 할인,5% 할인,10% 할인,d
train_1622.jpg,train/train_1622.jpg,이 작품의 제목은 무엇인가요?,도시화,마카롱,초콜릿,로쉐,d
train_1623.jpg,train/train_1623.jpg,이 건물 옆에 있는 계단의 이름은 무엇인가요?,서울시 계단,비계식 계단,108계단 경사형 승강기,용산산대,c
train_1624.jpg,train/train_1624.jpg,이 가게에서 전문적으로 판매하는 음식은 무엇인가요?,된장찌개,비빔밥,순두부,김치찌개,c
train_1625.jpg,train/train_1625.jpg,사진 속 인형이 들고 있는 팻말에는 무슨 내용이 적혀 있나요?,환영합니다,오늘 휴무입니다,맛있는 음식을 팔아요,한국어 메뉴가 있어요,d
train_1627.jpg,train/train_1627.jpg,이 건물에 적힌 가게 이름은 무엇인가요?,BURGER KING,FIVE GUYS,SUBWAY,MCDONALD'S,b
train_1630.jpg,train/train_1630.jpg,사진 속 노트의 표지에 적힌 문구 중 올바른 내용은 무엇인가요?,STANLEY 생활을 즐기는 하루,SSAFY 생활을 즐기는 하루,SSAFY 생활을 기록하는 하루,STANLEY 생활을 기록하는 하루,c
train_1631.jpg,train/train_1631.jpg,이 음식점에서 제공하는 메뉴 중에 없는 것은 무엇인가요?,불고기정식,소바정식,치즈카츠,비빔소바,a
train_1632.jpg,train/train_1632.jpg,사진 속 노란색 표지판에 적힌 문구는 무엇인가요?,불법주정차 무인단속중,주차금지 구역입니다,차량 통행 금지,어린이 보호 구역,a
train_1633.jpg,train/train_1633.jpg,이 엘리베이터 검사합격증명서에 적힌 '검사 종류'는 무엇인가요?,수시검사,정기검사,특별검사,임시검사,b
train_1634.jpg,train/train_1634.jpg,이 자동차의 번호판에 적힌 번호는 무엇인가요?,727로6687,727나6687,727러6687,727더6687,c
train_1635.jpg,train/train_1635.jpg,이 사진에 보이는 간판에 적힌 문구는 무엇인가요?,MUSIC IS LIFE.,LISTEN TO MUSIC.,"NO MUSIC, NO LIFE.",TOWER RECORDS FOREVER,c
train_1636.jpg,train/train_1636.jpg,이 커피 위에 적혀 있는 글자는 무엇인가요?,선목커피,서울커피,신목커피,선목카페,c
train_1637.jpg,train/train_1637.jpg,이 건물에 있는 간판 중 커피를 판매하는 곳의 이름은 무엇인가요?,감자동물병원,EDUYA COFFEE,EDIYA COFFEE,EDIVA COFFEE,c
train_1638.jpg,train/train_1638.jpg,이 현수막에 적힌 문구는 무엇인가요?,반려동물과 함께 사는 행복한 부산,반려동물과 함께 사는 즐거운 서울,반려동물과 함께 사는 행복한 광주,반려동물과 함께 사는 즐거운 대구,c
train_1639.jpg,train/train_1639.jpg,이미지 속 과자 상자에 적힌 과자의 이름은 무엇인가요?,프링글스,칙촉,초코파이,오레오,d
train_1640.jpg,train/train_1640.jpg,사진 속 상자에 적힌 라면 이름 중 '농심' 브랜드가 아닌 것은 무엇인가요?,사리면,짜파게티,신라면,너구리,c
train_1641.jpg,train/train_1641.jpg,이 포스터에서 아메리카노 할인 혜택이 최대 얼마라고 안내하고 있나요?,최대 3천원 혜택,최대 1천원 혜택,최대 5천원 혜택,최대 2천원 혜택,d
train_1642.jpg,train/train_1642.jpg,왼쪽 텀블러에 붙어 있는 라벨에 적혀 있는 닉네임은 무엇인가요?,일필,테헤란로점,커피마니아,쑥쑥이네,d
train_1643.jpg,train/train_1643.jpg,이 식당의 이름은 무엇인가요?,BAREUNBOSSAM 1990,바른보쌈,수비드 보쌈,바른보쌈 수완점,b
train_1644.jpg,train/train_1644.jpg,이 건물의 상호명은 무엇인가요?,롯데몰,신세계백화점,현대백화점,갤러리아,a
train_1645.jpg,train/train_1645.jpg,이 도로 표지판에 따르면 '영등포' 방향으로 가려면 어느 쪽으로 가야 하나요?,직진,오른쪽,뒤로 돌아가기,왼쪽,b
train_1646.jpg,train/train_1646.jpg,이 식당을 자주 찾는 사람은 누구인가요?,김철수님,임영웅님,박지민님,이수민님,b
train_1648.jpg,train/train_1648.jpg,비상시 열차 출입문을 열기 위해 손잡이를 내리면 어떤 일이 발생한다고 안내되어 있나요?,즉시 열차가 멈춥니다,비상정차로 열차가 지연됩니다,자동으로 문이 닫힙니다,경고음이 울립니다,b
train_1651.jpg,train/train_1651.jpg,이 가게에서 판매하는 음식이 아닌 것은 무엇인가요?,호떡,떡볶이,과배기,와플,b
train_1652.jpg,train/train_1652.jpg,이 건물에 있는 음식점 간판 중에서 매운 음식 전문점은 어디인가요?,24시 한식당,법무법인 소원,뼈구이 전문점,참생태찌개,c
train_1653.jpg,train/train_1653.jpg,이미지에 적힌 문구는 무엇인가요?,사랑은 영원하다,우리 함께 하자,행복한 가정 만들기,결혼하길 잘했다,d
train_1654.jpg,train/train_1654.jpg,이 사진에서 보이는 음식점의 이름은 무엇인가요?,KFC,롯데리아,버거킹,맘스터치,b
train_1655.jpg,train/train_1655.jpg,"책 제목 '아들아, 시간을 낭비하기에는 인생이 너무 짧다'의 부제는 무엇인가요?","To my son, as you Begin","To my friend, as you Live","To my daughter, as you Grow","To my son, as you Dream",a
train_1656.jpg,train/train_1656.jpg,피자스쿨 성수점의 전화번호는 무엇인가요?,010-1234-5678,555-1234,466-3162,123-4567,c
train_1658.jpg,train/train_1658.jpg,이 리무진 내부에 적힌 문구 중 'FIRST CLASS'와 함께 어떤 단어가 쓰여 있나요?,Limousine,Comfort,Travel,Luxury,a
train_1660.jpg,train/train_1660.jpg,평일 양식당의 석식 운영시간은 언제인가요?,16:30~18:00,17:00~18:30,17:30~19:30,18:00~20:00,c
train_1661.jpg,train/train_1661.jpg,햇반 제품 포장에 표시된 1회 제공량(중량)은 얼마인가요?,200g,150g,270g,180g,d
train_1662.jpg,train/train_1662.jpg,이 이미지 속 텍스트에 적힌 나라는 어디인가요?,UNITED ARAB EMIRATES,SAUDI ARABIA,KUWAIT,QATAR,a
train_1663.jpg,train/train_1663.jpg,이 자판기에서 밀키스 제로 캔 음료의 가격은 얼마인가요?,1200원,1300원,1100원,1000원,c
train_1664.jpg,train/train_1664.jpg,사진 속 두 약국 중 전화번호가 561-0396인 약국의 이름은 무엇인가요?,그린온누리약국,마전메디칼약국,다인안과,굿모닝부동산,b
train_1665.jpg,train/train_1665.jpg,이 제품의 이름은 무엇인가요?,초코칩쿠키,허니버터아몬드,카라멜팝콘,바나나칩,b
train_1666.jpg,train/train_1666.jpg,이 사진에서 회색 문에 붙어 있는 안내문에 적힌 내용은 무엇인가요?,비상계단,관리사무소,출입금지,소화전,a
train_1668.jpg,train/train_1668.jpg,이미지에 적힌 케이크 종류 중 가격이 210원/180원으로 표시된 케이크가 아닌 것은 무엇인가요?,巧克力蛋? (Chocolate Cake),派拿破? (Mille-feuille),草??凍 (Strawberry),提拉?凍 (Tiramisu),a
train_1669.jpg,train/train_1669.jpg,이 사진에서 판매하는 음식의 이름은 무엇인가요?,오사카 오지상 치즈케이크,서울 크림빵,부산 바나나빵,도쿄 모찌케이크,a
train_1670.jpg,train/train_1670.jpg,이 쿠폰의 유효기간은 언제까지인가요?,2024.12.31,2025.01.01,2023.10.01,2025.05.09,d
train_1671.jpg,train/train_1671.jpg,이 이미지에 적힌 행사 이름은 무엇인가요?,BIND pop-up SALE,BIND pop-up FESTIVAL,BIND pop-up STORE,BIND pop-up MARKET,d
train_1672.jpg,train/train_1672.jpg,이 벽화에서 'HELLO!!'라는 말풍선은 어떤 색 배경 안에 적혀 있나요?,파란색,흰색,분홍색,노란색,b
train_1673.jpg,train/train_1673.jpg,이 책의 제목은 무엇인가요?,진짜 재미있는거,진짜 어려운거,진짜 좋은거,진짜 나쁜거,c
train_1674.jpg,train/train_1674.jpg,이 사진 속 간판에 적힌 문구는 무엇인가요?,SUMMER SWAG 2025,WINTER FEST 2024,SPRING BLOOM 2023,AUTUMN LEAF 2026,a
train_1675.jpg,train/train_1675.jpg,이 표지판에서 서울(Seoul)까지의 거리는 몇 마일로 표시되어 있나요?,5617 mi,7357 mi,6443 mi,5376 mi,a
train_1676.jpg,train/train_1676.jpg,이 세탁기에서 '표준세탁' 모드로 설정하려면 어떤 다이얼 위치를 선택해야 하나요?,스피드워시,컬러케어,표준세탁,아기 옷,c
train_1677.jpg,train/train_1677.jpg,이 진열대에 적힌 문구 중 올바른 것은 무엇인가요?,서로 함께 성장하고 나아가기 위한 캠페인,서로 함께 성장하고 나가기 위한 캠페인!,서로 함께 성장하고 나아가기 위한 캠페인.,서로 함께 성장하고 나아가기 위한 캠페인!,a
train_1679.jpg,train/train_1679.jpg,이 제품의 원재료 중 함유량이 가장 높은 것은 무엇인가요?,메타중아황산나트륨,설탕 4.9%,이산화황,망고 95%,d
train_1680.jpg,train/train_1680.jpg,사진 속 커피숍 메뉴판에 적힌 글자가 아닌 것은 무엇인가요?,WHITE,ESPRESSO,FILTER,BLACK,b
train_1681.jpg,train/train_1681.jpg,이 명함에서 'Sam House'가 제공하는 서비스는 무엇인가요?,컴퓨터 수리 서비스,여행 안내 서비스,음식 배달 서비스,금속 세공 서비스,d
train_1683.jpg,train/train_1683.jpg,이 가게의 간판에 적힌 상호명은 무엇인가요?,HAIR,ARTE HAIR,ART,ARTE,d
train_1684.jpg,train/train_1684.jpg,이미지 속 음료 중 'fuze tea'의 가격은 얼마인가요?,€0.90,€2.00,€1.50,€1.80,c
train_1686.jpg,train/train_1686.jpg,벤치에 붙어 있는 안내문에 적힌 내용 중 맞는 것은 무엇인가요?,"쓰레기, 담배꽁초를 버리지 마세요",담배를 피워도 괜찮습니다,벤치에서 음식을 먹어도 됩니다,쓰레기는 아무 곳에나 버려도 됩니다,a
train_1687.jpg,train/train_1687.jpg,"""""RAYMOND"""" 가게 간판에 적힌 문구 중 올바른 것은 무엇인가요?",PREMIUM CRAFT BEER BURGER CHICKEN,PREMIUM CRAFT WINE PIZZA CHICKEN,PREMIUM CRAFT BEER PIZZA CHICKEN,FRESH CRAFT BEER PIZZA CHICKEN,c
train_1688.jpg,train/train_1688.jpg,이 이미지에 보이는 방송국의 주파수는 무엇인가요?,102.3Mhz,99.9Mhz,107.7Mhz,88.5Mhz,c
train_1689.jpg,train/train_1689.jpg,전시된 '황화물계 전고체 배터리'의 타깃 Application으로 알맞은 것은 무엇인가요?,고성능 EV,가정용 배터리,태양광 발전소,휴대폰 충전기,a
train_1690.jpg,train/train_1690.jpg,왼쪽 액자에 적힌 내용은 무엇인가요?,교보문고 추천도서,교보문고 플레이리스트북,교보문고 신간안내,교보문고 베스트셀러,b
train_1691.jpg,train/train_1691.jpg,이 표지판에서 안내하는 'Titanic'과 관련된 장소는 무엇인가요?,White Star Line,Titanic Memorial Garden,Colman's Cathedral,Cunard Line Office,b
train_1692.jpg,train/train_1692.jpg,다음 중 '다니엘 여자 숙소 (2F)'에 있는 팀 이름이 아닌 것은 무엇인가요?,김예림팀,이민규팀,김주은팀,김지성팀,c
train_1693.jpg,train/train_1693.jpg,이 책의 제목은 무엇인가요?,이십대의 도전,"서른다섯, 직업을 바꿨습니다","사십, 새로운 시작","오십, 인생의 전환점",b
train_1694.jpg,train/train_1694.jpg,이미지 속 스타벅스 영수증에서 제공하는 무료 와이파이 이용 시간은 얼마인가요?,무료 와이파이 없음,30분,1시간,2시간,b
train_1695.jpg,train/train_1695.jpg,이 건물에 입점해 있는 '아름다운 화이트 치과'의 야간 진료가 가능한 요일은 무엇인가요?,토요일과 일요일,공휴일만,평일 매일,월요일과 목요일,d
train_1696.jpg,train/train_1696.jpg,'모두의 창업 프로젝트' 포스터에 명시된 신청 마감일은 언제입니까?,2026.6.15 (금) 16시까지,2025.5.15 (금) 16시까지,2026.5.15 (금) 16시까지,2026.4.15 (금) 16시까지,c
train_1697.jpg,train/train_1697.jpg,사진 속 여권 모양의 이미지에 적힌 출생지는 어디인가요?,"Tokyo, Japan","Orlando, Florida","Burbank, California","Paris, France",c
train_1698.jpg,train/train_1698.jpg,회원권 1개월 가격은 얼마인가요?,"80,000","360,000","210,000","600,000",a
train_1699.jpg,train/train_1699.jpg,사진 속 간판에 적힌 은행 이름은 무엇인가요?,우리은행,하나은행,국민은행,신한은행,b
train_1701.jpg,train/train_1701.jpg,이 가게의 전문 품목으로 올바른 것은 무엇인가요?,수족관 장비 전문점,애완동물과 조류 전문점,금붕어 및 해양 생물 전문점,열대어와 수초 전문점,d
train_1702.jpg,train/train_1702.jpg,사진 속 간판 중에서 '매운탕'을 판매하는 음식점 이름은 무엇인가요?,한돌소곱창,가우디 미술학원,연세본학원,하남 추어 매운탕,d
train_1703.jpg,train/train_1703.jpg,이 방 벽면에 붙어 있는 풍선 글자는 무엇이라고 적혀 있나요?,HAPPY BIRTHDAY,MERRY CHRISTMAS,HAPPY NEW YEAR,CONGRATULATIONS,a
train_1704.jpg,train/train_1704.jpg,이 식당의 이름은 무엇인가요?,복돈이네 삼겹살,자연의 손길과 엄마의 사랑이 만든 깊은 맛,한돈 숙성돼지 한상,카사필리체,a
train_1705.jpg,train/train_1705.jpg,이 식당 간판에 적힌 대표 메뉴는 무엇인가요?,불고기,김치찌개,된장찌개,돼지찌개,d
train_1706.jpg,train/train_1706.jpg,왼쪽에 놓여 있는 책자의 제목은 무엇인가요?,SSAFY AI 대전환 시대,SSAFY 프로그래밍 가이드,SSAFY 주니어 인재 이야기,SSAFY 취업 성공 후기집,d
train_1707.jpg,train/train_1707.jpg,이 건물에 적혀 있는 서비스 내용 중에 포함되지 않은 것은 무엇인가요?,네비게이션,타이어 교체,유리막코팅,후방카메라,b
train_1708.jpg,train/train_1708.jpg,사진 속 딸기 포장지에 적힌 원산지는 어디인가요?,미국산,중국산,수입산,국내산,d
train_1709.jpg,train/train_1709.jpg,이 건물의 간판에 적힌 명칭은 무엇인가요?,New York Art Center,Tokyo Art Gallery,Seoul National Museum,Honolulu Museum of Art,d
train_1710.jpg,train/train_1710.jpg,이 사진에 나온 간판 중에서 '3대 시래기 & 추억의 집'이라는 문구가 적혀 있는 곳은 어디인가요?,S 노래방,중국요리,순남시래기,양자장,c
train_1711.jpg,train/train_1711.jpg,사진 속 '액티플루 노즈' 제품에 해당하지 않는 증상은 무엇인가요?,알레르기성 비염,코감기·코막힘,두통,콧물·재채기,c
train_1712.jpg,train/train_1712.jpg,빨간 원뿔형 주차 금지 표지에 적힌 문구는 무엇인가요?,주차금지 현장 부탁드립니다,출입금지 구역입니다,차량 정비 중입니다,주차가능 구역입니다,a
train_1713.jpg,train/train_1713.jpg,점심 특선 A세트에 포함되지 않은 메뉴는 무엇인가요?,마니우동,돈코츠라멘,5접시,미니모밀,b
train_1714.jpg,train/train_1714.jpg,자외선 소독고 사용 시 주의사항으로 옳지 않은 것은 무엇인가요?,"칼, 도마 등 용도별(색상별) 구분 보관 철저",보관된 용품은 건조될 때까지 겹치지 않게 보관,소독 완료된 식기류는 바로 사용한다,60℃로 설정하고 건조 완료 후 온도 OFF 가능,c
train_1715.jpg,train/train_1715.jpg,사진 속 대형 전광판 가운데에 있는 광고 속 주인공이 달리고 있는 브랜드는 무엇인가요?,Glico,CHINTAI,LOTTE,Promise,a
train_1716.jpg,train/train_1716.jpg,이 사진 속 가게의 이름은 무엇인가요?,대나무밥 대나무 삼계탕,임실 엔 치즈피자,치즈포장마차,구미 안동점 루미공식인증업체,b
train_1718.jpg,train/train_1718.jpg,이 카페 메뉴판에서 'MOJITO & ADE' 음료 종류 중 하나가 아닌 것은 무엇인가요?,블루레몬에이드,자몽모히또,청포도모히또,초코모히또,d
train_1719.jpg,train/train_1719.jpg,이곳에서 파는 음식으로 적힌 것은 무엇인가요?,옥수수 만빵,찹옥수수 옥수수 만빵,감자튀김,찹옥수수,b
train_1720.jpg,train/train_1720.jpg,프로젝터 화면에 표시된 노래 제목은 무엇인가요?,Night Walk,Evening Run,Day Run,Morning Walk,a
train_1721.jpg,train/train_1721.jpg,우리은행 ATM 부스에 적혀 있는 영업시간은 언제부터 언제까지인가요?,07:00~23:30,06:00~22:00,08:00~20:00,09:00~18:00,a
train_1723.jpg,train/train_1723.jpg,이 건물 3층에 위치한 곳에서 제공하는 서비스는 무엇인가요?,돼지찌개 전문점,커피 전문점,"1:1 PT, 그룹 PT, 다이어트, 체형교정, 근력향상",노래주점 및 바,c
train_1724.jpg,train/train_1724.jpg,파란색 통에 적힌 글씨 중 올바른 문구는 무엇인가요?,음식물 쓰레기,폐식용유,재활용품,일반 쓰레기,b
train_1725.jpg,train/train_1725.jpg,사진 속 미용실 간판에 적힌 전화번호는 무엇인가요?,477-6085,010-1234-5678,825-7019,123-4567,a
train_1727.jpg,train/train_1727.jpg,사진 오른쪽 안내판에 소개된 문경새재의 관문시설 중 첫 번째로 나오는 관문은 무엇인가요?,조정관문 - 임진왜란 때 축조됨,조곡관문 - 임진왜란 때 축조됨,조령관문 - 임진왜란 때 축조됨,주흘관문 - 임진왜란 때 축조됨,d
train_1728.jpg,train/train_1728.jpg,이 식당 간판에 적힌 전문 요리는 무엇인가요?,이탈리안 요리,전통한식,일본 요리,퓨전중화요리,d
train_1729.jpg,train/train_1729.jpg,이 건물의 주소는 무엇인가요?,테헤란로 172,테헤란로 271,테헤란로 127,테헤란로 217,d
train_1732.jpg,train/train_1732.jpg,이 냉장고에 적힌 더치원액 1병의 가격은 얼마인가요?,"\23,900","\25,000","\19,800","\21,500",a
train_1733.jpg,train/train_1733.jpg,사진 속 수학 학원에서 문의할 수 있는 전화번호는 무엇인가요?,430-7290,233-1237,233-3373,225-4928,b
train_1734.jpg,train/train_1734.jpg,병에 적힌 글자 중 중앙에 가장 크게 적힌 문구는 무엇인가요?,老酒?,중화노호호 브랜드,중국 두만강 공장,중화노호호,a
train_1735.jpg,train/train_1735.jpg,이 건물에 있는 공인중개사 사무소의 이름은 무엇인가요?,차백도,베트남 쌀국수,뉴 스타공인중개사,플랜두씨,c
train_1736.jpg,train/train_1736.jpg,이 자동차 번호판에 적힌 번호는 무엇인가요?,101소4036,101소4034,101소4033,101소4035,d
train_1737.jpg,train/train_1737.jpg,7월 14일 화요일 도시락 메뉴에 포함된 국 종류는 무엇입니까?,백미밥,미트볼조림,매운어묵국,포기김치,c
train_1738.jpg,train/train_1738.jpg,볶음밥을 먹기 전에 어떤 도구를 사용해 달라는 요청이 적힌 문구는 무엇인가요?,젓가락으로 먹어 주세요,포크를 사용해 주세요,숟가락으로 드세요,집게로 들고 가위 사용 부탁드립니다,d
train_1740.jpg,train/train_1740.jpg,이 기차역 표지판에 적힌 역 이름은 무엇인가요?,新竹 Hsinchu,新竹市 東區,北新竹 North Hsinchu,三姓橋 Sanxingqiao,a
train_1742.jpg,train/train_1742.jpg,이 사진 속 상점의 이름은 무엇인가요?,스타벅스,이디야,빽다방,커피빈,a
train_1744.jpg,train/train_1744.jpg,시그니처 튀김요리 세트에 포함된 메뉴가 아닌 것은 무엇인가요?,군만두,김치찌개,탕수육,깐풍기,b
train_1745.jpg,train/train_1745.jpg,화면에 보이는 피자의 가격 중에서 '고르곤졸라' 피자의 가격은 얼마인가요?,"\24,000","\19,400","\22,900","\18,500",b
train_1746.jpg,train/train_1746.jpg,사진 속 안내문에서 8월 일정과 관련하여 '실습 강의'는 어떤 특징을 가지고 있나요?,시험 준비를 위한 특별 강의이다,실습 중심으로 적용하고 익히는 시간이다,자율 학습 시간을 의미한다,이론 중심으로 개념을 익히는 시간이다,b
train_1747.jpg,train/train_1747.jpg,이 제품의 이름은 무엇인가요?,서해면 육개장,농심 육개장 서해면,육개장 서해면,서해 육개장 면,b
train_1748.jpg,train/train_1748.jpg,이 표지판에서 경고하는 내용은 무엇인가요?,손 조심,계단 미끄럼 주의,낙상 금지,화재 경고,b
train_1749.jpg,train/train_1749.jpg,"이 식당에서 소주, 맥주, 막걸리 1병의 가격은 얼마인가요?","6,000원","5,000원","2,000원","3,000원",d
train_1751.jpg,train/train_1751.jpg,이 가게의 이름은 무엇인가요?,솔다방,mom's bakery,mom's cake & coffee,청주 오믈렛,c
train_1752.jpg,train/train_1752.jpg,사진 속 네온사인에 적힌 글자는 무엇인가요?,JuJu,Ji Ju,Jiu Jiu,Jiu Ju,c
train_1753.jpg,train/train_1753.jpg,사진 속 광고판에 적힌 '일선정품'은 무엇과 관련된 상품을 의미하나요?,구미시 농특산물,전라북도 수산물,부산 해산물,서울시 특산품,a
train_1754.jpg,train/train_1754.jpg,이 전광판에 따르면 현재 지하철이 도착한 역은 어디인가요?,문래역,대림역,신도림역,구로디지털단지역,c
train_1755.jpg,train/train_1755.jpg,이미지에 적힌 안내문 중에서 '교육생 수기 장부'에 관한 설명으로 옳은 것은 무엇인가요?,혼선이 있어도 상관없다,작성할 수 있다,작성 불가하다,자유롭게 수정할 수 있다,c
train_1757.jpg,train/train_1757.jpg,예감 감자칩의 한 봉지 무게는 얼마인가요?,64g,100g,204g,50g,a
train_1758.jpg,train/train_1758.jpg,사진 속 병에 적혀 있는 용액의 이름은 무엇인가요?,Nitric Acid,Hydrochloric Acid,Acetic Acid,Sulfuric Acid,b
train_1761.jpg,train/train_1761.jpg,사진 속 가게에서 직장인을 대상으로 제공하는 할인율은 얼마인가요?,15% 할인,20% 할인,10% 할인,25% 할인,b
train_1764.jpg,train/train_1764.jpg,이 건물에 입주해 있는 치과의원 이름은 무엇인가요?,삼성세탁,소아청소년과,래미안 인테리어,성원치과의원,d
train_1765.jpg,train/train_1765.jpg,이 사진 속 간판에서 'BYRONIC' 스튜디오에서 당신을 무엇한다고 적혀 있나요?,환영합니다,초대합니다,촬영합니다,캐스팅합니다,d
train_1766.jpg,train/train_1766.jpg,셀프빨래방에서 세탁기와 건조기의 요금은 각각 얼마인가요?,"세탁기 4,500원, 건조기 5,500원","세탁기 5,000원, 건조기 6,000원","세탁기 4,000원, 건조기 5,000원","세탁기 3,000원, 건조기 4,000원",c
train_1767.jpg,train/train_1767.jpg,이 '8 seconds' 롯데마트 광주수완점 오프닝 이벤트에서 'LUCKY BOX EVENT'의 가격은 얼마인가요?,단 1만원,단 10만원,단 3만원,단 5천원,a
train_1768.jpg,train/train_1768.jpg,건물에 크게 적혀 있는 '보드게임카페'의 영어 이름은 무엇인가요?,Green Button,Red Button,Blue Button,Yellow Button,b
train_1772.jpg,train/train_1772.jpg,사진 속 책 제목 중 'ALGORITHMS' 책의 판(Edition)은 무엇인가요?,Fourth Edition,Third Edition,First Edition,Second Edition,b
train_1774.jpg,train/train_1774.jpg,'양산 스타 약국'의 간판 아래에 있는 큰 노란색 안내문에 적힌 영업 시간은 어떻게 되나요?,24시간 영업,주말 휴무,365일 밤 10시까지,월~금 오전 9시부터 오후 6시까지,c
train_1775.jpg,train/train_1775.jpg,이 차량 광고에 적힌 전화번호는 무엇인가요?,02-5895-8389,010-5895-8389,010-1234-5678,031-5895-8389,b
train_1776.jpg,train/train_1776.jpg,이 사진에 있는 안내문은 무엇에 대해 주의하라고 말하고 있나요?,고압 전기 위험,화재 발생 시 대피 요령,불 조심,눈 비올 때 미끄럼 주의,d
train_1778.jpg,train/train_1778.jpg,이 건물에 있는 치과 이름은 무엇인가요?,수학학원,대구안과,애플치과,홍익약국,c
train_1779.jpg,train/train_1779.jpg,노은축산 가게에서 '유통마진 NO'와 함께 강조한 내용은 무엇인가요?,턱관절 척추교정 만성통증 교통사고,밥 먹고 파바고?,한돈 돼지고기 최저가 판매,성경매장 노은축산 고객님 식탁까지,d
train_1780.jpg,train/train_1780.jpg,드림팩토리짐 광고에서 '쉽고 빠른 다이어트 주사'에 대한 설명으로 올바른 것은?,주사는 운동 없이 체중을 줄여줍니다.,주사는 평생 건강을 보장합니다.,주사는 근육량 증가에 효과적입니다.,"주사는 체중계 속임 뿐, 진짜 몸을 바꾸지 못합니다.",d
train_1781.jpg,train/train_1781.jpg,이 과자의 내용량은 얼마인가요?,50 g,37 g,100 g,25 g,b
train_1782.jpg,train/train_1782.jpg,이 과자의 유통기한은 언제인가요?,2027.01.15 까지,2025.12.31 까지,2026.06.30 까지,2024.10.10 까지,a
train_1783.jpg,train/train_1783.jpg,이 사진에서 신호등이 어떤 색으로 켜져 있나요?,파란색,노란색,빨간색,초록색,c
train_1784.jpg,train/train_1784.jpg,캔 뚜껑 안에 적힌 단어 중 두 번 나오는 단어는 무엇인가요?,여름,따,빠,꼬,c
train_1785.jpg,train/train_1785.jpg,이 종이에 적힌 문구 중 '내가 유일하게 일으킬 수 있는' 것은 무엇인가요?,행운,망기적,기적,기쁨,b
train_1786.jpg,train/train_1786.jpg,노란색 안내문에 나오는 캐릭터 '미피'의 탄생 년도는 무엇인가요?,1985년,1955년,1965년,1975년,b
train_1788.jpg,train/train_1788.jpg,이미지에 보이는 상자에 적힌 문구 중 'SSAFY 16기'가 축하하는 것은 무엇인가요?,입학을 축하합니다,합격을 축하합니다,수료를 축하합니다,졸업을 축하합니다,a
train_1790.jpg,train/train_1790.jpg,이 약국의 이름은 무엇인가요?,수온누리약국,Rejuvenex,센스데이정,역삼문구,a
train_1792.jpg,train/train_1792.jpg,이 건물에 입주해 있는 '이밀음 치과'는 어떤 종류의 의료기관인가요?,피부과,내과,치과,성형외과,c
train_1795.jpg,train/train_1795.jpg,자서전 쓰기 수행평가의 대상은 누구인가요?,전국 직장인,전국 게임마이스터고등학교에 재학중인 고2 청소년 남녀,전국 대학생,전국 초등학교 3학년 학생들,b
train_1796.jpg,train/train_1796.jpg,노란색 간판에 적힌 병원 이름은 무엇인가요?,구세산부인과의원,그랜드BS안과의원,서울성형외과,부산치과,b
train_1798.jpg,train/train_1798.jpg,이미지에 걸려 있는 제품의 이름은 무엇인가요?,귀여운 필통,만주 연필캡,달콤한 사탕,컬러풀 크레용,b
train_1799.jpg,train/train_1799.jpg,이 건물 1층에 있는 미용실의 이름은 무엇인가요?,유암게 커피숍,아이러브헤어,메이아이헤어,뷰티헤어살롱,c
train_1800.jpg,train/train_1800.jpg,이 가게에서 전문적으로 판매하는 음식은 무엇인가요?,숙성 대광어,양꼬치,샤브샤브 & 마라탕,피자 & 맥주,c
train_1802.jpg,train/train_1802.jpg,이 건물에 입점해 있는 가게의 이름은 무엇인가요?,神?名所,ミヤサコビル,アルタ?,ステ?キランド 神?店,d
train_1805.jpg,train/train_1805.jpg,사진 속 간판에서 제공하는 학원 과목 중에 없는 것은 무엇인가요?,영어,수학,국어,음악,d
train_1806.jpg,train/train_1806.jpg,물마신 종이컵은 어디에 버려야 하나요?,쓰레기통(Dust Box),음료 버리는 곳,정수기 옆,바닥에,a
train_1808.jpg,train/train_1808.jpg,이 음료 캔에 표시된 비타민 B군 함량은 얼마인가요?,10 kcal,"1,000 mg",355 ml,3.5 mg,b
train_1809.jpg,train/train_1809.jpg,'딸기쿠키프라페'의 가격은 얼마인가요?,"\4,900","\3,900","\2,900","\5,900",b
train_1810.jpg,train/train_1810.jpg,진열대 상단에 있는 '자동차 유막 제거제'의 가격은 얼마인가요?,"\2,000","\5,000","\3,000","\1,000",b
train_1811.jpg,train/train_1811.jpg,이 휴게소 건물에 있는 편의점 간판에 적힌 한글은 무엇입니까?,휴게소,편의점,식당가,행사,b
train_1812.jpg,train/train_1812.jpg,이 종이 포장지에 적힌 문구 중 올바른 내용은 무엇인가요?,一度食べたらやみつき♪,한 번 먹으면 멈출 수 없어요♪,맛있어서 자꾸 생각나요♪,먹으면 행복해져요♪,a
train_1814.jpg,train/train_1814.jpg,이 이미지 속 원기둥에 적힌 문구 중 올바른 문구는 무엇인가요?,GROW STRONGER SHINE FOREVER,GROW TOGETHER SHINE FOREVER,GROW TOGETHER SHINE FOREVER!,GROW TOGETHER SHINE TOGETHER,b
train_1816.jpg,train/train_1816.jpg,이 건물 입구 위에 적힌 영어 문구는 무엇인가요?,HERE AND DO,WELCOME TO DO,DO IT HERE,HERE IS DO,d
train_1818.jpg,train/train_1818.jpg,이 복권 티켓에서 '남아공' 팀이 어떤 결과를 예상했나요?,승리,무승부,패배,경기 취소,a
train_1819.jpg,train/train_1819.jpg,카페 '펠릭스 커피'의 오늘 메뉴 중 가격이 가장 비싼 것은 무엇인가요?,카푸치노,수제 쿠키,아메리카노,라떼,d
train_1820.jpg,train/train_1820.jpg,이 악보에 수록된 곡의 제목은 무엇인가요?,우주를 줄게,붉은 행성,추억의 노래,별빛 아래서,a
train_1823.jpg,train/train_1823.jpg,이 자판기에서 아이스 캐모마일을 주문할 때 기본 선택된 포장 방법은 무엇인가요?,캐리어(봉투)에만 담아주세요,캐리어(봉투) 불필요,캐리어(봉투)+음료랩핑,음료랩핑만 해주세요,b
train_1825.jpg,train/train_1825.jpg,이 종합안내판에서 '범례'에 해당하지 않는 것은 무엇인가요?,자전거보관대,화장실,음수전,체육시설,b
train_1826.jpg,train/train_1826.jpg,이 사진에서 빨간 버튼 위에 적힌 글씨는 무엇인가요?,비상정지버튼,지구멸망버튼,긴급출동버튼,경고버튼,b
train_1827.jpg,train/train_1827.jpg,"이 비상벨에 대한 안내문에 따르면, 언제 비상벨을 눌러야 하나요?",버스 도착 관련 문의 시 눌러야 한다.,아무 때나 눌러도 된다.,비상시에만 눌러야 한다.,버스 출발 관련 문의 시 눌러야 한다.,c
train_1828.jpg,train/train_1828.jpg,이미지 속 뉴욕(New York) 번호판에 적힌 번호는 무엇인가요?,CCC 20K,550-EDP,695-VPG,S64 4078,b
train_1829.jpg,train/train_1829.jpg,이 상자에 들어있는 장갑의 크기는 무엇인가요?,Medium,Large,Extra Small,Small,d
train_1831.jpg,train/train_1831.jpg,이 사진에 보이는 간판 중 24시간 영업하는 음식점은 어떤 음식을 전문으로 하나요?,피자와 파스타,"순대, 수육, 국밥",치킨과 맥주,한식 뷔페,b
train_1832.jpg,train/train_1832.jpg,이 배너에 광고하는 제품 이름은 무엇인가요?,무너폰2,U+키즈폰 무너에디션,2025 한국의 소비자대상 AI키즈폰 부문,대한민국 1등 AI키즈폰,a
train_1833.jpg,train/train_1833.jpg,이 전시회의 제목은 무엇인가요?,THE GREAT PASSION VAN GOGH,THE GREAT ART VAN GOGH,THE PASSIONATE ARTIST VAN GOGH,THE GRAND EXHIBITION VAN GOGH,a
train_1835.jpg,train/train_1835.jpg,이 세탁소에서 세탁과 건조를 하는 데 걸리는 시간은 얼마인가요?,1시간,3시간,2시간,30분,a
train_1836.jpg,train/train_1836.jpg,16기 1학기 8월 중식시간 안내에 따르면 5층의 중식시간은 언제인가요?,12:00 ~ 13:00,12:45 ~ 13:45,12:30 ~ 13:30,12:15 ~ 13:15,d
train_1837.jpg,train/train_1837.jpg,비상용 엘리베이터를 사용하지 말고 대신 이용하라고 안내된 것은 무엇인가요?,에스컬레이터,승강기,피난 계단,별도의 출입구,c
train_1838.jpg,train/train_1838.jpg,냉온 정수기 위에 놓여 있는 물컵의 브랜드 이름은 무엇인가요?,웰스,석수,삼다수,아이시스,b
train_1839.jpg,train/train_1839.jpg,이 제품의 소재는 무엇인가요?,폴리카보네이트,폴리프로필렌,폴리에틸렌,폴리스티렌,b
train_1840.jpg,train/train_1840.jpg,이 사진 속 표지판에 따르면 '비상송수관 앞'에 무엇이 금지되어 있나요?,쓰레기 투기 금지,흡연금지,주차금지,출입금지,c
train_1841.jpg,train/train_1841.jpg,사진 속 노란색 카카오톡 안내문에서 제공하는 혜택이 아닌 것은 무엇인가요?,케이스 교체,필름 교체,충전기,핸드폰 보험,d
train_1842.jpg,train/train_1842.jpg,이 건물의 간판에 적힌 회사 이름은 무엇인가요?,(주)금속코넥팅,(주)금속커넥팅,(주)금수코넥팅,(주)금수커넥팅,d
train_1843.jpg,train/train_1843.jpg,이 이미지에서 '하늘 극장'의 영어 표기는 무엇인가요?,THE SKY CINEMA,THE SKY THEATER,SKY THEATRE,THEATER SKY,b
train_1844.jpg,train/train_1844.jpg,이 문이 위치한 곳은 어디인가요?,7층 공조기계실,3층 전기실,5층 회의실,1층 사무실,a
train_1845.jpg,train/train_1845.jpg,이 매장 이름은 무엇인가요?,핑구스토어,무모한상점,펫샵,펭귄월드,b
train_1846.jpg,train/train_1846.jpg,이 뮤지컬 티켓에 적힌 가격은 얼마인가요?,"45,000원","30,000원","60,000원","15,000원",d
train_1847.jpg,train/train_1847.jpg,사진 속 'MADE MUSE' 제품 박스에 적힌 내용은 무엇인가요?,LEAST hair perfume,MOST hair perfume,BEST hair cream,FIRST hair oil,b
train_1848.jpg,train/train_1848.jpg,이 번호표는 어떤 업무를 보기 위한 것인가요?,여권 신청,운전면허 적성검사 및 재발급,주민등록증 발급,자동차 등록,b
train_1850.jpg,train/train_1850.jpg,이미지 속 음료수 병에 적힌 유통기한은 언제인가요?,2022. 12. 31,2023. 03. 15,2023. 04. 08,2024. 05. 01,c
train_1851.jpg,train/train_1851.jpg,이 장난감 세트의 이름은 무엇인가요?,MAGNETIC RAILWAY,MAGNETIC TRACK,MAGNETIC MONORAIL,MAGNETIC TRAIN SET,c
train_1852.jpg,train/train_1852.jpg,화장실 물이 노란 이유는 무엇 때문인가요?,배관 청소를 해서 그렇습니다,수도관에 녹물이 섞였기 때문입니다,청소용 세제가 남아 있기 때문입니다,정화처리수를 재사용하기 때문입니다,d
train_1853.jpg,train/train_1853.jpg,이미지 속에 보이는 두 개의 가게 이름은 무엇인가요?,"베스킨라빈스, 도넛킹","커피빈, 던킨커피","baskin BR robbins, DUNKIN' DONUTS","빙수천국, 도넛하우스",c
train_1854.jpg,train/train_1854.jpg,이 제품의 이름은 무엇인가요?,매운국수,옛날국수,새콤달콤국수,비빔국수,b
train_1856.jpg,train/train_1856.jpg,이 캔 음료의 브랜드명은 무엇인가요?,zero sugar,cola,brrr,감미료 함유,c
train_1857.jpg,train/train_1857.jpg,이 가게의 이름은 무엇인가요?,한짬뽕면,오븐,자연치가살리,떡볶이로 함께,a
train_1859.jpg,train/train_1859.jpg,샘터동물병원 간판에 적힌 전화번호는 무엇인가요?,573-9988,123-4567,555-1212,987-6543,a
train_1860.jpg,train/train_1860.jpg,"메가MGC커피 메뉴에서 영양성분, 카페인, 알레르기 정보 확인을 위해 무엇을 스캔하라고 안내하고 있나요?",QR코드,메뉴판,바코드,전화번호,a
train_1861.jpg,train/train_1861.jpg,포스터에 안내된 창의나눔튜터링 신청 마감일은 언제인가요?,4월 1일,3월 30일 12:00까지,3월 17일,3월 27일 15:00까지,d
train_1863.jpg,train/train_1863.jpg,이 표지판에 적힌 '열린 마당'은 어떤 곳임을 알 수 있나요?,이곳은 모두가 이용 가능한 열린 마당입니다.,이곳은 출입 금지 구역입니다.,이곳은 주차장입니다.,이곳은 사유지입니다.,a
train_1864.jpg,train/train_1864.jpg,이순신공원에서 바라본 조망도 안내판에 나와 있는 '거북등대'는 어디에 위치해 있나요?,해금강도,한산도,거제도,거북섬,a
train_1865.jpg,train/train_1865.jpg,이 사진 속에서 '트러플 바질 페스토'의 가격은 얼마인가요?,"34,400원","42,400원","39,900원","31,200원",a
train_1866.jpg,train/train_1866.jpg,이 글에서 등(背)을 보여주는 것은 무엇이라고 설명하고 있나요?,지는 것이 아니다,과거의 잘못이다,숨겨야 할 일이다,부끄러운 일이다,a
train_1867.jpg,train/train_1867.jpg,다음 중 '음료/국물 버리는 곳'에 해당하는 표지판의 색상은 무엇인가요?,녹색,빨간색,노란색,파란색,a
train_1868.jpg,train/train_1868.jpg,이 가게의 영업 시작 시간은 언제인가요?,오전 10시,오전 11시,정오 12시,오전 9시,b
train_1869.jpg,train/train_1869.jpg,이 파란색 간판에 적힌 글자는 무엇인가요?,내과,정형외과,치과,소아과,c
train_1870.jpg,train/train_1870.jpg,엠지씨 텀블러의 가격은 얼마인가요?,"\30,000","\15,000","\19,800","\25,000",c
train_1871.jpg,train/train_1871.jpg,이 제어기 함을 함부로 열거나 기계를 만지는 사람은 어떤 법에 의해 처벌받게 됩니까?,형법 제 15조,전자통신법 제 5조,산업안전보건법 제 12조,도로 교통법 제 68조,d
train_1873.jpg,train/train_1873.jpg,이 건물에 있는 '너의하루 사진관'은 몇 층에 위치해 있나요?,1층,2층,3층,4층,d
train_1874.jpg,train/train_1874.jpg,"'CONVERSATION PLATES' 카드에 따르면, 다음 중 'HAY579'가 의미하는 것은 무엇인가요?",How are you?,Doing pretty good,Hold a conversation,License plates,a
train_1875.jpg,train/train_1875.jpg,이 사진에 보이는 두 개의 간판 중 오른쪽 간판에 적힌 가게 이름은 무엇인가요?,해변포차,성덕횟집,성덕회포차,해변치킨,c
train_1876.jpg,train/train_1876.jpg,이 엘리베이터의 최대 정원은 몇 명인가요?,10인승,25인승,20인승,15인승,d
train_1878.jpg,train/train_1878.jpg,이 과자 봉지에 적힌 맛은 무엇인가요?,다크 초콜릿,딸기 맛,카라멜 맛,밀크 + 화이트 초콜릿,b
train_1879.jpg,train/train_1879.jpg,포장지에 적힌 것 중 '쿠로미 네모블럭' 제품에 들어있는 조각 개수는 몇 개인가요?,491 pcs,600 pcs,800 pcs,575 pcs,a
train_1881.jpg,train/train_1881.jpg,이 사진 속 750mL 생막걸리 한 병의 가격은 얼마인가요?,"1,200원","1,500원","1,690원","2,000원",c
train_1882.jpg,train/train_1882.jpg,이곳에서 제공하는 와이파이의 ID는 무엇인가요?,KT-Internet-9X7Y,KT-GiGA-4G-7C8D,KT-GiGA-5G-8D9B,KT-WiFi-1234,c
train_1883.jpg,train/train_1883.jpg,사진 속 도로 표지판에 안내된 '테헤란로'의 길 번호 중 가장 작은 숫자는 무엇인가요?,40길,28길,32길,30길,b
train_1884.jpg,train/train_1884.jpg,이 가게의 오늘 메뉴에 없는 음식은 무엇인가요?,김치 호빵,야채 호빵,피자 호빵,팔 호빵,a
train_1885.jpg,train/train_1885.jpg,잭스빈 후무스의 현장 한정 특가에서 오리지날 후무스의 가격은 얼마인가요?,"7,800원","6,000원","5,500원","7,400원",c
train_1886.jpg,train/train_1886.jpg,이 건물에 입주한 금융기관의 이름은 무엇인가요?,MG새마을금고,KB국민은행,현대해상,삼성생명화재,a
train_1887.jpg,train/train_1887.jpg,이 광고에서 임플란트 고민이 있는 사람에게 권하는 방법은 무엇인가요?,운동요법으로 건강 회복,즉시 수술로 빠르게 해결,약물치료로 통증 완화,의식하진정요법으로 잠을 자듯 편안하게,d
train_1888.jpg,train/train_1888.jpg,2022년 HX-CES 사업단 1기 연구팀 모집의 지원 자격에 해당하는 내용은 무엇인가요?,대학 교수 1인 이상,공대생 포함 대학(원)생 5인 내외,고등학생 3인 이상,일반인 누구나 지원 가능,b
train_1889.jpg,train/train_1889.jpg,이 사진에 보이는 'SSAFY Lunch 취업쌀롱' 배너에는 어떤 상담 시간이 강조되어 있나요?,상담 시간에 대한 언급이 없음,30분 이상의 심층 상담,1시간 집중 상담,짧지만 임팩트 있는 5분 상담,d
train_1890.jpg,train/train_1890.jpg,이 커피 컵에 적힌 문구는 무엇인가요?,이번주도 고생하셨습니다 즐거운 주말 보내세요,오늘도 힘내세요 좋은 하루 되세요,감사합니다 또 방문해주세요,커피는 하루의 시작입니다,a
train_1891.jpg,train/train_1891.jpg,이 교재에서 제공하는 특별강의는 몇 강인가요?,30강,25강,35강,40강,c
train_1892.jpg,train/train_1892.jpg,이 식당의 간판에 적힌 상호명은 무엇인가요?,중화반점 군산짬뽕,중화반집,중화반점 1968,중화반점,c
train_1893.jpg,train/train_1893.jpg,이 사진에 보이는 간판에 적힌 가게 이름은 무엇인가요?,HISFFEE,HISFFFE,HISFREE,HISFEEE,a
train_1895.jpg,train/train_1895.jpg,이 도로 표지판에 따르면 '목원대학교' 방향으로 가려면 어떻게 해야 하나요?,유턴해야 한다,오른쪽으로 가야 한다,직진해야 한다,왼쪽으로 가야 한다,b
train_1896.jpg,train/train_1896.jpg,이 자동차 계기판의 주행거리는 몇 km인가요?,120 km,80 km,102000 km,58.3 km,c
train_1897.jpg,train/train_1897.jpg,이 과자 상자의 브랜드 이름은 무엇인가요?,Danisa,Lotte,Oreo,Pepero,a
train_1898.jpg,train/train_1898.jpg,2026년 주민등록 사실조사 비대면 조사는 언제까지 진행되나요?,7.20. ~ 9.7.,매주 금요일,9.8. ~ 11.9.,8.5. ~ 8.24.,a
train_1899.jpg,train/train_1899.jpg,이 가게의 간판에 적힌 상호명은 무엇인가요?,성세무회계,사가네 양꼬치,이가네 양꼬치,특허 장표,c
train_1900.jpg,train/train_1900.jpg,이 건물에 있는 '인투학원'에서 전문적으로 가르치는 과목은 무엇인가요?,초중고 영어 전문,부동산 중개 전문,음악 전문,초중고 수학 전문,d
train_1901.jpg,train/train_1901.jpg,분리수거 기본규칙에서 빈 플라스틱을 어떻게 해야 한다고 적혀 있나요?,빈 플라스틱 뚜껑을 포개어 주세요.,빈 플라스틱을 씻어 주세요.,빈 플라스틱을 납작하게 눌러 주세요.,빈 플라스틱은 따로 분리하지 마세요.,a
train_1902.jpg,train/train_1902.jpg,이 이미지에 나온 SSAFY 14기 전시발표회에서 1등을 차지한 부문은 무엇인가요?,코딩부문 1등,최종 프로젝트 2등,디자인부문 1등,전시부문 1등,d
train_1905.jpg,train/train_1905.jpg,이 제품에 적힌 전화번호는 무엇인가요?,02.1234.5678,031.1111.2222,010.6218.8646,010.9876.5432,c
train_1906.jpg,train/train_1906.jpg,모드코프S 목감기 약의 복용 방법으로 올바른 것은 무엇인가요?,1일 1회 1캡슐,1일 3회 1회 2캡슐,1일 2회 1회 2캡슐,1일 3회 1회 1캡슐,b
train_1907.jpg,train/train_1907.jpg,이 사진 속 간판에 적힌 글자는 무엇인가요?,체육지원센터,문화지원센터,교육지원센터,사회복지센터,c
train_1908.jpg,train/train_1908.jpg,서울청년문화패스 신청자 모집 안내에서 지원하는 문화관람비 금액은 얼마인가요?,20만원,10만원,25만원,15만원,a
train_1909.jpg,train/train_1909.jpg,이 식당의 간판에 적힌 전화번호는 무엇인가요?,02-207-9130,010-207-9130,207-9130,010-6225-4415,c
train_1910.jpg,train/train_1910.jpg,이 건물에 입주한 병원이나 센터 중 6층에 위치한 곳은 어디인가요?,하라라 성형외과 의원,예본치과의원,여의사 산부인과 전문의 ,임권일신경과의원,d
train_1911.jpg,train/train_1911.jpg,이 사진 속 식당 간판에 적힌 식당 이름은 무엇인가요?,하카타 라멘,Shin Shin,짬뽕과 만두,Shin Shin 본점,d
train_1912.jpg,train/train_1912.jpg,이 식당에서 주문을 하려면 어디로 가야 하나요?,베이컨 로제 파스타,Sprite 음료수,Order!,1327 번호 호출,c
train_1913.jpg,train/train_1913.jpg,이 차량에서 판매하는 음식은 무엇인가요?,찹쌀떡,순대포착,떡볶이,찰순대,d
train_1915.jpg,train/train_1915.jpg,이 자전거 주차장에 붙어 있는 안내문에 적힌 문구는 무엇인가요?,편리한 자동차 생활 안전한 도시철도 이용,편리한 자전거 생활 안전한 도시철도 이용,안전한 자전거 생활 안전한 도시철도 이용,안전한 자전거 생활 편리한 도시철도 이용,b
train_1916.jpg,train/train_1916.jpg,이대목동병원 셔틀버스 승하차장이 2026년 5월 1일부터 변경되는 출구는 어디인가요?,다이소 앞에서 10번 출구로 변경,12번 출구에서 11번 출구로 변경,10번 출구에서 11번 출구로 변경,11번 출구에서 12번 출구(다이소 앞)로 변경,d
train_1917.jpg,train/train_1917.jpg,이미지에 보이는 삼각김밥 중에서 '참치마요' 삼각김밥의 가격은 얼마인가요?,"1,700원","1,200원","1,500원","2,200원",b
train_1918.jpg,train/train_1918.jpg,이 제품의 이름은 무엇인가요?,TYSNES 퉤스네스,TYSNES 튀스네스,TYSNES 튜스네스,TYSNES 퉈스네스,b
train_1920.jpg,train/train_1920.jpg,이 사진에 보이는 가게 간판 중 '보드람치킨' 옆에 적혀 있는 전화번호는 무엇인가요?,981-0822,981-0922,991-0822,981-0823,a
train_1922.jpg,train/train_1922.jpg,빅보이리커 사케 EVENT에서 '마츠도미츠 준마이긴조'의 할인된 가격은 얼마인가요?,"45,000원","55,000원","70,000원","50,000원",b
train_1923.jpg,train/train_1923.jpg,남자 화장실 비밀번호는 무엇인가요?,1234,0000,0449,0419,c
train_1925.jpg,train/train_1925.jpg,이 도로 표지판에 적힌 오른쪽 방향 도로 이름은 무엇인가요?,임수로,안동,부동산중심복합단지,구미전자공고,b
train_1927.jpg,train/train_1927.jpg,가게 간판에 적힌 상호명은 무엇인가요?,Billiard,JOODANG,K2,한식포차,b
train_1928.jpg,train/train_1928.jpg,이 사진 속 작은 건물에 적혀 있는 상호명은 무엇인가요?,스니커즈 리폼,스니커즈 클리닝,구두수선 열쇠,신발 세탁소,a
train_1929.jpg,train/train_1929.jpg,"2026 하프레이스 서울 교통통제 안내에 따르면, 교통통제가 실시되는 날과 시간은 언제인가요?",2026.03.02 (월) 07:50 ~ 10:20,2026.04.02 (화) 07:00 ~ 09:30,2026.03.01 (일) 08:00 ~ 11:00,2026.03.02 (월) 09:00 ~ 12:00,a
train_1930.jpg,train/train_1930.jpg,이 주차장의 주차 요금은 얼마인가요?,10분당 500원,5분당 250원,1시간당 2000원,30분당 1000원,b
train_1931.jpg,train/train_1931.jpg,이 휴게소의 이름은 무엇인가요?,부산남부휴게소,대전고속휴게소,청도새마을휴게소,서울중앙휴게소,c
train_1932.jpg,train/train_1932.jpg,이 지하철 노선도에서 '중앙로' 역은 몇 번째 역인가요?,다섯 번째 역,첫 번째 역,열 번째 역,열네 번째 역,a
train_1933.jpg,train/train_1933.jpg,이 이미지 속에서 붉은색 글씨로 적힌 문구는 무엇인가요?,인간은 다 평등하고 본래 귀천이 없다.,"국가는 한 사람의 국가가 아니요, 전 민족의 국가이다.",역사를 잊은 민족에게 미래는 없다.,선열들이 꿈꾼 나라,d
train_1934.jpg,train/train_1934.jpg,이 과자의 주 원료는 무엇인가요?,감자를 주 원료로 사용,고구마를 주 원료로 사용,파주 장단콩을 사용한 두부,옥수수를 주 원료로 사용,c
train_1935.jpg,train/train_1935.jpg,이 메뉴판에서 'ホットドッグ(핫도그)'의 가격은 얼마인가요?,?700,?1000,?800,?900,d
train_1936.jpg,train/train_1936.jpg,사진 속 오리온 카스타드 제품 상자에 적힌 문구 중 옳은 것은 무엇인가요?,한국 1등 카스테라,한국 1위 카스타드,대한민국 1위 카스테라,대한민국 1등 카스타드,d
train_1937.jpg,train/train_1937.jpg,사진에 보이는 병원 간판 중에서 피부과가 적혀 있는 곳은 어디인가요?,운남피부과의원,하나의원,푸른부부치과,행복한이비인후과의원,a
train_1938.jpg,train/train_1938.jpg,이 도로 표지판에 적혀 있는 내용은 무엇인가요?,보행자 전용 자전거 주의,자전거 금지 보행자 주의,자전거전용 보행자 보호 구역,자전거전용 보행자 횡단주의,d
train_1939.jpg,train/train_1939.jpg,이 봉투에 적힌 'NO STAMP REQUIRED' 문구의 의미는 무엇인가요?,우편물이 손상되지 않도록 주의하라는 뜻이다,우편물을 빠르게 배달하라는 지시이다,우편물이 국제 배송임을 나타낸다,우편 요금이 선불로 지불되었음을 의미한다,d
train_1940.jpg,train/train_1940.jpg,이 사진 속 노란색 경고문에 적힌 내용으로 올바른 것은 무엇인가요?,미끄럼주의 바닥이 미끄러워 넘어질 위험이 있습니다. 주의 해 주세요.,화재주의 불이 날 위험이 있습니다. 조심해 주세요.,출입금지 안전을 위해 출입을 금합니다.,낙하주의 물건이 떨어질 위험이 있습니다. 주의 바랍니다.,a
train_1941.jpg,train/train_1941.jpg,이 가게에서 세일 중인 알로에 선스틱의 할인된 가격은 얼마인가요?,"19,900원","26,900원","9,900원","29,000원",c
train_1942.jpg,train/train_1942.jpg,이 사진에 보이는 가게의 이름은 무엇인가요?,Patisserie de SUNG SIM DANG,성심당,SUNGSIMDANG,SUNG SIM DANG,b
train_1944.jpg,train/train_1944.jpg,퀴즈노스 매장에서 모닝 세트에 포함된 음료는 무엇인가요?,핫초코,에스프레소,카페라떼,아메리카노,d
train_1947.jpg,train/train_1947.jpg,이 사진에 보이는 간판에 적힌 이름은 무엇인가요?,Naver,Baidu,Kakao,Google,b
train_1948.jpg,train/train_1948.jpg,이 표적지에 적힌 문구 중 무엇이 적혀 있나요?,적임군인 할까?,사격 연습 완료,안전사격 필수,목표 달성,a
train_1950.jpg,train/train_1950.jpg,이 건물 주차장 출입구에서 제한된 속도는 얼마인가요?,5 KM/H,20 KM/H,10 KM/H,15 KM/H,a
train_1951.jpg,train/train_1951.jpg,이미지에 보이는 '미미헤어'에서 네이버 예약 시 받을 수 있는 할인 금액은 얼마인가요?,"15,000원","39,000원","7,000원","10,000원",b
train_1953.jpg,train/train_1953.jpg,이 음식점의 상호명은 무엇인가요?,황떡 본점,황떡 분점,대복이 떡집,대복이의 명가,a
train_1954.jpg,train/train_1954.jpg,평택시민을 위한 창학지원 프로그램에서 수강료는 어떻게 되나요?,수강료의 50% 지원,수강료 30% 할인,수강료 전액 본인 부담,수강료 100% 전액 무료,d
train_1955.jpg,train/train_1955.jpg,이 그래놀라 제품의 특징으로 옳은 것은 무엇인가요?,무설탕 그래놀라,저당 렌틸 오트 그래놀라,고당분 그래놀라,고지방 렌틸 오트 그래놀라,b
train_1956.jpg,train/train_1956.jpg,사진에 보이는 문에 붙어 있는 노란색 표지판에 적힌 글자는 무엇인가요?,잠궈라,당겨유,밀어유,열려라,b
train_1957.jpg,train/train_1957.jpg,홍천샌드 가게에서 아메리카노 커피의 가격은 얼마인가요?,2000원,3500원,3000원,2500원,d
train_1958.jpg,train/train_1958.jpg,이 등대에 적혀 있는 이름은 무엇인가요?,하멜등대,청사포등대,남항등대,동백등대,a
train_1959.jpg,train/train_1959.jpg,타임스퀘어에 있는 전광판에서 볼 수 있는 코카콜라 광고 문구는 무엇인가요?,Chalice Meikle,Failure,CocaCola,SAMSUNG,c
train_1960.jpg,train/train_1960.jpg,이 간판에 적힌 가게 이름은 무엇인가요?,대가금강,금강대왕,황금대가,금강대가,d
train_1961.jpg,train/train_1961.jpg,이 사전투표소가 위치한 장소는 어디인가요?,2층 대회의실,3층 강당,1층 로비,지하 1층 회의실,a
train_1962.jpg,train/train_1962.jpg,이 음료 제품에 적힌 내용 중 맞는 것은 무엇인가요?,덴마크 소화가 잘되는 우유,매일유업 100% 우유,빙그레 바나나맛 우유,서울우유 저지방,a
train_1963.jpg,train/train_1963.jpg,이 음식점의 간판에 적힌 음식 메뉴는 무엇인가요?,된장찌개,순두부찌개,부대찌개,김치찌개,d
train_1964.jpg,train/train_1964.jpg,이 장소의 이름은 무엇인가요?,전주동물원,부산동물원,서울동물원,대전동물원,a
train_1967.jpg,train/train_1967.jpg,사진에 보이는 'Look' 간판에 적힌 서비스 내용 중 옳은 것은?,"커피, 디저트, 베이커리","헤어, 피부관리, 반영구","문구, 팬시, 사무용품","옷수선, 세탁, 드라이클리닝",b
train_1969.jpg,train/train_1969.jpg,이 가게의 간판에 적힌 상호명은 무엇인가요?,군산빵집,군산맛집,군산제과점,군산과자조합,d
train_1970.jpg,train/train_1970.jpg,이 건물의 주소는 무엇인가요?,1588-6400,ADT,34 장덕로,광주광역시교육청,c
train_1971.jpg,train/train_1971.jpg,이 표지판에 적힌 주소는 무엇인가요?,1000 VIN SCULLY AVENUE,100G VIN SCULLY AVENUE,100 VIN SCULLY AVENUE,10G VIN SCULLY AVENUE,a
train_1972.jpg,train/train_1972.jpg,사진 속 두 제품 중 'MANUKA'라는 이름이 적혀 있는 제품은 무엇인가요?,커피 제품,우유 제품,보리차 제품,꿀 제품,d
train_1973.jpg,train/train_1973.jpg,이 사진에 보이는 간판 중에서 '구미통신' 옆에 적혀 있는 문구는 무엇인가요?,무료 와이파이,할인 행사 중,영업 중,공식인증 판매점,d
train_1974.jpg,train/train_1974.jpg,이 광고판에 적힌 문구 중 'Toast Lab' 바로 위에 있는 문장은 무엇인가요?,Taste the Toast,made by the world's smartest Robot Chef,Robot Chef,Robot. Toast. Perfect,d
train_1975.jpg,train/train_1975.jpg,이 사진 속 간판에 적힌 문구는 무엇인가요?,새로운 2020 희망등대,옛날 1963 소원등대,새로운 2020 소원등대,옛날 1963 희망등대,b
train_1976.jpg,train/train_1976.jpg,이 포스터에서 안내하는 투어의 소요 시간은 얼마인가요?,4시간,2시간,1시간,3시간,d
train_1977.jpg,train/train_1977.jpg,사진 속 안내문에 적힌 자전거 대여 및 단체 예약 문의 전화번호는 무엇인가요?,02-3456-7890,010-1234-5678,031-9876-5432,010-9902-1591,d
train_1978.jpg,train/train_1978.jpg,이 화면 메뉴에서 선택된 항목은 무엇인가요?,시스템,인포메이션,OSD 설정,Adaptive-Sync,b
train_1979.jpg,train/train_1979.jpg,사진 속 카드에 적힌 커피 종류는 무엇인가요?,콜롬비아 수프리모,"케냐 커피, SL-34",과테말라 안티구아,에티오피아 예가체프,b
train_1980.jpg,train/train_1980.jpg,이 사진에 보이는 매장의 상호명은 무엇인가요?,PAUL BASSETT,NEW ARRIVAL / 신제품,TAMIYA,LIVING PARK,c
train_1981.jpg,train/train_1981.jpg,사진 속 간판에 적힌 '2025'는 무엇과 관련된 행사인가요?,OSAKA 게임 축제,EXPO 2025,도쿄 올림픽 2020,세계 박람회 2030,b
train_1983.jpg,train/train_1983.jpg,이미지에 보이는 'NEW 베이직 스테인리스 텀블러'의 가격은 얼마인가요?,"30,000","15,000","20,000","25,000",d
train_1984.jpg,train/train_1984.jpg,이 표지판에 적힌 문구는 무엇인가요?,무료 주차,무료 와이파이,무료 음료,무료 충전,d
train_1985.jpg,train/train_1985.jpg,이 종이 쇼핑백에 적힌 브랜드 이름은 무엇인가요?,BURBERRY,BOTTEGA VENETA,BYREDO,BALENCIAGA,c
train_1988.jpg,train/train_1988.jpg,이 건물의 간판에 적힌 공인중개사의 이름은 무엇인가요?,구술동자 운도령,믿음 공인중개사,알파고등수학,행복한 부동산,b
train_1989.jpg,train/train_1989.jpg,이름표에 적혀 있는 사람의 이름은 무엇인가요?,김민수,최수진,박지은,이혜영,d
train_1990.jpg,train/train_1990.jpg,이 쓰레기 분리수거함에서 '스티로폼'은 어떤 종류의 쓰레기를 담는 곳인가요?,종이류,스티로폼,비닐류,병류,b
train_1991.jpg,train/train_1991.jpg,"버스 승객 안전 규칙에 따르면, 승객이 차량 운행 중에 반드시 해야 하는 행동은 무엇인가요?",자리 이동하기,손잡이 잡기,미리 일어나기,휴대폰 사용하기,b
train_1992.jpg,train/train_1992.jpg,CU 출입문이 어디에 있다는 안내문에 적힌 내용은 무엇인가요?,CU 출입문은 건물 입구에 있습니다,CU 출입문은 지하에 있습니다,CU 출입문은 옆 골목에 있습니다,CU 출입문은 2층에 있습니다,a
train_1994.jpg,train/train_1994.jpg,이미지 속 비요뜨 요거트 중 베리콩포트 맛의 유통기한은 언제인가요?,2026.08.18,2025.12.31,2026.08.26,2026.08.23,a
train_1996.jpg,train/train_1996.jpg,이 간판에서 판매하거나 취급하지 않는 서비스는 무엇인가요?,구두 수선,금이빨 매입,인감 도장,자동차 정비,d
train_1997.jpg,train/train_1997.jpg,이 사진 속 밥솥에 적힌 브랜드 이름은 무엇인가요?,SAMSUNG,CUCKOO,PN,LG,c
train_1998.jpg,train/train_1998.jpg,이 건물에 있는 가게 이름 중 '파리바게뜨'와 같이 빵이나 커피를 판매하는 곳은 무엇인가요?,MEGA COFFEE,개념일일수학,24시간 편의점,바짝독서실,a
train_1999.jpg,train/train_1999.jpg,이 거리의 간판들 중 24시간 영업을 하는 업소는 무엇인가요?,HONG's PC방 24시,커피와 디저트 - 오픈형 테라스,전주비빔밥 2층,갈비탕 전문점,a
train_2000.jpg,train/train_2000.jpg,소화전 사용 방법 중 두 번째 단계는 무엇인가요?,밸브 닫기,호스 빼내기,밸브 열기,불 끄기,c
train_2001.jpg,train/train_2001.jpg,이 가게에서 아메리카노의 가격은 얼마인가요?,"5,000원","4,500원","4,000원","3,500원",b
train_2002.jpg,train/train_2002.jpg,이 사진 속 제품들의 가격은 얼마인가요?,"\1,000","\1,500",\500,"\2,000",a
train_2003.jpg,train/train_2003.jpg,이 카페의 이름은 무엇인가요?,BOULANGERIE FRAN?AISE,CAF? DE PARIS,CAF? AUX BACCHANALES,LE PETIT CAF?,c
train_2004.jpg,train/train_2004.jpg,이 도로 표지판에 적힌 문구 중 올바른 내용은 무엇인가요?,고정식 단속구간 Photo enforcement 150m,이동식 단속구간 Photo enforcement 100m,이동식 단속구간 Photo enforcement 150m,이동식 단속구간 Speed enforcement 150m,c
train_2005.jpg,train/train_2005.jpg,사진 속 '인동 한의원'에서 월요일과 수요일에 하는 진료는 무엇인가요?,주간진료,응급실 진료,야간진료,응급진료,c
train_2006.jpg,train/train_2006.jpg,사진에 보이는 '미니 칼슘체다' 치즈 한 팩의 유통기한은 언제인가요?,2026.11.26,2024.10.10,2025.12.31,2026.11.17,a
train_2007.jpg,train/train_2007.jpg,이 사진 속 간판에 적힌 음식점 이름은 무엇인가요?,미소 치킨,미소 양꼬치,미소 떡볶이,미소 불고기,b
train_2009.jpg,train/train_2009.jpg,이 지하철 문에 붙어 있는 경고 문구는 무엇을 주의하라고 하고 있나요?,좌석을 양보하세요,소지품을 조심하세요,도어에 주의하세요,사진 촬영 금지,c
train_2010.jpg,train/train_2010.jpg,사진 속 책 제목 중 '처음 부모'라는 문구가 적힌 책의 제목은 무엇인가요?,마음 연습장,부모 마음 연습장,스터디 플래너,부모 마음 노트,b
train_2011.jpg,train/train_2011.jpg,이 제품의 가격은 얼마인가요?,$25.00,$20.00,$10.00,$16.00,d
train_2012.jpg,train/train_2012.jpg,도원빌딩 5층에는 어떤 종류의 클리닉이 있나요?,소아과 클리닉,내과 클리닉,피부과 성형외과 비만클리닉,치과 클리닉,c
train_2013.jpg,train/train_2013.jpg,이미지에 보이는 교회 건물의 이름은 무엇인가요?,양산 교회,중앙 성당,평화 교회,서울 대성당,a
train_2014.jpg,train/train_2014.jpg,이미지에 보이는 포장지에 적힌 브랜드 이름은 무엇인가요?,ТЕХНОНИКОЛЬ,ЭКО,МАСТЕР,ТЕХНОПЛАСТ,a
train_2015.jpg,train/train_2015.jpg,이 트럭에 적힌 글자 중에서 가장 크게 적힌 것은 무엇인가요?,NH? PH?N PH?I,TR? NGUY,VI BIA CHU?N,GIU,b
train_2017.jpg,train/train_2017.jpg,사진 속 가게 유리창에 적힌 문구 중 올바른 것은 무엇인가요?,WELCOME! IN OUR MANSION EVERY MOMENT IS SAD IN YOUR MANSION,WELCOME! IN OUR MANSION EVERY MOMENT IS HAPPY IN OUR MANSION,WELCOME! IN YOUR MANSION EVERY MOMENT IS HAPPY IN OUR MANSION,WELCOME! IN OUR MANSION EVERY MOMENT IS SAD IN OUR MANSION,b
train_2018.jpg,train/train_2018.jpg,이 간판에 적힌 회사 이름 중 옳지 않은 것은 무엇인가요?,(무)무진산업,(주)다온테크,(주)다온산업,광전물산 (주),c
train_2019.jpg,train/train_2019.jpg,이 도로에서 제한 속도는 얼마인가요?,30km/h,80km/h,50km/h,60km/h,a
train_2020.jpg,train/train_2020.jpg,이 노래의 제목은 무엇인가요?,사랑,희망,행복,노력,d
train_2022.jpg,train/train_2022.jpg,이 편의점에서 사용할 수 있다고 안내한 지원금은 무엇인가요?,농업 지원금,고유가 지원금,교육 지원금,청년 지원금,b
train_2023.jpg,train/train_2023.jpg,제품 포장에 적힌 가격은 얼마인가요?,2000원,2590원,3000원,2500원,d
train_2025.jpg,train/train_2025.jpg,에스컬레이터 앞에 설치된 노란색 표지판에 적힌 문구는 무엇인가요?,주의하세요 OTIS,출입금지 OTIS,안전제일 OTIS,접근금지 OTIS,d
train_2026.jpg,train/train_2026.jpg,테이블 위에 놓인 명함에는 어떤 단어가 적혀 있나요?,TRU,TUE,TIRE,TRUE,a
train_2027.jpg,train/train_2027.jpg,사진 속 샌드위치의 이름은 무엇인가요?,THE CHICKEN TRIPLE,THE FISH SANDWICH,THE BEEF DOUBLE,THE VEGGIE DELIGHT,a
train_2028.jpg,train/train_2028.jpg,이 건물에 입점한 음식점의 이름은 무엇인가요?,광양본가,참숯 불고기 전문,지하아케이드,삼원타워,a
train_2029.jpg,train/train_2029.jpg,이 건물에 적힌 상호명은 무엇인가요?,상남마트,상남시장,통영멸치직판장,개미수산,b
train_2030.jpg,train/train_2030.jpg,이 간판에 적힌 문구는 무엇인가요?,OUT usual style,OUT unique style,IN usual style,IN unique style,d
train_2031.jpg,train/train_2031.jpg,이 카페에서 아침 11시까지 판매하는 모닝커피 가격은 얼마인가요?,"1,900원","4,500원","2,500원","3,900원",a
train_2032.jpg,train/train_2032.jpg,이 사진에 보이는 '연의 편지' 포스터에 적힌 개봉 예정일은 언제인가요?,2025.01.01,2023.06.15,2024.12.25,2025.10.01,d
train_2033.jpg,train/train_2033.jpg,벽에 적힌 화장실 위치 안내 문구는 무엇인가요?,Bathroom this way,WC over there,Restroom this way,Toilet here,d
train_2034.jpg,train/train_2034.jpg,이 안내판 상단에 적힌 문구는 무엇인가요?,ACADEMY INFORMATION,ACADEMY EVENTS,ACADEMY NOTICE,ACADEMY SCHEDULE,a
train_2035.jpg,train/train_2035.jpg,이 과자 봉지에 적힌 문구 중 옳은 것은 무엇인가요?,꼬소하게 뿌셔!,매콤하게 부셔!,달콤하게 녹여!,톡쏘게 부셔!,a
train_2036.jpg,train/train_2036.jpg,이 건물에 있는 식당 이름은 무엇인가요?,개사무소,명동식당,로맨틱 아로마,유월엔 베이커리,b
train_2038.jpg,train/train_2038.jpg,사진 속 '참 물티슈'에 적힌 물티슈 매수는 몇 매인가요?,100매,200매,150매,50매,c
train_2039.jpg,train/train_2039.jpg,이 사진이 찍힌 장소의 이름은 무엇인가요?,온천장,나가는 곳,ICE COFFEE,커피 & 차,a
train_2040.jpg,train/train_2040.jpg,이 한우육회용 고기의 가격은 얼마인가요?,5500원,14850원,10000원,12000원,c
train_2041.jpg,train/train_2041.jpg,이 가게 간판에 적힌 상호명은 무엇인가요?,기산 인생맥주,한산 소주,강남 생맥주,청담 맥주,a
train_2042.jpg,train/train_2042.jpg,분리수거 기본규칙에 따르면 남은 음료는 어디에 비워야 하나요?,일반 쓰레기통,음식물 쓰레기통,음료수거통,재활용 쓰레기통,c
train_2044.jpg,train/train_2044.jpg,이 지도에서 '현위치'가 표시된 곳에서 가장 가까운 지점 번호는 무엇인가요?,Y3-10,Y3-5,Y3-15,Y3-1,d
train_2045.jpg,train/train_2045.jpg,이 건물에 위치한 '빈에스테틱'과 '뷰티아카데미'는 몇 층에 있나요?,5층,3층,6층,4층,d
train_2046.jpg,train/train_2046.jpg,삼성청년 SW·AI 아카데미 16기 인터뷰 기간은 언제인가요?,6.20(화)~6.25(일),7.1(월)~7.5(금),5.15(월)~5.20(토),6.8(월)~6.12(금),d
train_2049.jpg,train/train_2049.jpg,사진 속 건물 입구에 적혀 있는 이름은 무엇인가요?,PUB,WINE25,HICKORY SMOKED BBQ,CHAEUM Hecto,d
train_2050.jpg,train/train_2050.jpg,이 교차로에서 보이는 신호등의 현재 색깔은 무엇인가요?,초록불,꺼져 있음,빨간불,노란불,c
train_2051.jpg,train/train_2051.jpg,이 건물에 있는 간판들 중 맞춤가발과 관련된 상호명은 무엇인가요?,본머리 커트 가능,가발명인,부건 옷수선,최미정 맞춤가발,d
train_2052.jpg,train/train_2052.jpg,'한우소머리국밥' 가게는 언제 폐업했나요?,5월 1일,4월 1일,12월 31일,3월 31일,d
train_2053.jpg,train/train_2053.jpg,이 장소에서 제공하는 무료 와이파이 비밀번호는 무엇인가요?,Twosomedc_5g,wifi_free123,free_wifi_pw,a0625122323,d
train_2056.jpg,train/train_2056.jpg,이 방의 이름은 무엇인가요?,홍길동,박지민,김철수,송가인,d
train_2057.jpg,train/train_2057.jpg,이 건물의 7층에 위치한 기관이나 업체가 아닌 것은 무엇인가요?,국제무용학원,태리프속눈썹,새온 에스테틱,오앤피 영수학원,b
train_2058.jpg,train/train_2058.jpg,이 건물 외벽에 적힌 상호명은 무엇인가요?,COFFEE BEAN,HOLLYS COFFEE,TERAROSA,STARBUCKS,c
train_2059.jpg,train/train_2059.jpg,이 식당의 상호명은 무엇인가요?,대구 막창 본가,서울 명동 찜닭,춘천 진미 닭갈비,부산 해운대 곱창,c
train_2060.jpg,train/train_2060.jpg,이 보안등 점멸기에서 안내하는 주간 연락 전화번호는 무엇인가요?,B.,1400,3423-8606,3423-6000,c
train_2061.jpg,train/train_2061.jpg,이 음료가 담긴 컵에 적혀 있는 문구는 무엇인가요?,taste the coffee,share good time,best cafe in town,enjoy every moment,b
train_2062.jpg,train/train_2062.jpg,사진 속 노란색 의자에 부착된 간판에 적힌 병원의 이름은 무엇인가요?,노원치과병원,서울치과병원,미주치과병원,한양치과병원,c
train_2063.jpg,train/train_2063.jpg,이 이미지에 보이는 그릭요거트 드링크의 사과맛 패키지에는 몇 개가 들어있다고 적혀 있나요?,특별기획 10개,특별기획 5개,특별기획 12개,특별기획 8개,d
train_2064.jpg,train/train_2064.jpg,이 식당에서 2인분 순대볶음의 가격은 얼마인가요?,"22,000원","11,000원","16,500원","10,000원",c
train_2066.jpg,train/train_2066.jpg,왼쪽에 놓여진 책 제목은 무엇인가요?,파이썬 프로그래밍,플러터 생존코딩,인공지능 입문,게임 기획 스쿨,d
train_2067.jpg,train/train_2067.jpg,이 건물 5층에는 어떤 학원이 있나요?,포인트 적성속독,M&M 학원,정상 어학원,알파 학원,b
train_2068.jpg,train/train_2068.jpg,이 건물 외벽에 붙어 있는 간판들에서 공통적으로 볼 수 있는 문구는 무엇인가요?,임대 문의 010 9468-1233,상가임대 최대한 절충,박선희 골프아카데미,급매 010-945-0000,b
train_2070.jpg,train/train_2070.jpg,책장에 있는 책 중 'C++ 기초 플러스' 책의 판수는 몇 판인가요?,7판,5판,1판,3판,b
train_2071.jpg,train/train_2071.jpg,사진 속 제품은 무엇을 처리하는 기기인가요?,로봇 청소기,음식물 처리기,세탁기,공기 청정기,b
train_2072.jpg,train/train_2072.jpg,사진 속 샌드위치 중에서 가장 비싼 가격은 얼마인가요?,"16,000원","5,000원","7,300원","9,700원",a
train_2073.jpg,train/train_2073.jpg,사진 속에 적힌 글귀 중 맞는 문장은 무엇인가요?,달속토끼가 오늘도 너를 보고 슬퍼하대,달속토끼가 오늘도 너를 보고 행복하대,달속토끼가 내일도 너를 보고 슬퍼하대,달속토끼가 내일도 너를 보고 행복하대,b
train_2074.jpg,train/train_2074.jpg,이 공연 티켓에 적혀 있는 공연 날짜는 언제인가요?,2025-09-17,2023-12-25,2025-11-01,2024-10-05,a
train_2075.jpg,train/train_2075.jpg,"이 매장의 좌석 이용에 관한 안내문에 따르면, 매장 이용 시 어떤 조건이 필요한가요?",1인당 최소 주문 금액이 정해져 있다,음식 반입이 금지되어 있다,매장이 협소해 일행이 모두 와야 좌석 이용 가능하다,예약 없이 방문하면 입장이 제한된다,c
train_2076.jpg,train/train_2076.jpg,이 간판에 적힌 호텔 이름은 무엇인가요?,GINZA HOTEL,MUJI HOTEL,GINZA INN,MUJI INN,b
train_2077.jpg,train/train_2077.jpg,2층 화장실을 이용하려면 어떻게 해야 하나요?,엘리베이터를 타세요,직진해서 가세요,계단을 이용하세요,화장실은 1층에 있습니다,c
train_2078.jpg,train/train_2078.jpg,이 배너에 적힌 즉석 원두커피 브랜드 이름은 무엇인가요?,coffee get,get coffee,coffee go,go coffee,b
train_2081.jpg,train/train_2081.jpg,사진에 보이는 '폰케이스 무인샵'의 영업 시작 시간은 언제인가요?,오후 5:00,오전 8:00,오후 1:00,오전 9:30,d
train_2082.jpg,train/train_2082.jpg,이미지 속 'BioGrafting' 시술에 대해 설명한 내용 중 옳은 것은 무엇인가요?,BioGrafting 시술은 인공치아를 사용하는 방법이다.,BioGrafting 시술은 구미시에만 적용된다.,BioGrafting 시술은 자연치아를 제거하는 치료법이다.,BioGrafting 시술은 자연치아를 건강하게 보존하는 MTA 이식술이다.,d
train_2083.jpg,train/train_2083.jpg,2월 20일 오전 11시 30분경 분실된 물건은 무엇인가요?,가방,지갑,에어팟,핸드폰,a
train_2085.jpg,train/train_2085.jpg,이 전시 공간의 상단에 적혀 있는 회사 이름은 무엇인가요?,Panasonic,Sony,LG Electronics,Samsung,c
train_2088.jpg,train/train_2088.jpg,사진 속에서 가격표에 적힌 S.H.Figuarts 키스의 가격은 얼마인가요?,"9,280엔","5,080엔","4,619엔","10,508엔",a
train_2089.jpg,train/train_2089.jpg,이 표지판에 따르면 이곳에서 흡연을 할 경우 부과되는 과태료는 얼마인가요?,5만원,3만원,1만원,10만원,a
train_2090.jpg,train/train_2090.jpg,사진 속 전광판에서 홍보하는 공연은 무엇인가요?,Nashville Symphony,Chicago Jazz Festival,Los Angeles Opera,New York Philharmonic,a
train_2091.jpg,train/train_2091.jpg,이 가게의 이름은 무엇입니까?,베지나랑,수변최고 돼지국밥,KT공방,명상센터,b
train_2092.jpg,train/train_2092.jpg,"사진 속 상품 중 1,000원에 판매되는 제품은 무엇인가요?",그때그 달고나 HANDMADE,팝핑 달고나,수제 달고나,달고나 크래커,b
train_2093.jpg,train/train_2093.jpg,이 소화전 사용법 중 3단계에 해당하는 것은 무엇인가요?,밸브 열기,호스 빼내기,밸브 닫기,불끄기,d
train_2094.jpg,train/train_2094.jpg,이 머그컵에 적힌 문구는 무엇인가요?,Cinnamon Haus,Sweet Aroma,Morning Brew,Coffee Time,a
train_2095.jpg,train/train_2095.jpg,이 엘리베이터 층 표시에서 36층에 적힌 문구는 무엇인가요?,EATANIC GARDEN THE GREAT HONG KANG,EATANIC GARDEN THE GREAT HONG YUAN,EATONIC GARDEN THE GREAT HONG YUAN,EATANIC GARDEN THE GREAT HONG YUN,b
train_2098.jpg,train/train_2098.jpg,이 사진에 보이는 가게 중 휴대폰 관련 서비스를 제공하는 가게 이름은 무엇인가요?,LG U+,농협,NH,JIAN TELECOM,a
train_2099.jpg,train/train_2099.jpg,사진 속 두 유니폼에 적힌 축구 클럽 이름은 무엇인가요?,REAL MADRID,FC BAYERN MUNCHEN,MANCHESTER UNITED,FC BARCELONA,b
train_2100.jpg,train/train_2100.jpg,프렌즈스크린 구미인동점의 오픈 할인 시행일은 언제부터인가요?,2025년 5월 1일,2025년 6월 1일,2026년 6월 1일,2026년 5월 1일,d
train_2101.jpg,train/train_2101.jpg,이 가게의 전화번호는 무엇인가요?,1208-6790,02-123-4567,482-2777,482-2778,c
train_2103.jpg,train/train_2103.jpg,사진 속 분리수거 기본규칙 포스터에 적힌 내용 중 올바른 것은 무엇인가요?,분리수거는 혼합수거함에 버리세요.,음식물 쓰레기는 일반쓰레기와 함께 버리세요.,쓰레기는 종류에 상관없이 한 봉지에 담아 버리세요.,분리수거는 깨끗이 헹군 후 배출하세요.,d
train_2104.jpg,train/train_2104.jpg,이 사진 속 가게의 간판에 적혀 있는 음식 이름은 무엇인가요?,김치찌개,부대찌개,삼계탕,불고기,b
train_2105.jpg,train/train_2105.jpg,이 사진 속 전광판에 적힌 '구두수선·광택'은 어떤 서비스를 의미하나요?,필라테스 운동을 하는 곳,순두부 요리를 제공하는 식당,신발을 수선하고 광택을 내는 서비스,상품권을 판매하는 서비스,c
train_2106.jpg,train/train_2106.jpg,이 음식점 다미에서 판매하지 않는 메뉴는 무엇인가요?,오징어볶음,된장찌개볶음,제육볶음,돼지찌개,b
train_2107.jpg,train/train_2107.jpg,영화관 매점에서 팝콘 리필 가격은 얼마인가요?,"3,000원","1,500원","2,000원","2,500원",d
train_2108.jpg,train/train_2108.jpg,사진 속 캐릭터들이 있는 표지판에 적힌 문구는 무엇인가요?,행복한 가족,우리 동네 친구들,즐거운 여행,꿈씨 패밀리,d
train_2110.jpg,train/train_2110.jpg,이 가게의 전화번호는 무엇인가요?,202-7070,203-7080,202-7800,202-7080,d
train_2111.jpg,train/train_2111.jpg,이 이미지에 보이는 'SSAFY' 스티커에 적힌 문구 중 올바른 것은 무엇인가요?,AI로 여는 나만의 미래,AI가 만드는 세상,미래를 여는 AI,AI와 함께하는 오늘,a
train_2112.jpg,train/train_2112.jpg,서교동 방면으로 나가려면 어느 출구 방면으로 가야 하나요?,4번 출구 방면,6번 출구 방면,3번 출구 방면,7번 출구 방면,c
train_2113.jpg,train/train_2113.jpg,이 지하철역 안내판에 '東口地下通路'는 무슨 뜻인가요?,동쪽 출구 지상 통로,서쪽 출구 지하 통로,동쪽 출구 지하 통로,서쪽 출구 지상 통로,c
train_2115.jpg,train/train_2115.jpg,이 간판에서 볼 수 있는 헬스장 이름은 무엇인가요?,HOTEL RAMMOS,ORANGE FITNESS,JAMES GYM,FITNESS CENTER,c
train_2116.jpg,train/train_2116.jpg,사진 속 설명에 따르면 신라 경주 인근 무덤에서 발견된 철제 무기와 함께 출토된 무덤은 무엇이라고 하나요?,토광묘,석곽묘,돌무덤,널무덤,d
train_2117.jpg,train/train_2117.jpg,이 건물의 이름은 무엇인가요?,Ph? Bay,MOM'S TOUCH,PC GROUND,U·square 유·스퀘어,d
train_2118.jpg,train/train_2118.jpg,이 도로 표지판에 나온 '순천IC' 옆에 적힌 국도 번호는 무엇인가요?,25,17,10,27,a
train_2119.jpg,train/train_2119.jpg,이미지 속 과자 봉지에 적힌 'THE빠새' 제품의 중량은 얼마인가요?,55 g,75 g,60 g,44 g,d
train_2120.jpg,train/train_2120.jpg,이 건설 현장의 출입문에 적힌 번호는 무엇인가요?,GATE #5,GATE #3,GATE #4,GATE #2,c
train_2121.jpg,train/train_2121.jpg,이 가게 앞에 붙어 있는 두 개의 '임대' 스티커에 적힌 전화번호 중 오른쪽 스티커에 적힌 번호는 무엇인가요?,010-5838-6320,010-387-2255,016-830-2255,010-3884-8527,d
train_2122.jpg,train/train_2122.jpg,이 가챠 머신에서 한 번 뽑는데 필요한 가격은 얼마인가요?,500원,1000원,2000원,1500원,b
train_2124.jpg,train/train_2124.jpg,이미지에 적힌 시 '부부'의 저자는 누구인가요?,박인환,윤동주,김소월,이정애,d
train_2125.jpg,train/train_2125.jpg,"이 책장에 꽂혀 있는 책 제목 중, 미래와 시간을 다룬 책은 무엇인가요?",데일 카네기 인간관계론,요령영어 100일의 기적,세계미래보고서 2026-2036,2030 부의 미래,c
train_2126.jpg,train/train_2126.jpg,이 화면에 나오는 만화 제목은 무엇인가요?,그남자그여자,나루토,소년탐정 김전일,슬램덩크,a
train_2127.jpg,train/train_2127.jpg,2026 서울 러닝 엑스포의 개최 기간은 언제인가요?,3월 14일 토요일부터 3월 16일 월요일까지,3월 13일 금요일부터 3월 15일 일요일까지,3월 15일 일요일부터 3월 17일 화요일까지,3월 10일 금요일부터 3월 12일 일요일까지,b
train_2128.jpg,train/train_2128.jpg,우리마트에서 오늘 할인하는 삼겹살의 가격은 얼마인가요?,"5,900원","2,480원","3,500원",900원,b
train_2129.jpg,train/train_2129.jpg,이 도넛 박스에 적힌 브랜드 이름은 무엇인가요?,배스킨라빈스,파리바게뜨,던킨 도넛,크리스피 크림,d
train_2132.jpg,train/train_2132.jpg,위너축구교실에서 취미반은 주 몇 회 수업이 진행되나요?,주 5회,주 7회,주 1회~3회,주 3회~5회,c
train_2133.jpg,train/train_2133.jpg,이 사진 속에서 '진입 금지' 표지판이 붙어 있는 곳은 어디인가요?,수하물 보관소 입구,화장실 입구,도착장 입구,출발장 입구,c
train_2134.jpg,train/train_2134.jpg,이 건물 입구에 적힌 상호명은 무엇인가요?,영스퀘어 구미점,구미영스퀘어,대구영스퀘어,구미중앙광장,b
train_2135.jpg,train/train_2135.jpg,'목요오픈기도회'는 어느 요일에 진행되나요?,매주 화요일,매주 금요일,매주 목요일,매주 월요일,c
train_2137.jpg,train/train_2137.jpg,이 건물 입구에 적힌 'KDB 꿈나무 어린이집'은 무엇을 의미하나요?,도서관 이름,카페 이름,어린이집 이름,병원 이름,c
train_2138.jpg,train/train_2138.jpg,이 건물에 있는 'FIT PLUS+ 헬스·PT'의 할인 이벤트에서 헬스 이용 가격은 얼마인가요?,"25,000원","20,000원","30,000원","15,000원",a
train_2139.jpg,train/train_2139.jpg,사진 속 노란색 용기 'ECO EARTH' 제품의 자외선 차단 지수(SPF)는 얼마인가요?,SPF100,SPF15,SPF50+,SPF30,c
train_2140.jpg,train/train_2140.jpg,이 건물에 적혀 있는 텍스트 중 올바른 내용을 고르세요.,평생교육원,음식점,병원,도서관,a
train_2141.jpg,train/train_2141.jpg,이 건물에 있는 은행의 주요 업무는 무엇인가요?,보험 상담,자산관리 전문은행,일반 은행 업무,외환 거래,b
train_2142.jpg,train/train_2142.jpg,사진에 보이는 '5번가' 간판에 그려진 여성은 어떤 소품을 들고 있나요?,책과 안경,커피잔과 신발,가방과 신발,꽃과 모자,c
train_2143.jpg,train/train_2143.jpg,이 가게 앞 칠판에 적힌 내용에 따르면 소금빵은 언제 다시 판매되나요?,내일 오전 9시에 다시 판매됩니다,오후 6시에 다시 판매됩니다,오전 11시에 다시 판매됩니다,PM 3:00시에 다시 판매됩니다,d
train_2144.jpg,train/train_2144.jpg,이 가게에서 '찐빵' 5개를 사면 얼마인가요?,5000원,6000원,3000원,4000원,d
train_2145.jpg,train/train_2145.jpg,이미지에 나온 약 중에서 'Ramipril'의 1.25mg 용량에 해당하는 알약의 색상은 무엇인가요?,분홍색과 흰색,노란색과 흰색,초록색과 흰색,파란색과 흰색,b
train_2149.jpg,train/train_2149.jpg,이 가게에서 떡볶이 가격은 얼마인가요?,6000원,3500원,5000원,4000원,d
train_2150.jpg,train/train_2150.jpg,이 사진에 보이는 상점의 이름은 무엇인가요?,다이소,이마트,홈플러스,롯데마트,a
train_2151.jpg,train/train_2151.jpg,이 식당에서 전문으로 하는 음식은 무엇인가요?,냉면,비빔밥,찌개,석쇠구이,d
train_2152.jpg,train/train_2152.jpg,이 책 제목 중 영어로 적힌 것은 무엇인가요?,꿈이 자라는 우,서명,나의 성장 스토리,My Great Gift,d
train_2155.jpg,train/train_2155.jpg,이 곳에서 갈아탈 수 있는 노선 번호는 무엇인가요?,4,3,1,2,c
train_2156.jpg,train/train_2156.jpg,"다음 중 이미지에 보이는 제품의 가격이 6,500원인 것은 무엇인가요?",촉촉한 우리 찐밤,고구마 바,초콜릿 피칸 사블레,고구마 크림빵,c
train_2157.jpg,train/train_2157.jpg,사진 속 음식점 해해해에서 주로 판매하는 음식 종류가 아닌 것은 무엇인가요?,불고기,해물파전,해물탕,해물찜,a
train_2158.jpg,train/train_2158.jpg,아리랑 주간보호센터에서 제공하지 않는 서비스는 무엇인가요?,피부관리,전문간호제공,치매예방,뇌건강학습,a
train_2159.jpg,train/train_2159.jpg,사진 속의 안내판에 적힌 글자는 무엇인가요?,모바일 트랙 TEST BED,모바일 트랙 TEST ZONE,모바일 트랙 TEST ROOM,모바일 트랙 TEST LAB,a
train_2160.jpg,train/train_2160.jpg,이 선반에 적힌 문구 중 '서로 함께 성장하고 나아가기 위한 캠페인!' 다음에 나오는 문구는 무엇인가요?,함께하는 행복,SSAFY TOGETHER,건강한 사회,미래를 여는 힘,b
train_2161.jpg,train/train_2161.jpg,이 식당에서 직접 만드는 음식은 무엇인가요?,두부,김치,된장,고추장,a
train_2163.jpg,train/train_2163.jpg,이 사진에 보이는 건물 간판에 적힌 상호명은 무엇인가요?,GAME,AHIBA,EDION,HAPPY,c
train_2164.jpg,train/train_2164.jpg,"다음 중 가격이 1,500원인 상품은 무엇인가요?",생수,쌀과자,라면,오렌지 주스,d
train_2165.jpg,train/train_2165.jpg,"이 가게에서 커피맛집 메뉴 중 가격이 2,000원인 음료는 무엇인가요?",아메리카노,패션후르츠,카페라떼,자몽에이드,a
train_2166.jpg,train/train_2166.jpg,이 커피숍의 이름은 무엇인가요?,더베이커리 카페,카페모카,커피하우스,theventi COFFEE,d
train_2167.jpg,train/train_2167.jpg,이 건물에 입점해 있는 병원의 종류는 무엇인가요?,치과와 안과,내과와 정형외과,한의원과 내과,산부인과와 치과,d
train_2168.jpg,train/train_2168.jpg,사진 속 도로 표지판에 적힌 '양보'의 의미는 무엇인가요?,주차 금지 구역임을 알린다,차량이 멈추고 신호를 기다려야 한다,속도를 줄이고 천천히 운전해야 한다,차량이 다른 차량에게 길을 양보해야 한다,d
train_2169.jpg,train/train_2169.jpg,이 사진 속 건물에 적혀 있는 명칭은 무엇인가요?,부산 롯데자이언츠구장,서울 삼성라이프스타디움,광주 기아챔피언스필드,대전 한화생명볼파크,d
train_2170.jpg,train/train_2170.jpg,사진에 보이는 'objet' 제품에 적힌 내용 중 올바른 것은 무엇인가요?,Cotton in FRAGRANCE OIL,Cotton off FRAGRANCE OIL,Cotton on FRAGRAGRANCE OIL,Cotton on FRAGRANCE OIL,d
train_2171.jpg,train/train_2171.jpg,초록색 병에 적힌 소주의 이름은 무엇인가요?,좋은데이,참이슬,처음처럼,한라산,a
train_2172.jpg,train/train_2172.jpg,벽에 붙어 있는 표지판에 적힌 플랫폼 번호는 무엇인가요?,Platform 9,Platform 10,Platform 8,Platform 9 3/4,d
train_2175.jpg,train/train_2175.jpg,이 장소는 무엇을 기념하는 곳인가요?,슈퍼마리오 35주년 기념,디지몬 25주년 기념,스타워즈 40주년 기념,포켓몬 30주년 기념,d
train_2176.jpg,train/train_2176.jpg,이 이미지에서 세일 가격으로 적힌 티셔츠 할인 가격은 얼마인가요?,"10,000원","5,000원","20,000원","15,000원",a
train_2177.jpg,train/train_2177.jpg,덕천빌딩 3층에 입주해 있는 기관은 무엇인가요?,이재화 / 예준국제 특허법률사무소,덕천연구소,세븐일레븐,니즈게임즈 주식회사,a
train_2179.jpg,train/train_2179.jpg,이미지에 적힌 문구 중에서 '지금 어디에 있나요?'라는 질문에 해당하는 영어 문장은 무엇인가요?,WHERE ARE YOU NOW?,HOW ARE YOU TODAY?,WHERE IS THE GRAY?,WHAT COLOR IS THIS?,a
train_2180.jpg,train/train_2180.jpg,이 식당 '팔복이네'에서 전문적으로 판매하는 음식은 무엇인가요?,흑염소탕 능이버섯백숙 삼계탕,된장찌개 김치찌개 불고기,김밥 떡볶이 순대,짜장면 짬뽕 탕수육,a
train_2181.jpg,train/train_2181.jpg,이 광고판에 적힌 문구 중 올바른 내용은 무엇인가요?,정통 이탈리안 카페 퀄리티 커피,정통 프랑스 카페 퀄리티 커피,정통 이탈리안 티 퀄리티 커피,정통 한국 카페 퀄리티 커피,a
train_2182.jpg,train/train_2182.jpg,이 이미지에 벽에 붙어 있는 문구 중 올바른 것은 무엇인가요?,GOODBYE,THANK YOU,WELCOME,HELLO,c
train_2183.jpg,train/train_2183.jpg,사진 속 도로 옆에 보이는 'MOS BURGER' 가게 간판에 적힌 영어 문구는 무엇인가요?,MOSS BURGER,MOS BURGE,MOS BURGER,MISTER BURGER,c
train_2184.jpg,train/train_2184.jpg,이 가게의 간판에 적힌 상호명은 무엇인가요?,김밥천국,스파이더 김밥,우영우 김밥,카자구루마,c
train_2187.jpg,train/train_2187.jpg,사진 속 안내문에 따르면 꽃게를 먹을 때 주의해야 하는 점은 무엇인가요?,꽃게는 반드시 익혀서 드셔야 합니다.,꽃게는 특정 시간에만 제공됩니다.,꽃게를 먹을 때는 장갑을 착용해 주세요.,"낚싯바늘, 줄 등이 이물질로 나올 수 있으니 양해 부탁드립니다.",d
train_2188.jpg,train/train_2188.jpg,"이 가게 창문에 붙어 있는 글귀에 따르면, 사진은 무엇을 담는다고 설명하고 있나요?",풍경과 자연의 아름다움,시간의 흐름과 특별한 순간,빛과 색의 조화,사람의 얼굴과 감정,b
train_2189.jpg,train/train_2189.jpg,사진에 보이는 '애사비 톡! 매실' 제품의 가격은 얼마인가요?,"\5,000","\2,000","\1,500","\3,000",d
train_2190.jpg,train/train_2190.jpg,이 책의 제목은 무엇인가요?,함께 엮는 이야기,함께 여는 이야기,혼자 엮는 이야기,혼자 여는 이야기,a
train_2191.jpg,train/train_2191.jpg,"버스 문에 붙어 있는 안내문에 따르면, 하차문 승차에 대해 어떤 내용이 적혀 있나요?",하차문 승차 시 승객 할인,하차문 승차 금지 및 사고 책임 없음,하차문 승차 시 안전요원 도움 필요,하차문 승차 허용 및 안전 주의,b
train_2192.jpg,train/train_2192.jpg,"이 카페 입구에 붙어 있는 안내문 중 """"무료 Wi-Fi"""" 사용을 위해 필요한 비밀번호는 무엇인가요?",반려동물 출입 금지,OPEN 오전 9:00,CAFE_1234,12345678,d
train_2194.jpg,train/train_2194.jpg,이 이미지 속 가방에 적힌 상호명은 무엇인가요?,한국 전통 빵집,성심당 케이크부띠끄,달콤한 케이크 가게,대전 베이커리,b
train_2195.jpg,train/train_2195.jpg,이 아파트 주차장 입구 간판에 적힌 아파트 이름은 무엇인가요?,역삼롯데캐슬,역삼경남아파트,청담삼성아파트,논현푸르지오,b
train_2196.jpg,train/train_2196.jpg,이 건물은 어떤 기관임을 나타내고 있나요?,한국문화재단,한국교육개발원,한국산업인력공단,한국과학기술원,c
train_2197.jpg,train/train_2197.jpg,GS25 편의점에서 판매하는 블랙커피 500ml의 가격은 얼마인가요?,12000원,1900원,6000원,1400원,d
train_2198.jpg,train/train_2198.jpg,이 배너에 적힌 'Rubber Duck Project Seoul 2022' 행사의 기간은 언제인가요?,09.30-10.31,08.01-08.31,10.01-11.01,07.15-08.15,a
train_2199.jpg,train/train_2199.jpg,이 컵에 적힌 텍스트는 무엇인가요?,LONDON DRY GIN,TOKYO WHISKEY,BOMBAY SAPPHIRE,MOUNT VODKA,c
train_2200.jpg,train/train_2200.jpg,이미지 속 초코칩 쿠키 제품의 중량은 얼마인가요?,200g,180g,250g,160g,d
train_2201.jpg,train/train_2201.jpg,이 건물에 입주해 있는 곳 중 피부과가 있는 곳은 어디인가요?,법무법인 로하스,구미의원,블리비의원,스핀볼링,c
train_2202.jpg,train/train_2202.jpg,다음 중 이미지 속에 적혀 있는 무선 인터넷 비밀번호는 무엇인가요?,6FF0B34698,6FF0B34697,6FF0B34699,6FF0B34696,c
train_2203.jpg,train/train_2203.jpg,한화 이글스 선수 최인호의 현재 타율은 얼마인가요?,0-3,1-3,2-3,1-2,b
train_2204.jpg,train/train_2204.jpg,스타벅스에서 여름 음료를 30% 할인받을 수 있는 이벤트 기간은 언제부터 언제까지인가요?,8월 1일(화) ~ 8월 10일(목),8월 18일(목) ~ 8월 21일(일),7월 15일(금) ~ 7월 30일(토),9월 1일(금) ~ 9월 5일(화),b
train_2205.jpg,train/train_2205.jpg,이재모피자에서 새로 출시한 메뉴의 이름은 무엇인가요?,OVEN CARBONARA Cream Spaghetti,치즈 스테이크 피자,마르게리타 피자,페퍼로니 피자,a
train_2206.jpg,train/train_2206.jpg,W. standard 에센셜 반팔티셔츠의 가격은 얼마인가요?,"\12,900","\15,900","\9,900","\10,900",a
train_2209.jpg,train/train_2209.jpg,이 책의 제목은 무엇인가요?,채식주의,채식주의자들의 이야기,채식주의자,채소주의자,c
train_2211.jpg,train/train_2211.jpg,이 카페 메뉴판에 적힌 에이드 종류 중 가격이 다른 것은 무엇인가요?,청포도 에이드,"없음, 모두 가격이 같다",레몬 에이드,자몽 에이드,b
train_2212.jpg,train/train_2212.jpg,이 간판에 적힌 음식점의 전문 메뉴는 무엇인가요?,치킨 전문점,커피 전문점,국밥 전문점,피자 전문점,c
train_2213.jpg,train/train_2213.jpg,이 건물에 입주해 있는 병원 중 정신건강의학과 의원은 어디인가요?,상록편한재활의학과의원,강남비뇨의학과의원,마린플란트 치과의원,마음튼튼 정신건강의학과의원,d
train_2214.jpg,train/train_2214.jpg,다음 중 '우유 생크림 도넛'의 가격은 얼마인가요?,"5,500원","5,000원","4,500원","6,000원",c
train_2215.jpg,train/train_2215.jpg,이 건물에 적힌 전화번호 중 교육상담을 위한 번호는 무엇인가요?,824-9982,825-9982,824-3651,82,c
train_2216.jpg,train/train_2216.jpg,롯데 ABC 초코 72g의 1개 가격은 얼마인가요?,"1,200원","6,800원","2,000원","3,400원",d
train_2217.jpg,train/train_2217.jpg,이 강의 자료에서 '선호 학습(Preference Learning)'에 대해 설명한 내용 중 옳은 것은 무엇인가요?,사람이 더 선호하는 응답을 생성하도록 추가학습하는 방법이다.,ChatGPT 공식 문서에 완전히 공개된 알고리즘이다.,사람의 선호도와 무관하게 응답을 생성하는 방법이다.,인공지능이 스스로 선호도를 결정하는 학습법이다.,a
train_2218.jpg,train/train_2218.jpg,이미지에 적힌 문구 중 헤드폰 아이콘 위에 있는 문장은 무엇인가요?,Mettez les ?couteurs,Partagez vos impressions,Partagez vos ?motions,ressentez-vous ? l'?coute de la mu,a
train_2219.jpg,train/train_2219.jpg,이 식당에서 제공하는 주요 메뉴는 무엇인가요?,칼국수 버섯 매운탕,김치찌개,비빔밥,된장찌개,a
train_2220.jpg,train/train_2220.jpg,다음 중 '進?の巨人' 등장인물 설명에서 '마레에서 파라디 섬에 잠입한 「여장한 거인」의 힘을 가진 첩보원'이라고 적힌 인물은 누구인가요?,베르톨트 후버,에렌 예거,아르민 알레르트,아니 레온하트,d
train_2221.jpg,train/train_2221.jpg,스타벅스 매장 내에서 1회용품 사용이 금지된 이유는 무엇인가요?,가격 인상을 막기 위해,환경 보호를 위해,서비스 품질 향상을 위해,위생 관리를 위해,b
train_2222.jpg,train/train_2222.jpg,이 시험 응시자 허재훈 씨의 필기시험 수험번호는 무엇인가요?,2201030,2201019,2201028,2201029,d
train_2224.jpg,train/train_2224.jpg,딜리버리 푸드 118호에서 선택할 수 있는 메뉴가 아닌 것은 무엇인가요?,김치찌개,비빔밥,찌개,팔도 청국장,a
train_2225.jpg,train/train_2225.jpg,사진 속 과자 봉지에 적힌 내용 중 이 과자가 어떤 맛인지 설명하는 문구는 무엇인가요?,바삭하고 맛있어요,매콤하고 짭짤해요,상큼하고 시원해요,달콤하고 부드러워요,a
train_2226.jpg,train/train_2226.jpg,이 건물 2층에 위치한 가게의 이름은 무엇인가요?,크린토피아,yoajung,화이트365,원스타 헤어,d
train_2227.jpg,train/train_2227.jpg,이 팝콘 용기에는 어떤 문구가 적혀 있나요?,Enjoy popcorn,Movie time,Popcorn love,Say cheese,d
train_2228.jpg,train/train_2228.jpg,이 가게의 상호명은 무엇인가요?,차이&윙,차이&쿡,차이앤쿡,차이&윅,d
train_2229.jpg,train/train_2229.jpg,이 사진 속 글씨에서 주의해야 할 행동은 무엇인가요?,여기 조심해 위험하다 기대지마,여기 앉아도 안전하다,여기 뛰지 마 조용히 해,여기 물건 놓지 마,a
train_2230.jpg,train/train_2230.jpg,이미지에 보이는 '필립스 드라이기'의 할인된 가격은 얼마인가요?,"32,900원","45,000원","27,500원","50,000원",a
train_2231.jpg,train/train_2231.jpg,이 음료의 용량은 얼마인가요?,330ml,500ml,1L,250ml,b
train_2233.jpg,train/train_2233.jpg,이 건물 안내판에 적힌 2층 사무실 이름은 무엇인가요?,HTA,세무법인,THE WITH,청담 택스매니지먼트,c
train_2235.jpg,train/train_2235.jpg,사진에 보이는 즉석밥 제품의 브랜드 이름은 무엇인가요?,햇반,CJ,오뚜기,청정원,a
train_2236.jpg,train/train_2236.jpg,이 표지판에 적힌 '견인지역'은 무엇을 의미하나요?,자동차 수리점 위치 안내,견인차가 차량을 견인하는 지역,주차 금지 구역임을 알리는 표시,견인차가 주차할 수 있는 구역,b
train_2238.jpg,train/train_2238.jpg,이미지 속에 보이는 한글 글자는 무엇인가요?,공,굼,곰,금,d
train_2239.jpg,train/train_2239.jpg,"메뉴판에 따르면, 'ICE CREAM LATTE'의 가격은 얼마인가요?",6.0,6.2,7.5,5.4,c
train_2240.jpg,train/train_2240.jpg,역삼와인 포레스트의 오늘 치즈플래터 가격은 얼마인가요?,18.0,20.0,12.0,19.0,d
train_2242.jpg,train/train_2242.jpg,사진에 보이는 두 개의 '마이쮸' 사탕의 맛은 각각 무엇인가요?,딸기와 애플망고,포도와 딸기,애플망고와 오렌지,딸기와 바나나,a
train_2243.jpg,train/train_2243.jpg,이 가게의 간판에 적힌 문구는 무엇인가요?,Hi - Today is Sweat Day,Today is a Good Day,Welcome to Sweat Day,Sweat Day Every Day,a
train_2244.jpg,train/train_2244.jpg,이미지 속 신발 모델 이름은 무엇인가요?,Cloud 6 Geo Waterproof,Ultra Boost,Air Max 90,Gel-Kayano 27,a
train_2246.jpg,train/train_2246.jpg,타코벨 매장 앞에 붙어 있는 할인 행사 내용은 무엇인가요?,치즈 타코 50% 할인,타코 세트 1만원 할인,음료수 무료 제공,브랜드 타코 하나 더 2+1,d
train_2247.jpg,train/train_2247.jpg,이 차 티백에 적힌 권장 우림 시간과 온도는 무엇인가요?,45 minutes / 90°C,3 minutes / 80°C,5 minutes / 100°C,10 minutes / 70°C,a
train_2249.jpg,train/train_2249.jpg,이 도로 바닥에 적힌 글씨는 무엇을 안내하고 있나요?,시내버스 전용 차선,개인 택시 영업 구역,자전거 전용 도로,주차 금지 구역,a
train_2250.jpg,train/train_2250.jpg,사진 속 왼쪽 건물 위에 적힌 호텔 이름은 무엇인가요?,TOSEI,ラオケ きねこ,APA HOTEL,TOKYU M,c
train_2251.jpg,train/train_2251.jpg,이 건물의 상호명은 무엇인가요?,하나은행,농협중앙회,농업종합유통센터,하나로마트,d
train_2252.jpg,train/train_2252.jpg,이 사진에 적힌 메뉴 중 '밥'은 몇 번 반복되어 있나요?,7번,5번,8번,6번,a
train_2256.jpg,train/train_2256.jpg,이 자동차 서비스 센터의 이름은 무엇인가요?,KIA Service Auto Q 강남점,Hyundai Service Auto Q 갈마점,KIA Service Auto X 갈마점,KIA Service Auto Q 갈마점,d
train_2257.jpg,train/train_2257.jpg,삼성전자 패밀리몰 이용을 위해 STEP 1에서 해야 하는 것은 무엇인가요?,삼성전자 패밀리몰 카카오톡 친구 추가 및 APP 설치,인증코드 입력,재학증명서 첨부,삼성전자 패밀리몰 회원가입,a
train_2258.jpg,train/train_2258.jpg,이 전광판에 표시된 다음 역 이름은 무엇인가요?,신주쿠,닛뽀리,우에노,도쿄,b
train_2259.jpg,train/train_2259.jpg,이 사진 속 간판에 적힌 공원의 이름은 무엇인가요?,서울숲공원,한강공원,남산공원,올림픽공원,d
train_2260.jpg,train/train_2260.jpg,이 카페에서 '크루아상'의 가격은 얼마인가요?,2.8,3.5,6.0,4.0,b
train_2261.jpg,train/train_2261.jpg,이 간판에 적힌 음식점 이름 중 한국어로 올바르게 적힌 것은 무엇인가요?,보테쥬우,보테규,보테쥬,보테주,c
train_2262.jpg,train/train_2262.jpg,이 시리얼 제품의 맛은 무엇인가요?,초코 바닐라,딸기 바나나,카카오 호두,사과 시나몬,c
train_2263.jpg,train/train_2263.jpg,사진에 보이는 약국 간판에 적힌 글귀 중 올바른 것은 무엇인가요?,영진 양약,연진 약국,영진 약국,연진 양약,b
train_2264.jpg,train/train_2264.jpg,2026년 4월 7일부터 잠실주경기장 인근에서 전면 통제되는 도로는 무엇인가요?,올림픽대로와 동부간선도로,강남대로와 테헤란로,서초대로와 반포대로,봉은교와 탄천동로,d
train_2266.jpg,train/train_2266.jpg,이 사진에 보이는 가게의 이름은 무엇인가요?,GANGNAM BAKERY,STARBUCKS,BRICKSAND,BRICKSAND GANGNAM,d
train_2267.jpg,train/train_2267.jpg,'술스타그램' 오픈 기념 행사에서 소주 한 병의 가격은 얼마인가요?,"2,500원","3,000원","2,000원","1,500원",a
train_2268.jpg,train/train_2268.jpg,이 건물에 있는 '성림부동산'의 전화번호는 무엇인가요?,T.545-5682,T.546-0356,T.545-0022,T.545-2345,c
train_2270.jpg,train/train_2270.jpg,이 사진 속에 보이는 유명한 간판에 적힌 브랜드 이름은 무엇인가요?,Glico,Sony,Panasonic,Toyota,a
train_2271.jpg,train/train_2271.jpg,이 제품 '고구마말이 치즈닭갈비'에 대해 설명한 내용 중 올바른 것은 무엇인가요?,어린 강아지에게는 적합하지 않아요,달콤한 고구마가 고기와 같이 더해졌어요,고구마가 들어있지 않아요,매운 맛이 강한 간식이에요,b
train_2272.jpg,train/train_2272.jpg,이 가게 '비에뜨번미'의 간판에 적힌 문구는 무엇인가요?,진짜 반미는 맛부터 다릅니다,진짜 반미는 바게트부터 다릅니다,진짜 반미는 가격부터 다릅니다,진짜 반미는 재료부터 다릅니다,b
train_2273.jpg,train/train_2273.jpg,이 사진 속 식당에서 '광어회'의 가격은 얼마인가요?,"20,000원","25,000원","15,000원","23,000원",a
train_2274.jpg,train/train_2274.jpg,이미지 속 문구에서 무엇을 하지 말라고 안내하고 있나요?,온수를 사용하세요.,이물을 버리지 마세요.,기계를 청소하세요.,물을 많이 마시세요.,b
train_2275.jpg,train/train_2275.jpg,이 건물 2층에 있는 '탕화쿵푸'는 어떤 종류의 음식을 주로 판매하나요?,한식 김치찌개 전문점,중국식 마라탕 전문점,일식 초밥 전문점,이탈리안 피자 전문점,b
train_2276.jpg,train/train_2276.jpg,이 사진에 보이는 간판에 적힌 상호명은 무엇인가요?,커피고더,고더커피,더고커피,고커피더,b
train_2278.jpg,train/train_2278.jpg,"메뉴판에 따르면, '그린티 라떼'의 최대(Max) 사이즈 가격은 얼마인가요?","5,2","6,3","6,6","5,8",c
train_2279.jpg,train/train_2279.jpg,이 건물의 이름은 무엇인가요?,광주양동시장,서울중앙시장,부산자갈치시장,예산상설시장,d
train_2280.jpg,train/train_2280.jpg,벽에 붙어 있는 안내문 중 '폐기물 처리' 서비스에 적힌 전화번호는 무엇인가요?,010-5555-5555,010-8417-6566,031-9876-5432,02-1234-5678,b
train_2281.jpg,train/train_2281.jpg,이 건물 앞에 설치된 조명간판에 적힌 문구는 무엇인가요?,RIVIAN,RBC,THE AMAZING BRENTWOOD A SHAPE CENTRE,VIPS,c
train_2282.jpg,train/train_2282.jpg,컵에 적힌 글자는 무엇인가요?,W,m,M,w,b
train_2283.jpg,train/train_2283.jpg,사진 속 문구 중에서 환영하는 대상은 누구인가요?,지하상가에 오신 분,택시 운전자,버스 승객,지하철을 이용하는 사람,a
train_2285.jpg,train/train_2285.jpg,이 사진에서 'HYBS' 앨범 커버에 그려진 건물은 어떤 종류의 가게를 나타내고 있나요?,빵집,커피숍,서점,햄버거 가게,d
train_2286.jpg,train/train_2286.jpg,이 사진 속 간판에 적힌 PC방 이름은 무엇인가요?,NUDE CASTLE,스튜디오 나무,매직 PC방,런닝맨휘트니스,c
train_2288.jpg,train/train_2288.jpg,스타벅스 프라푸치노 블렌디드 음료 메뉴 중 녹색 배경에 적힌 음료는 무엇인가요?,GRAPEFRUIT MANGO COCO,MANGO BANANA,WATERMELON JUICE,RED BEAN MALCHA COCO,d
train_2289.jpg,train/train_2289.jpg,이 문구가 적힌 장소는 어디인가요?,검사실,일반 진료실,약국,응급의료센터,d
train_2290.jpg,train/train_2290.jpg,이 사진 속 주차장 표지판에 적힌 문구는 무엇인가요?,5지구 무료 주차장 이용불가,5지구 유료 주차장 이용불가,5지구 유료 주차장,5지구 무료 주차장,c
train_2292.jpg,train/train_2292.jpg,사진 속 '뉴욕 치즈케이크 초코볼' 제품에는 몇 개입이 적혀 있나요?,10개입,6개입,4개입,8개입,b
train_2293.jpg,train/train_2293.jpg,이 건물에 입점해 있는 업종이 아닌 것은 무엇인가요?,뷔페 웨딩홀,노래타운,커피숍,M BAR,c
train_2294.jpg,train/train_2294.jpg,사진 속에서 '버터향에 이슬' 소주 한 병의 가격은 얼마인가요?,"2,000원","1,800원","1,900원","3,600원",a
train_2295.jpg,train/train_2295.jpg,수피아 마사지에서 치료하지 않는 증상은 무엇인가요?,"얼굴피대칭, 리프팅, 탄력","근육통, 두통, 허리통","무좀, 감기","관절염, O자다리",c
train_2296.jpg,train/train_2296.jpg,"태종대 오션플라잉 테마파크에서 엘스테이 제휴 할인을 받을 때, 집단 할인은 몇 퍼센트인가요?",30%,10%,40%,20%,a
train_2298.jpg,train/train_2298.jpg,사진 속 노란색 바닥 표시문구에서 경고하는 내용은 무엇인가요?,승강장 미끄럼 주의!,열차 문 닫힘 주의!,열차와 승강장 사이 틈 빠짐 주의!,승강장 안전선 넘지 말 것!,c
train_2299.jpg,train/train_2299.jpg,유성구종합사회복지관은 몇 미터 떨어져 있나요?,400m,100m,200m,300m,d
train_2300.jpg,train/train_2300.jpg,사진 속 '가나 마일드 초콜릿' 포장지에 적힌 초콜릿의 무게와 칼로리는 각각 얼마인가요?,"50g, 250kcal","40g, 210kcal","34g, 190kcal","30g, 180kcal",c
train_2301.jpg,train/train_2301.jpg,이미지에 보이는 음료 캔의 브랜드 이름은 무엇인가요?,Ghana 초콜릿,Chana 초콜릿,Chana,Ghana,d
train_2302.jpg,train/train_2302.jpg,이 사진에 보이는 식당 간판의 이름은 무엇인가요?,일반음식점,진로집,두부두루치기,향토음식점,b
train_2303.jpg,train/train_2303.jpg,이 간판에서 제공하는 서비스는 무엇인가요?,눈썹 문신 새로 하기,눈썹 문신 색상 변경,기존 눈썹 문신 수정 및 지우기,눈썹 문신 제거만,c
train_2304.jpg,train/train_2304.jpg,이미지에 나온 향후 방향성 중 'No-code Agent Builder'에 대한 설명으로 옳은 것은 무엇인가요?,각 도메인 전문가가 직접 생성하고 등록,Agent가 먼저 인지하고 스스로 초동 분석,시스템 이벤트가 에이전트를 자동 트리거하는 구조,처리 기록을 Memory에 축적 평가로 품질 측정,a
train_2305.jpg,train/train_2305.jpg,이 건물에서 3층에 위치한 기관은 무엇인가요?,CURE PILATES,필라테스 아카데미,한국인재교육원 행정실,트레이닝 아카데미,d
train_2306.jpg,train/train_2306.jpg,적층형 수납 박스의 가격은 얼마인가요?,"\8,000","\3,000","\5,000","\10,000",c
train_2307.jpg,train/train_2307.jpg,이 건물 2층에 위치한 병원의 진료과목으로 올바른 것은 무엇인가요?,"치과, 피부과, 소아과","내과, 치과, 정신과","정형외과, 피부과, 내과","내과, 정형외과, 신경외과",d
train_2308.jpg,train/train_2308.jpg,이 사진에 적힌 일본어 텍스트 '大阪の自然誌'의 의미는 무엇인가요?,오사카의 자연사,도쿄의 역사,후쿠오카의 동물원,교토의 박물관,a
train_2309.jpg,train/train_2309.jpg,이 건물 입구에 있는 상호명은 무엇인가요?,LOTTE Mart,Home Plus,E-Mart,Costco,a
train_2310.jpg,train/train_2310.jpg,이 거리에서 보이는 간판 중 '좋은친구'는 어떤 업종과 관련된 곳인가요?,커피숍,미용실,호프(HOF) 주점,식당,c
train_2313.jpg,train/train_2313.jpg,사진 속 과자 봉지에 적힌 내용 중 맞는 것은 무엇인가요?,감자칩 30g,2등 생감자칩,1등 생감자칩,감자칩 120g,c
train_2314.jpg,train/train_2314.jpg,사진에 보이는 '등근머리 버물리 에스컬' 제품의 용량은 얼마인가요?,35g,50mL,100mL,25g,a
train_2315.jpg,train/train_2315.jpg,이 이미지에 보이는 빨간색 보관함에는 무엇이 보관되어 있나요?,청소도구,화재대피용품,응급처치용품,비상식량,b
train_2316.jpg,train/train_2316.jpg,이디야 스페셜 모카블렌드 커피믹스 한 박스에 들어있는 스틱 수는 몇 개인가요?,20개,15개,10개,25개,a
train_2317.jpg,train/train_2317.jpg,다음 중 '상무지구 시청' 방향으로 가려면 어느 방향으로 가야 하나요?,유턴,직진,오른쪽,왼쪽,d
train_2318.jpg,train/train_2318.jpg,이 사진 속 간판과 문에 적힌 커피 브랜드 이름은 무엇인가요?,스타벅스,더벤티 커피,카페베네,커피빈,b
train_2319.jpg,train/train_2319.jpg,사진 속 건물에 적혀 있는 '치과'라는 글자는 무엇을 의미하나요?,치과 병원,치과 관련 상품 판매점,치킨 가게,치과 재료 제조업체,a
train_2320.jpg,train/train_2320.jpg,사진 속 손에 들린 종이에 적힌 문구는 무엇인가요?,여기 너희를 위해 반짝이는 보랏빛을 봐,입장권은 반드시 소지해주세요,모든 좌석은 금연 구역입니다,오늘 공연은 저녁 7시에 시작합니다,a
train_2321.jpg,train/train_2321.jpg,이 표지판에 적힌 숫자는 무엇입니까?,ON DECK 4,ON DECK 3,ON DECK 1,ON DECK 2,c
train_2323.jpg,train/train_2323.jpg,이 이미지에 보이는 종이봉투에 적힌 문구는 무엇인가요?,BEST Bakery,YOUR Bakery,OUR Bakery Shop,OUR Bakery,d
train_2325.jpg,train/train_2325.jpg,이 매장에서 판매하는 '호두과자' 400g의 가격은 얼마인가요?,"3,500원","7,000원","6,000원","3,000원",c
train_2326.jpg,train/train_2326.jpg,이 건물에 적혀 있는 문구 중 '모두의 예술이' 다음에 오는 문장은 무엇인가요?,즐거운 예술로,친절한 문화로,찬란한 문화로,아름다운 자연과,c
train_2329.jpg,train/train_2329.jpg,이미지 속 'ath?' 제품에 적힌 할인 쿠폰 혜택은 무엇인가요?,15% 할인,20% 할인,30% 할인,10% 할인,b
train_2330.jpg,train/train_2330.jpg,이 제품의 가격은 얼마인가요?,"\5,000","\2,000","\1,000","\3,000",b
train_2331.jpg,train/train_2331.jpg,이 간판에 적힌 가게 이름은 무엇인가요?,텐동,온센,카페,천정,b
train_2332.jpg,train/train_2332.jpg,사진 속 텀블러 브랜드 중 'STANLEY'와 협업하여 나온 브랜드는 무엇인가요?,DUNKIN',TWG,STARBUCKS,TULLY'S COFFEE,c
train_2333.jpg,train/train_2333.jpg,이 가게의 이월상품 특가전에서 사용할 수 있는 결제 수단은 무엇인가요?,"구미사랑, 온누리상품권, 상생페이백 사용 가능",모든 결제 수단 불가,신용카드만 사용 가능,현금만 사용 가능,a
train_2334.jpg,train/train_2334.jpg,이 식당 메뉴판에서 '鐵板豆腐'의 가격은 얼마인가요?,70,60,50,110,b
train_2335.jpg,train/train_2335.jpg,이 도로 표지판에 적힌 '사당역' 방향으로 가려면 어떤 도로 번호를 따라가야 하나요?,1,101,92,31,c
train_2336.jpg,train/train_2336.jpg,사진 속 간판에 적힌 세차장 이름은 무엇인가요?,신속완벽 세차장,깨끗한 손 세차,빠른 자동 세차,최신필름식 명품세차,d
train_2337.jpg,train/train_2337.jpg,이 간판에 적힌 상호명은 무엇인가요?,1952 공방,世家象手,名具工藝,象手世家,d
train_2339.jpg,train/train_2339.jpg,사진 속 책의 제목 중 '2027 마더텅 수능기출문제집' 시리즈에 포함되지 않은 과목은 무엇인가요?,생활과 윤리,과학 탐구,국어 문학,영어 독해,b
train_2340.jpg,train/train_2340.jpg,가게의 네온사인에 적힌 문구는 무엇인가요?,휴무 안내입니다,영업 중입니다,여름 영업 안내,여름 휴무 안내,b
train_2341.jpg,train/train_2341.jpg,사진 속 빨간색 원형 도로 표지판에 적힌 문구는 무엇인가요?,주차금지,통행금지,진입금지,속도제한,c
train_2342.jpg,train/train_2342.jpg,이 맥주 캔의 용량은 얼마인가요?,500ml,330ml,1L,750ml,a
train_2343.jpg,train/train_2343.jpg,이 사진에 있는 빵집의 전문 품목은 무엇인가요?,케이크와 쿠키,샌드위치와 커피,피자와 파스타,식빵과 도넛,d
train_2344.jpg,train/train_2344.jpg,'CREAKETER' 동아리 모집 기간은 언제인가요?,07.15 - 08.15,08.03 - 08.21,08.10 - 08.25,09.01 - 09.30,b
train_2345.jpg,train/train_2345.jpg,병에 적힌 문구는 무엇인가요?,감사합니다,행복한 하루 되세요,사랑합니다,우리의 영원한 첫사랑 누구보다 큰 사랑에 조금이나마 보답할 수 있기를,d
train_2346.jpg,train/train_2346.jpg,이 정류장의 이름은 무엇인가요?,서초구청,신반포로,반포역,고속버스터미널,c
train_2347.jpg,train/train_2347.jpg,이 건물 2층에 있는 코인노래방을 이용하면 어떤 혜택이 있나요?,본 건물 시설 이용시 2곡 더 준다,할인 쿠폰 제공,1시간 무료 이용,무료 음료 제공,a
train_2349.jpg,train/train_2349.jpg,사진 속 365 다가온의원이 위치한 층은 어디인가요?,4층,3층,2층,1층,b
train_2350.jpg,train/train_2350.jpg,이 건물의 1층에 있는 편의점은 어떤 브랜드인가요?,GS25,7-Eleven,Ministop,CU,d
train_2351.jpg,train/train_2351.jpg,이 영화 티켓에 적힌 영화 제목은 무엇인가요?,라이온 킹,주토피아 2(2D 더빙),어벤져스: 엔드게임,겨울왕국 3,b
train_2352.jpg,train/train_2352.jpg,이 가게의 영업 시작 시간은 언제인가요?,오후 12시,오전 9시,오후 1시,오전 10시,d
train_2353.jpg,train/train_2353.jpg,16기 1학기 8월 중식시간 안내에 따르면 5층의 중식시간은 언제인가요?,13:00 ~ 14:00,12:15 ~ 13:15,12:00 ~ 13:00,12:30 ~ 13:30,b
train_2354.jpg,train/train_2354.jpg,이 가게의 상호명은 무엇인가요?,찬앤찬 닭갈비,찬앤찬 곱창,찬앤찬 삼겹살,찬앤찬 막창,d
train_2355.jpg,train/train_2355.jpg,이 이미지에 보이는 'best sleep'이라는 문구가 적힌 물건은 무엇인가요?,책,가방,파우치,컵,c
train_2356.jpg,train/train_2356.jpg,플랫폼 8번에서 출발하는 KTX 열차가 도착하는 주요 도시는 어디인가요?,"청주, 천안, 안동, 포항, 마산","대전, 동구, 부산, 포항, 전주, 마산","서울, 인천, 수원, 대구, 광주","부산, 울산, 진주, 창원, 마산",b
train_2357.jpg,train/train_2357.jpg,'수학의 문' 학원에서 제공하지 않는 교육 과정은 무엇인가요?,수준 높은 개별 관리,초중고 대 코딩 전문 교육,중고등 수능 대비,초중고 내신 전문,b
train_2358.jpg,train/train_2358.jpg,사진 속 용기에 적힌 내용 중 고춧가루가 적힌 용기는 어떤 용기인가요?,뚜껑이 있는 작은 항아리 모양 용기,뚜껑이 없는 컵,뚜껑이 있는 네모난 상자,뚜껑이 없는 넓은 접시,a
train_2359.jpg,train/train_2359.jpg,사진 속 카드 중 '블랙 매지션 걸' 카드의 공격력(ATK)은 얼마인가요?,ATK 1500,ATK 2000,ATK 3000,ATK 2500,b
train_2360.jpg,train/train_2360.jpg,이 커피 자판기에서 제공하는 커피 종류는 무엇인가요?,디카페인,카페라떼,에스프레소,아메리카노,a
train_2362.jpg,train/train_2362.jpg,이 병원의 진료 과목에 포함되지 않은 것은 무엇인가요?,정형외과,치과,재활의학과,신경외과,b
train_2363.jpg,train/train_2363.jpg,이 리프트 탑승 시 주의해야 할 사항은 무엇인가요?,탑승 시 음식물 섭취를 금지합니다.,탑승 중 의자를 흔들지 마십시오.,탑승 전에 안전모를 착용하십시오.,탑승 중 휴대폰 사용을 금지합니다.,b
train_2364.jpg,train/train_2364.jpg,삼성청년SW·AI아카데미 취업지원 서비스 안내에서 2단계 취업역량 강화 프로그램에 포함되지 않은 내용은 무엇인가요?,"자기소개서 작성법, IT포트폴리오 구성 방법 등","면접 클리닉, 취업준비 전략 수립 등",단계별 취업 경쟁력 제고 교육 실시,"채용박람회, 기업탐방 등",d
train_2365.jpg,train/train_2365.jpg,냉장고 안에 보이는 음료수 중 '아이시스' 생수의 pH 수치는 얼마인가요?,7.0,8.0,6.5,9.0,b
train_2366.jpg,train/train_2366.jpg,이 건물의 5층과 7층에 위치한 곳의 이름은 무엇인가요?,MIKADO SUSHI,인동 CnK 의원,USC 휴디씨 치과,유안타증권,c
train_2367.jpg,train/train_2367.jpg,이미지에 따르면 초록색은 어떤 의미를 가지고 있나요?,사랑과 열정을 상징하는 색,슬픔과 우울을 나타내는 색,식물과 자연을 표현하고 집 밖을 상징하는 중요한 색,경고와 주의를 의미하는 색,c
train_2368.jpg,train/train_2368.jpg,이 장소에서 임대 문의 가능한 업종으로 옳은 것은 무엇인가요?,"의류점, 미용실, 학원","카페, 음식점, 서점","세탁소, 여행사, 보험사","병원, 약국, 편의점",c
train_2369.jpg,train/train_2369.jpg,사진 속 파란색 버스에 적힌 노선 번호는 무엇인가요?,16,62,341,26,c
train_2370.jpg,train/train_2370.jpg,이 지도는 어느 테마파크의 안내도인가요?,Disneyland,Everland,Lotte World,VinWonders Nha Trang,d
train_2371.jpg,train/train_2371.jpg,벽화에 그려진 가게 이름 중 'SAM WON' 옆에 적힌 숫자는 무엇인가요?,57,500,2021,805,c
train_2372.jpg,train/train_2372.jpg,이 건물 4층에 있는 곳은 무엇인가요?,약국,장영석 치과,미라클 피부 미용 화상 비뇨기과,ANN 뷰티아트센터,c
train_2373.jpg,train/train_2373.jpg,다음 중 사진 속 안내문에 적힌 영업 시작일은 언제인가요?,4월 30일,6월 1일,5월 1일,5월 24일,d
train_2374.jpg,train/train_2374.jpg,이 식당의 영업시간은 언제부터 언제까지인가요?,오전 11시부터 오후 9시 30분까지,오전 10시부터 오후 10시까지,오전 9시부터 오후 8시까지,오전 12시부터 오후 10시까지,a
train_2375.jpg,train/train_2375.jpg,이 지하철역 안내판에서 '뉴코아아울렛'으로 가려면 어느 번호 출구로 나가야 하나요?,1번 출구,3번 출구,2번 출구,4번 출구,c
train_2377.jpg,train/train_2377.jpg,이 사진 속 간판에 적힌 상호명은 무엇인가요?,신세계백화점,삼성전자,도레미 레코드,롯데마트,c
train_2378.jpg,train/train_2378.jpg,이 장소에 놓여진 사료의 주된 목적은 무엇인가요?,고양이들이 도망가지 않도록 하기 위해서,사람들이 고양이와 가까워지지 못하게 하기 위해서,아이들이 고양이를 잡아가지 않도록 하기 위해서,길고양이들이 편하게 쉬고 약을 먹을 수 있도록 하기 위해서,d
train_2379.jpg,train/train_2379.jpg,'로앤 산부인과 건대점'의 진료 시간이 아닌 것은 무엇인가요?,토요일 AM 10:00 - PM 06:00,평일 AM 10:00 - PM 09:00,일요일 AM 10:00 - PM 03:00,공휴일 AM 10:00 - PM 03:00,c
train_2381.jpg,train/train_2381.jpg,이 상자에 적힌 캠페인 이름은 무엇인가요?,함께 성장 캠페인,SSAFY TOGETHER,나아가기 캠페인,성장하는 우리,b
train_2382.jpg,train/train_2382.jpg,싸트너십(SSARTNERSHIP) 제휴 플랫폼을 통해 SSAFY 구성원들이 할 수 없는 것은 무엇인가요?,카테고리별 탐색,온라인 매장 인증 없이 구매,SSAFY 인증 후 이용,캠퍼스별 혜택 확인,b
train_2383.jpg,train/train_2383.jpg,이 식당 간판에 적혀 있는 상호명은 무엇인가요?,초여사 분식,김여사 분식,초여사 김밥,초여사 주점,a
train_2384.jpg,train/train_2384.jpg,포스터에 나온 '초당옥수수 프라페'는 어떤 음료인가요?,초당옥수수 프라페,치즈케이크 딸기요거트 크레페,복숭아 요거트 스무디,포도딸기 젤리 크러쉬,a
train_2386.jpg,train/train_2386.jpg,사진 속 빨간색 표지판에 적힌 문구는 무엇인가요?,에스원,CCTV 설치,경비 안내,보안 경비,a
train_2387.jpg,train/train_2387.jpg,이 가게들 중에서 '장판'을 전문으로 하는 곳의 전화번호는 무엇인가요?,010-1234-5678,311-3066,010-3598-0079,322-1126,c
train_2388.jpg,train/train_2388.jpg,이 영화 광고에서 '스파이더맨' 영화가 상영되는 날짜는 언제인가요?,6월 30일,9월 1일,7월 29일,8월 15일,c
train_2389.jpg,train/train_2389.jpg,이 사진 속 빨간색 표지판에 적힌 문구는 무엇인가요?,주차금지,보행자전용,차량통제,출입금지,a
train_2392.jpg,train/train_2392.jpg,이 휴대폰 화면에는 어떤 음식점 이름이 보이나요?,삼성동 맛집,부산 식당,서울 스테이크,버두사당점 2호점,d
train_2394.jpg,train/train_2394.jpg,"사진 속 3분 카레 제품 중 가격이 1,500원으로 행사 중인 카레는 무엇인가요?",3분 하이라이스,"3분 쇠고기 카레, 짜장",3분 쇠고기 짜장,3분 카레,b
train_2396.jpg,train/train_2396.jpg,이 아이스크림 가게에서 '쿠키' 아이스크림 콘의 가격은 얼마인가요?,"4,500원","5,500원","4,000원","5,000원",d
train_2397.jpg,train/train_2397.jpg,이 위스키 병에 적힌 숙성 연수는 얼마인가요?,12년,30년,25년,18년,b
train_2398.jpg,train/train_2398.jpg,'코드코인 노래연습장'의 영업 시작 시간은 몇 시인가요?,오후 1시,오전 10시,오후 12시,오전 11시,c
train_2399.jpg,train/train_2399.jpg,이 출입문 앞에 설치된 안내문에 따르면 어떤 출입문을 이용해야 하나요?,정문 출입문,후문 출입문,비상 출입문,옆문 출입문,a
train_2400.jpg,train/train_2400.jpg,이 건물에 적힌 간판 중 '새명'과 관련된 업종은 무엇인가요?,커피숍,성형외과,약국,법무법인,d
train_2401.jpg,train/train_2401.jpg,이 편의점의 상호명은 무엇인가요?,7-ELEVEN,이마트24,GS25,CU,a
train_2402.jpg,train/train_2402.jpg,이 가게 간판에 적힌 글자는 무엇인가요?,국수,피자,베이커리,커피,a
train_2403.jpg,train/train_2403.jpg,이 사진 속 가게 간판에 적힌 전문 음식은 무엇인가요?,떡볶이 전문점,치즈피자 전문점,미용 재료 전문점,꼬막 요리 전문점,d
train_2404.jpg,train/train_2404.jpg,베트남 쌀국수 메뉴에서 소고기 쌀국수의 가격은 얼마인가요?,"6,000원","4,500원","7,500원","5,000원",d
train_2406.jpg,train/train_2406.jpg,이 사진에 보이는 부동산 가게 이름은 무엇인가요?,강북 이진 탑 공인중개사 사무소,설동도 헤어숍,무영영어,이진캐스빌 부동산,d
train_2407.jpg,train/train_2407.jpg,옷에 붙어 있는 '춘천닭갈비 덮밥 소스' 제품의 가격은 얼마인가요?,"\1,500","\2,000","\1,000","\1,200",a
train_2408.jpg,train/train_2408.jpg,이 식당 간판에 적힌 영업 시간은 어떻게 되어 있나요?,오후 5시부터 새벽 2시까지,오전 9시부터 오후 9시까지,주말만 영업,24시간 영업,d
train_2409.jpg,train/train_2409.jpg,이 건물에 있는 약국의 이름은 무엇인가요?,에스약국,황제사 황제해독,마음 클리닉,하니재가노인센터,a
train_2411.jpg,train/train_2411.jpg,이 건물 1층에 위치한 병원은 무엇인가요?,오플란트 치과,영등포신세계약국,애플산부인과의원,밴스의원,b
train_2412.jpg,train/train_2412.jpg,사진 속 제품 중 '애사비 콤부차'의 맛으로 옳지 않은 것은 무엇인가요?,피치 패션프룻,복숭아 자몽,파인애플 망고,블루베리 라임,d
train_2414.jpg,train/train_2414.jpg,빨간색 봉지에 들어있는 '빼빼포' 어체 과자의 가격은 얼마인가요?,"2,000원","1,000원",800원,"1,500원",b
train_2415.jpg,train/train_2415.jpg,사진 속 파란색 간판에 적힌 'SSAFY'의 뜻은 무엇인가요?,Samsung SW AI Academy For Youth,Samsung Software Advanced Future Yards,Seoul Software Advanced Facility for Youth,Smart System AI Foundation for Young,a
train_2416.jpg,train/train_2416.jpg,이 제품의 이름은 무엇인가요?,Gillette Cool Wave,Gillette Power Boost,Gillette Fusion ProGlide Sensitive,Gillette Classic,c
train_2417.jpg,train/train_2417.jpg,이 식당의 이름은 무엇인가요?,도쿄식당,동경밥상,동경식당,도쿄밥상,b
train_2418.jpg,train/train_2418.jpg,이 부동산 사무소의 전화번호는 무엇인가요?,010-3411-6189,031-555-1234,010-9876-5432,02-1234-5678,a
train_2419.jpg,train/train_2419.jpg,이 간판에 소개된 메뉴 중 '쫀득한 떡볶과 매콤한 국물이 어우러진 떡볶이'는 무엇인가요?,만쭈,청춘우동,국물떡볶이,청춘김밥,c
train_2421.jpg,train/train_2421.jpg,사진 속 책 제목은 무엇인가요?,인공지능과 머신러닝,프로그래밍 대화식 배우는 알고리즘 문제해결 전략,컴퓨터 프로그래밍 입문,데이터 과학의 기초,b
train_2422.jpg,train/train_2422.jpg,이 커피 자판기에서 '아메리카노 L 사이즈'의 용량은 얼마인가요?,465ml,60ml,500ml,245ml,d
train_2423.jpg,train/train_2423.jpg,다음 중 시에서 말하는 '기적'에 가장 가까운 의미는 무엇인가요?,수많은 사람들 중에서 인연을 맺는 희박한 확률,행운을 가져다주는 물건,매일 반복되는 일상,하늘에서 내리는 비,a
train_2424.jpg,train/train_2424.jpg,이 제품의 모델명과 저장 용량은 무엇인가요?,GALAXY S25 PLUS / 512GB,GALAXY S25 PLUS / 256GB,GALAXY S22 PLUS / 256GB,GALAXY S23 PLUS / 128GB,b
train_2426.jpg,train/train_2426.jpg,"교통안내 표지판에 따르면, 공사 구간은 전방 몇 미터에 있나요?",400m,100m,200m,300m,c
train_2427.jpg,train/train_2427.jpg,이 사진에서 보이는 간판에 적힌 음식점 이름은 무엇인가요?,네비게이션 임플란트,bana COFFEE,된장찌개,나주곰탕,d
train_2428.jpg,train/train_2428.jpg,이 초콜릿 제품의 특징으로 올바른 것은 무엇인가요?,SEA SALT가 첨가된 다크 초콜릿,카라멜 맛이 나는 화이트 초콜릿,견과류가 들어간 다크 초콜릿,우유가 들어간 밀크 초콜릿,a
train_2429.jpg,train/train_2429.jpg,이 건물에 위치한 병원 중 2층에 있는 곳은 어디인가요?,선한목자병원,노박치과,유안과,더맑은 신경정신과,a
train_2430.jpg,train/train_2430.jpg,이미지 속 파이썬 코드에서 'answer' 변수에 더해지는 값은 무엇인가요?,N의 절반 값,tc 변수의 값,crops[r][c]의 정수형 값,mid 변수의 값,c
train_2431.jpg,train/train_2431.jpg,이 건물에 있는 스핀 볼링장은 몇 층에 위치해 있나요?,6층,4층,5층,3층,c
train_2432.jpg,train/train_2432.jpg,이 건물에 입점해 있지 않은 곳은 어디인가요?,해아림 한의원,다이소,리라 의원,스타벅스,d
train_2434.jpg,train/train_2434.jpg,이 사진 속 빨간색 표지판에 적힌 문구는 무엇인가요?,쓰레기투기금지,주차금지,출입금지,금연구역,b
train_2435.jpg,train/train_2435.jpg,이 지하철역에서 1호선과 2호선을 갈아타려면 어느 방향으로 가야 하나요?,뒤로 돌아감,오른쪽,왼쪽,직진,c
train_2436.jpg,train/train_2436.jpg,이 장소의 상호명은 무엇인가요?,Ocean World Cafe,Aqua Home,AQUAGARDEN Cafe & Aquarium,Fish Paradise,c
train_2437.jpg,train/train_2437.jpg,다음 중 이미지에 보이는 천의 색상 이름으로 올바른 것은 무엇인가요?,딥 블루 (Deep Blue),로즈 핑크 (Rose Pink),스카이 블루 (Sky Blue),선샤인 옐로우 (Sunshine Yellow),c
train_2438.jpg,train/train_2438.jpg,이 이미지에 보이는 컵라면 브랜드는 무엇인가요?,삼양라면,진라면,팔도비빔면,신라면,b
train_2439.jpg,train/train_2439.jpg,이 제품 박스에 적힌 렌즈의 초점 거리와 조리개 값은 무엇인가요?,FE 35mm F2.8,FE 55mm F1.8,FE 85mm F1.4,FE 24mm F1.8,b
train_2441.jpg,train/train_2441.jpg,이 건물 간판에 적힌 음식점 이름은 무엇인가요?,서울 떡볶이,밴 수제돈까스 & 삼겹살,맛있는 김밥집,홍길동 치킨 & 피자,b
train_2442.jpg,train/train_2442.jpg,이 자판기에서 음료수를 사려면 얼마를 내야 하나요?,150엔,50엔,100엔,200엔,c
train_2443.jpg,train/train_2443.jpg,다음 중 이 이미지에 적힌 문구가 아닌 것은 무엇인가요?,주차 가능 구역,비상송수관 앞 주차금지,8만원 즉시 과태료 구간,송수해용 압력범위,a
train_2444.jpg,train/train_2444.jpg,이 행사 이름은 무엇인가요?,Summer Beach Festival,Water Music Pool Party,Ocean Dance Night,Blue Wave Concert,b
train_2445.jpg,train/train_2445.jpg,용산역 앞에 있는 도로 표지판에 적힌 도로 이름은 무엇인가요?,삼각지역,한강로 다리,한강대로,한강대로 (Hangang-daero),d
train_2446.jpg,train/train_2446.jpg,이 음식점에서 돼지 주물럭의 가격은 얼마인가요?,"10,000원","13,000원","9,000원","15,000원",a
train_2447.jpg,train/train_2447.jpg,이 가게 '솜씨방'에서 제공하는 서비스가 아닌 것은 무엇인가요?,모피 수선,가죽 수선,양장 수선,전자제품 수리,d
train_2449.jpg,train/train_2449.jpg,건물에 적혀 있는 '장림어촌계'는 어떤 지역과 관련이 있나요?,인천시수협,서울시수협,부산시수협,대구시수협,c
train_2451.jpg,train/train_2451.jpg,이 건물의 이름은 무엇인가요?,원룸투룸임대,삼성그린빌,조아부동산,체형교정사,b
train_2453.jpg,train/train_2453.jpg,이미지에 있는 건전지의 브랜드 이름은 무엇인가요?,삼성,한솔,LG,크린N,d
train_2454.jpg,train/train_2454.jpg,사진 속 간판에 적힌 전화번호는 무엇인가요?,062) 227-2278,031) 123-4567,055) 111-2222,010) 9876-5432,a
train_2455.jpg,train/train_2455.jpg,사진에 보이는 '부자수산' 상점에서 판매하는 상품이 아닌 것은 무엇인가요?,치킨,생선구이,반건조 생선,손질장어,a
train_2456.jpg,train/train_2456.jpg,이 이미지에 있는 글귀 중 '사랑'에 대한 설명으로 옳은 것은 무엇인가요?,사랑은 '나'의 경계를 허무는 사건이다.,사랑은 결과에 대한 책임을 요구한다.,사랑은 고독에서 벗어나는 것이 아니다.,사랑은 모든 선택의 자유를 의미한다.,a
train_2457.jpg,train/train_2457.jpg,SPAO 건물 내 3층에 위치한 곳은 무엇인가요?,담앤더머 방탈출카페,데이즈,CrossFit BARO,노리터·보드게임카페3,d
train_2461.jpg,train/train_2461.jpg,이 라면 봉지에 적힌 문구 중 옳은 것은 무엇인가요?,매운 고추가 들어있음,40분간 끓여야 함,순한맛과 매운맛의 조화,닭육수로 순하고 깔끔한 맛,d
train_2462.jpg,train/train_2462.jpg,사진 속 기기에 적혀 있는 브랜드명은 무엇인가요?,Comofi,Syscall,Syscall Comofi,Comfort,a
train_2464.jpg,train/train_2464.jpg,소화전 사용 방법 중 3번째 단계는 무엇인가요?,밸브 닫기,불 끄기,밸브 열기,호스 빼내기,b
train_2465.jpg,train/train_2465.jpg,사진 속 간판에 적힌 '7080 라이브' 관련 문구 중 올바른 내용은 무엇인가요?,신선한 재료 사용!,저렴한 가격! 24시간 운영!,열혈연식! 각종모임! 대관 환영!,무료 주차 제공!,c
train_2466.jpg,train/train_2466.jpg,사진 속 노란색 안내판에 적힌 문구는 무엇인가요?,흡연금지,출입금지,통행금지,주차금지,d
train_2467.jpg,train/train_2467.jpg,이 건물 2층에 입시전문 학원이란 문구와 함께 적혀 있는 전화번호는 무엇인가요?,010.5.628.3655,010.5.628.3605,010.5.628.3650,010.5.628.3600,b
train_2468.jpg,train/train_2468.jpg,이 사진 속에 보이는 케이크 접시에 적힌 글자는 무엇인가요?,HAPPY CAFE,SNOOPY HOUSE,PEANUTS CAFE,SNOOPY PLACE,d
train_2469.jpg,train/train_2469.jpg,벽에 분필로 적힌 문구는 무엇인가요?,희망과 미래,사랑과 평화,평화와 번영,행복과 건강,b
train_2470.jpg,train/train_2470.jpg,'혼잡구간' 안내문에 적힌 안전하게 이동하는 방법은 무엇인가요?,서둘러 뛰어가야 한다,빠르게 뛰어 이동하기,밀거나 뛰지 말고 질서있게 이동하기,서로 밀치며 이동하기,c
train_2471.jpg,train/train_2471.jpg,이 이미지에서 '네일샵'이라는 글자가 잘못 표기된 간판은 무엇인가요?,NAIL 0819,NAIL SALON,Sankatsu,NAIL SHOR,d
train_2472.jpg,train/train_2472.jpg,2023년 7월부터 변경된 배송료는 얼마입니까?,"1,480엔","1,500엔","1,000엔","1,320엔",a
train_2473.jpg,train/train_2473.jpg,사진 속 노란색 차단막에 적힌 문구는 무엇인가요?,주의 깊게,통행 금지,안전 제일,위험 경고,c
train_2474.jpg,train/train_2474.jpg,이 도로에 표시된 제한 속도는 얼마인가요?,40km/h,20km/h,50km/h,30km/h,d
train_2475.jpg,train/train_2475.jpg,이 가게의 이름은 무엇인가요?,SPICY CHICKEN HOUSE,DAVE'S HOT CHICKEN,HOT WINGS EXPRESS,CHICKEN KING,b
train_2476.jpg,train/train_2476.jpg,가 5호 음식부에서 판매하지 않는 품목은 무엇인가요?,한복,신발,컴퓨터,칼국수,c
train_2478.jpg,train/train_2478.jpg,사진 속 진열된 상품 중 '된장찌개용 간편 채소'의 가격은 얼마인가요?,"2,590원","1,000원","3,990원","2,990원",a
train_2479.jpg,train/train_2479.jpg,"출입문에 붙어 있는 안내문에 따르면, 어떤 문을 사용해야 하나요?",출입문을 사용하지 말아야 한다,후문 출입문을 사용해야 한다,모든 출입문을 사용할 수 있다,정문 출입문을 사용해야 한다,d
train_2480.jpg,train/train_2480.jpg,사진 속 노란색 과자 봉지에 적힌 맛은 무엇인가요?,딸기 맛,고구마 맛,패션프루트(백향과) 맛,초콜릿 맛,c
train_2481.jpg,train/train_2481.jpg,이 사진 속 상자에 적힌 문구는 무엇인가요?,손 소독제 사용,고객의 소리,음료수 자판기,주문서 작성,b
train_2482.jpg,train/train_2482.jpg,이 포스터에서 강조하는 문구는 무엇인가요?,성공을 위한 최고의 선택 삼성화재,당신에게 좋은 보험 삼성화재,오늘도 열심히 준비하는 당신이 프로!,고객을 위한 최상의 서비스,c
train_2484.jpg,train/train_2484.jpg,이 건물 5층에 위치한 회사의 이름은 무엇인가요?,(주)위드바이스,법무법인 여정,법무법인 엘리트,뉴욕치과,b
train_2486.jpg,train/train_2486.jpg,이 노란색 안내판에 적힌 문구는 무엇인가요?,청소중,화재경보,출입금지,미끄럼주의,d
train_2488.jpg,train/train_2488.jpg,2026년 비대면 주민등록 사실조사 참여 기간은 언제부터 언제까지인가요?,2026년 6월 1일 ~ 8월 31일,2026년 7월 20일 ~ 9월 7일,2026년 9월 8일 ~ 11월 9일,2026년 1월 1일 ~ 3월 31일,b
train_2490.jpg,train/train_2490.jpg,CCTV 안내문에 따르면 CCTV는 몇 시간 동안 운영되고 있나요?,36시간,24시간,48시간,12시간,b
train_2491.jpg,train/train_2491.jpg,이 사진에 보이는 간판에 적힌 곳은 어디인가요?,Ximending Shopping District,Dongmen Market,Shilin Night Market,Raohe St. Night Market,d
train_2492.jpg,train/train_2492.jpg,이 건물의 이름은 무엇인가요?,제2공학관,제3공학관,제1공학관,제4공학관,d
train_2493.jpg,train/train_2493.jpg,IBK기업은행 캠퍼스리크루팅은 어느 대학에서 진행되나요?,서울대학교,연세대학교,전북대학교,고려대학교,c
train_2494.jpg,train/train_2494.jpg,사진 속 '곰 항균 행주' 제품에 적힌 설명 중 올바른 것은 무엇인가요?,부드러운 천연라텍스 재질로 제작됐습니다,세탁 후에도 변형이 없습니다,길이가 길어 더 편리합니다,건조 속도가 빨라 더 위생적입니다,d
train_2498.jpg,train/train_2498.jpg,사진 속 메뉴판에서 '트로피칼 아메리카노 (ICE)'의 가격은 얼마인가요?,"4,900원","3,900원","4,500원","5,900원",a
train_2499.jpg,train/train_2499.jpg,이 간판에서 제공하는 음식과 음료는 무엇인가요?,땡기면 & 땡비어,피자 & 콜라,김밥 & 떡볶이,치킨 & 맥주,a
train_2501.jpg,train/train_2501.jpg,컵에 적힌 문구는 무엇인가요?,Twyla Tharp,SEOUL BREW Since 2022 서울 브루 - 2022년,영감의 기록,THE CREATIVE HABIT 창조하는 습관,b
train_2502.jpg,train/train_2502.jpg,이 버스 정류장 이름은 무엇인가요?,명동역,한국자산신탁 센터필드,강남역,서울역,b
train_2503.jpg,train/train_2503.jpg,이 현수막에 적힌 내용 중 교육 기간은 몇 년인가요?,5년,10년,3년,7년,c
train_2504.jpg,train/train_2504.jpg,이 사진에 보이는 건물의 간판 중 '왕성철강(주)'은 어느 쪽에 위치해 있나요?,중앙 건물,왼쪽 건물,없다,오른쪽 건물,d
train_2505.jpg,train/train_2505.jpg,IPARK MALL과 PAYCO가 함께 진행하는 행사에서 10% 페이백을 받을 수 있는 기간은 언제인가요?,7월 1일 ~ 7월 31일,8월 1일 ~ 8월 31일,9월 1일 ~ 9월 30일,10월 1일 ~ 10월 31일,b
train_2506.jpg,train/train_2506.jpg,이 사진 속 푸른색 아치 구조물에 적힌 글귀 중 옳은 것은 무엇인가요?,유성 온천,서울 타워,부산 해변,제주 올레길,a
train_2507.jpg,train/train_2507.jpg,책상 위에 놓인 책 제목 중 '내가 틀릴 수도 있습니다' 책의 표지 색상은 무엇인가요?,노란색,빨간색,초록색,파란색,d
train_2508.jpg,train/train_2508.jpg,사진 속 과자의 가격은 얼마인가요?,"3,000원","2,500원","3,900원","4,500원",a
train_2509.jpg,train/train_2509.jpg,이 건물에 입주한 학원 중 '채은음악학원'의 전화번호는 무엇인가요?,010-5830-9282,032-716-6469,010-5830-9284,684-5797,d
train_2510.jpg,train/train_2510.jpg,소화전 사용법 중 두 번째 단계는 무엇인가요?,밸브 열기,밸브 닫기,불 끄기,호스 빼내기,a
train_2511.jpg,train/train_2511.jpg,이 사진관이 위치한 곳은 어디인가요?,성수역 3번출구 앞,건물 뒤 무료주차장,삼연빌딩 207호,성수역 1번출구 앞,a
train_2512.jpg,train/train_2512.jpg,이 제품은 무엇을 위한 위생장갑인가요?,실속형 HDPE 120매 위생장갑,고무장갑 50매,일회용 면장갑 30매,실리콘 소재 주방장갑,a
train_2513.jpg,train/train_2513.jpg,이 사진에 보이는 '네일' 간판에 적혀 있는 전화번호는 무엇인가요?,010-5352-4217,070-8671-4777,010-1234-5678,010-9876-5432,a
train_2514.jpg,train/train_2514.jpg,영화관 5관에서 상영 중인 영화의 제목은 무엇인가요?,어벤져스 엔드게임,2025 LoL 월드챔피언십,기생충,포켓몬 라인,b
train_2515.jpg,train/train_2515.jpg,이 컵라면 제품의 이름은 무엇인가요?,불닭 컵 볶음면,삼양라면 컵,불닭볶음면 컵,진라면 매운맛,c
train_2516.jpg,train/train_2516.jpg,이 초콜릿의 브랜드 이름은 무엇인가요?,bon o ban,bon o bon,bon o bun,bon o bom,b
train_2517.jpg,train/train_2517.jpg,벽에 있는 두 장의 큰 포스터에 적힌 캐릭터 이름은 무엇인가요?,Bugs Bunny,Woody,Hello Kitty,Awesome Unit,a
train_2518.jpg,train/train_2518.jpg,옛날통닭 가게에서 한 마리 통닭의 가격은 얼마인가요?,"7,000원","9,000원","17,000원","12,000원",b
train_2519.jpg,train/train_2519.jpg,이 락커에서 '1-9' 번호가 붙은 락커는 어디에 위치해 있나요?,"두 번째 줄, 네 번째 칸","세 번째 줄, 두 번째 칸","첫 번째 줄, 다섯 번째 칸","두 번째 줄, 세 번째 칸",a
train_2520.jpg,train/train_2520.jpg,이 건물 벽에 붙은 노란색 안내판에 적힌 내용은 무엇인가요?,소화기 있음,출입금지,주차금지,금연구역,c
train_2521.jpg,train/train_2521.jpg,이 가게의 간판에 적힌 가게 이름은 무엇인가요?,한식뷔페,해피마트,속초종합어시장,정형외과야간진료,c
train_2522.jpg,train/train_2522.jpg,사진 속 왼쪽 종이에서 '공작공단 햄찌 공주'의 행운의 아이템은 무엇인가요?,빨간색 모자,파란색 스카프,검은색 가죽 장갑,핑크빛 플리팅 전문기 '너쥐 캠퍼 티셔츠',d
train_2523.jpg,train/train_2523.jpg,점심 회정식 할인 가격은 얼마인가요?,"35,000원","25,000원","40,000원","30,000원",a
train_2524.jpg,train/train_2524.jpg,사진 속 시계에는 몇 시 몇 분이 표시되어 있나요?,3시 14분,2시 40분,3시 40분,4시 30분,c
train_2525.jpg,train/train_2525.jpg,사진에 보이는 고양이 사료 봉투에 적힌 무게는 얼마인가요?,10KG,25KG,20KG,15KG,c
train_2526.jpg,train/train_2526.jpg,사진 속 중앙에 있는 광고판에 적힌 브랜드 이름은 무엇인가요?,Zetteria,Glico,MGM Resorts,CHIN,b
train_2527.jpg,train/train_2527.jpg,Zandunga(잔둔가)는 어떤 지역 원주민들의 축제인가요?,멕시코 와하까 Istme?o 지역,서울 강남 지역,제주도 한라산 지역,부산 해운대 지역,a
train_2528.jpg,train/train_2528.jpg,사진 속 가게 간판에 적힌 메뉴가 아닌 것은 무엇인가요?,석쇠불고기,김치찌개,등뼈,감자탕,b
train_2529.jpg,train/train_2529.jpg,이 티라미수 제품의 칼로리는 얼마인가요?,437 kcal,500 kcal,300 kcal,130 kcal,a
train_2530.jpg,train/train_2530.jpg,사진 속 건물에 있는 '텐텐 이비인후과' 병원의 휴무일은 언제인가요?,매일 10시까지 진료,야간 휴일,매일 휴무,야간 휴무,b
train_2531.jpg,train/train_2531.jpg,이 돌기둥에 적힌 글자는 무엇을 의미하나요?,버스 정류장,택시 승강장,주차장 입구,도시철도 입구,d
train_2532.jpg,train/train_2532.jpg,이 현수막에서 모집하고 있는 참가자는 무엇과 관련된 참가자입니까?,음악회 참가자,체육대회 참가자,축제 참가자,MD상담회 참가자,d
train_2533.jpg,train/train_2533.jpg,사진 속 간판에 적힌 전화번호의 앞 세 자리는 무엇인가요?,031,070,010,042,c
train_2535.jpg,train/train_2535.jpg,이 사진에 나온 가게 간판에 적힌 주요 상호명은 무엇인가요?,주차금지,네비게이션,블랙박스,후방카메라,c
train_2536.jpg,train/train_2536.jpg,아래 제품 중 '센카 퍼펙트 휩'과 관련된 문구로 올바른 것은 무엇인가요?,어성초 듬뿍 딥 클렌징,피지 모공 더블 클렌징,더 포뮬러 고보습 폼,퍼펙트 휩 스피디,d
train_2539.jpg,train/train_2539.jpg,이 복권판매점 간판에 적힌 1등 당첨 번호는 무엇인가요?,1등 7번,1등 24번,1등 30번,1등 12번,b
train_2542.jpg,train/train_2542.jpg,이 건물에 있는 '무키무키 키즈카페'는 어느 층에 위치해 있나요?,3층,1층,2층,4층,a
train_2543.jpg,train/train_2543.jpg,이 사물함 중 번호가 4-37인 사물함은 어디에 위치해 있나요?,오른쪽 위,오른쪽 아래,왼쪽 아래,왼쪽 위,b
train_2544.jpg,train/train_2544.jpg,사진 속 건물에 적힌 병원 이름은 무엇인가요?,청연한방병원,연하방병원,서울한방병원,OK 병원,a
train_2545.jpg,train/train_2545.jpg,"이 고속도로 표지판에 따르면, 대구외곽순환고속도로 700번을 타고 다음 출구로 나가면 어디로 갈 수 있나요?",대구 중심가 5km,달서 Dalseo 동물원 2km,달성 Dalseong 공원 3km,동대구역 1km,b
train_2546.jpg,train/train_2546.jpg,이 자동차 번호판에 적힌 번호는 무엇인가요?,34다 9012,09하 4657,12나 5678,09가 1234,b
train_2547.jpg,train/train_2547.jpg,'신매시장' 버스 정류장에서 849번 버스는 몇 분 후에 도착한다고 안내되어 있나요?,5분 후,10분 후,30분 후,16분 후,d
train_2548.jpg,train/train_2548.jpg,다음 중 사진에 보이는 식당 이름이 아닌 것은 무엇인가요?,길봉식당,제일장어,대양식당,삼거리식당,c
train_2549.jpg,train/train_2549.jpg,사진 속 음료와 디저트에 적힌 브랜드 이름은 무엇인가요?,earth 15,earth 16,earth 18,earth 17,d
train_2550.jpg,train/train_2550.jpg,버스 정류장에 붙어있는 포스터 중 '레트로 오락실' 광고에 나온 게임 대회 개최 날짜는 언제인가요?,3월 1일 (수) 오후 4시,12월 25일 (토) 오후 5시,1월 21일 (금) 오후 3시,2월 14일 (화) 오후 2시,c
train_2552.jpg,train/train_2552.jpg,이 부동산 매물 중에서 '물건 접수 상담문의'가 적혀 있는 항목은 무엇인가요?,월세 단독주택 1천/40,매매 래미안장전 9억6천,매매 임대 물건 접수 상담문의,매매 래미안장전 9억4천,c
train_2553.jpg,train/train_2553.jpg,이 사진에 보이는 버스에 적힌 회사 이름은 무엇인가요?,예향고속관광,한양고속관광,서울고속관광,대한고속관광,a
train_2554.jpg,train/train_2554.jpg,이 약국의 이름은 무엇인가요?,봉천새약국,봉천온누리약국,봉천행복약국,온누리건강원,b
train_2556.jpg,train/train_2556.jpg,요거퐁당 견과믹스 제품 10g당 칼로리는 얼마인가요?,30kcal,70kcal,50kcal,100kcal,c
train_2558.jpg,train/train_2558.jpg,사진 속 간판에 적힌 식당 이름은 무엇인가요?,라이프엑스,역삼식당,명동칼국수,초밥족,c
train_2559.jpg,train/train_2559.jpg,"라임카페에서 판매하는 음료 중 가격이 4,000원인 것은 무엇인가요?",자몽에이드,아메리카노,케일에이드,바닐라라떼,c
train_2562.jpg,train/train_2562.jpg,'낙원사우나' 입구 표지판에 표시된 영업시간은 언제부터 언제까지인가요?,09:00부터 23:00까지,07:00부터 22:00까지,08:00부터 20:00까지,06:00부터 21:00까지,d
train_2563.jpg,train/train_2563.jpg,THE BODY SHOP 제품 중 'BRITISH ROSE' 샤워 젤의 용량은 얼마인가요?,300 ml,100 ml,200 ml,250 ml,d
train_2564.jpg,train/train_2564.jpg,사진에 보이는 PC방의 이름은 무엇인가요?,별명 PC 카페,별 PC ZONE,NEW 오픈 PC방,명도엔지니어,b
train_2565.jpg,train/train_2565.jpg,사진 속 오토바이 번호판에 적힌 번호는 무엇인가요?,타 3737,경기 9999,부산 5678,서울 1234,a
train_2567.jpg,train/train_2567.jpg,이 전신주에 부착된 장비를 관리하려면 어디에 연락해야 하나요?,"서울시 강남구 1820 주간 1111-2222, 야간 3333-4444","강남구 역삼1동 1820 주간 1234-5678, 야간 8765-4321","강남구 역삼1동 1820 주간 3423-8606, 야간 3423-6000","역삼동 1번지 1820 주간 5555-6666, 야간 7777-8888",c
train_2568.jpg,train/train_2568.jpg,이 건물 앞에 걸려 있는 간판에 적힌 가게 이름은 무엇인가요?,헤어 스타일,눈썹 이야기,패밀리아,스마일 치과,b
train_2570.jpg,train/train_2570.jpg,"행사 안내문에 따르면, 1만 원 이상 구매 시 증정되는 음료는 무엇인가요?",아메리카노 or 복숭아 아이스티,복숭아 아이스티 or 팥빙수,아메리카노 or 바 종류,바 종류 or 팥빙수,a
train_2571.jpg,train/train_2571.jpg,이 간판에서 판매하는 음식은 무엇인가요?,치킨·맥주,초밥·회,김밥·분식,피자·햄버거,c
train_2572.jpg,train/train_2572.jpg,에이스세탁에서 전문적으로 제공하는 서비스는 무엇인가요?,세탁기 수리 및 설치,가정용 세탁기 판매,일반 빨래 대행 서비스,명품의류 특수크리닝 전문점,d
train_2573.jpg,train/train_2573.jpg,이 사진 속 가게 이름은 무엇인가요?,和知?院,和知石酒店,ヤマト?品,タニヒコ,d
train_2574.jpg,train/train_2574.jpg,이 가게의 상호명은 무엇인가요?,um Burger & Wings,롯데리아,Burger King,맥도날드,a
train_2575.jpg,train/train_2575.jpg,윌트레이 타워 3층에 입주해 있는 곳은 어디인가요?,미테크 성형외과의원,올리브영,디자뷰메디스킨,서면 뉴욕치과,a
train_2576.jpg,train/train_2576.jpg,SSAFY 10 SUCCESS GUIDELINES 중 '초심을 잃지 않고 매 순간 몰입한다'는 몇 번째 항목인가요?,9번째,5번째,3번째,7번째,b
train_2578.jpg,train/train_2578.jpg,이 광고판에서 진행하는 2023 연말 빅세일 최대 할인율은 얼마인가요?,50%,80%,60%,75%,d
train_2580.jpg,train/train_2580.jpg,이 표지판에 따르면 'V??N QU? V??NG'는 영어로 무엇이라고 적혀 있나요?,Ocean Square,Hotel,King's Garden,Titan Peak,c
train_2581.jpg,train/train_2581.jpg,이 제품의 이름은 무엇인가요?,독도크림 1025,독도로션 1025,독도필링젤 1025,독도마스크 1025,c
train_2583.jpg,train/train_2583.jpg,이 가게의 상호명은 무엇인가요?,아우토반,동동빈당,마카오,달비촌대구막창,d
train_2584.jpg,train/train_2584.jpg,"3통로 안내판에 따르면, 화장실은 몇 미터 거리에 있나요?",50m,60m,30m,40m,d
train_2585.jpg,train/train_2585.jpg,사진 속 컵라면의 이름은 무엇인가요?,짜짜로니,짜파게티,진짬뽕,짜왕,b
train_2587.jpg,train/train_2587.jpg,사진에 보이는 식당 간판에 적힌 가게 이름은 무엇인가요?,명동칼국수,LIFEX,옛날그맛 식당,주먹포,a
train_2588.jpg,train/train_2588.jpg,동서울 출발 시간 중 가장 이른 시간은 언제인가요?,07:00,09:00,07:55,08:10,a
train_2589.jpg,train/train_2589.jpg,이 식당에서 1인 고기 무제한 가격은 얼마인가요?,"10,900원","8,000원","12,000원","9,500원",a
train_2590.jpg,train/train_2590.jpg,사진 속 노란색 안내판에 적힌 내용은 무엇인가요?,녹색 공간 보호 구역,자전거 전용도로 안내,불법주차금지 과태료부과 및 견인,주차가능 구역입니다,c
train_2591.jpg,train/train_2591.jpg,이벤트 참여 방법 중 첫 번째로 해야 할 일은 무엇인가요?,딸기 바나나킥 2배 맛있게 먹기,바나나 캐릭터와 함께 사진을 찍고 인스타그램에 업로드,SNS 확인 후 선물이 가득한 룰렛 이벤트 참여,룰렛을 돌려 선물 수령,b
train_2592.jpg,train/train_2592.jpg,이 쓰레기통에 적혀 있는 글자는 무엇인가요?,청담동 쓰레기통,역삼 현대 벤처 빌,강남 스타타워,서울시 청소차량,b
train_2594.jpg,train/train_2594.jpg,이 건물의 몇 층에 '박선재 골프아카데미'가 위치해 있나요?,13층,11층,10층,12층,b
train_2595.jpg,train/train_2595.jpg,이 골목에 있는 가게 이름 중에서 '타로'와 관련된 가게는 무엇인가요?,금다방,지유 타로,즐거운 노래방,이백돈,b
train_2596.jpg,train/train_2596.jpg,이 건물에 적힌 상호명 중 올바른 것은 무엇인가요?,상원빌딩,상원빌딩지,상원빌딩지하1층,상원빌딩지하,a
train_2597.jpg,train/train_2597.jpg,이 표지판에 적힌 내용 중 '경기 도중 선수에게 욕설을 하거나' 다음에 오는 행동은 무엇인가요?,월담 또는 물건 투척 시 경기가 중단된다,경기 중 사진 촬영이 금지된다,음식물 반입이 금지된다,관중은 자리를 떠야 한다,a
train_2598.jpg,train/train_2598.jpg,2026년 8월 달력에서 15일에 표시된 특별한 날은 무엇인가요?,추석,설의 날,대체공휴일,광복절,d
train_2599.jpg,train/train_2599.jpg,이 가게의 전화번호는 무엇인가요?,222-7517,123-4567,333-1234,222-7577,d
train_2600.jpg,train/train_2600.jpg,사진 속 책 제목은 무엇인가요?,마루한 이야기,마루한의 모험,마루한,마루한 전설,c
train_2602.jpg,train/train_2602.jpg,이 영화 티켓에서 상영되는 명탐정 코난 영화의 제목은 무엇인가요?,명탐정 코난: 검은 조직의 음모,명탐정 코난: 천안의 진상,명탐정 코난: 천사의 진실,명탐정 코난: ONE-EYED FLASHBACK,b
train_2603.jpg,train/train_2603.jpg,이미지에 적힌 '레몬드롭샷'의 가격은 얼마인가요?,10.0,8.0,15.0,3.0,d
train_2604.jpg,train/train_2604.jpg,이 현수막에 적힌 학부 이름은 무엇인가요?,컴퓨터공학부,화학공학부,기계공학부,전자공학부,c
train_2605.jpg,train/train_2605.jpg,이미지에 나오는 '6륜'에 해당하는 것은 무엇인가요?,응종,임종,태주,중려,c
train_2606.jpg,train/train_2606.jpg,건물 벽면에 있는 원형 조명 아래에 적힌 문구의 내용은 무엇인가요?,오늘도 좋은 하루 되세요. 건강이 최우선입니다.,꿈을 향해 달려가자. 포기하지 말자.,행복은 멀리 있지 않다. 함께 나누면 더 커진다.,당신이 있어 더 아름답다. 그래서 내가 더 빛나고 싶다.,d
train_2607.jpg,train/train_2607.jpg,이 표지판에서 경고하는 무단투기 과태료의 금액은 얼마인가요?,200만원 이하 과태료,과태료가 없다고 적혀 있음,100만원 이하 과태료,50만원 이하 과태료,c
train_2608.jpg,train/train_2608.jpg,이 사진 속 동물은 무엇인가요?,강아지,고양이,토끼,햄스터,b
train_2609.jpg,train/train_2609.jpg,"이 헬스장 광고에 따르면, 1년 이상 등록 시 월 헬스 비용은 얼마인가요?","월 29,000원","월 37,000원","월 25,000원","월 30,000원",a
train_2610.jpg,train/train_2610.jpg,"이미지 속 텍스트에 따르면, 'Gemini'가 제공하는 서비스는 무엇인가요?",실사 기반 포토 카드 직접 제작,가상현실 게임 제작,음악 스트리밍 서비스,온라인 동영상 스트리밍,a
train_2611.jpg,train/train_2611.jpg,이 장소에 적힌 'London Euston'은 무엇을 의미하나요?,런던의 쇼핑몰 이름,런던 유스턴 역,런던의 공원 이름,런던의 유명한 식당,b
train_2612.jpg,train/train_2612.jpg,이 건물 1층에 위치한 식당의 이름은 무엇인가요?,홍콩반점,원톰,너구리회관,쿠우쿠우,c
train_2613.jpg,train/train_2613.jpg,이 다리의 이름은 무엇인가요?,삼성육교,역삼육교,한강육교,강남대교,a
train_2614.jpg,train/train_2614.jpg,이 식당 간판에 적힌 음식 메뉴가 아닌 것은 무엇인가요?,돼지국밥,수육,최신육향,족발,d
train_2615.jpg,train/train_2615.jpg,이 사진 속 노란색 표지판에 적힌 문구는 무엇인가요?,대림 부평구청 석남,뛰지 마세요 넘어짐 Do Not Run,안전 거리 두기,조심하세요 미끄럼 주의,b
train_2616.jpg,train/train_2616.jpg,이 건물 2층에 있는 곳은 무엇인가요?,치과의원,약국,마트,카페,a
train_2617.jpg,train/train_2617.jpg,이 사진에 보이는 과일 상자에 적힌 과일 이름이 아닌 것은 무엇일까요?,청포도,새콤달콤 자두,와촌자두,천도복숭아,a
train_2618.jpg,train/train_2618.jpg,이미지 속 무인주문기 위에 적힌 문구 중 맞는 것은 무엇인가요?,치킨버거를 들고,치킨버거를 먹고,불고기버거를 먹고,불고기버거를 들고,d
train_2619.jpg,train/train_2619.jpg,"이케아 레스토랑에서 시즌 한정 디저트 중 가격이 6,900원인 메뉴는 무엇인가요?",바닐라 아이스크림 콘,당근 케이크,베리 요거트,딸기 생크림 케이크,c
train_2620.jpg,train/train_2620.jpg,이 기계에서 영수증은 어디로 받을 수 있나요?,주문서 출력구,현금 넣는 곳,영수증 나오는 곳,카드 넣는 곳,c
train_2621.jpg,train/train_2621.jpg,이 책은 어떤 기업의 온라인 인적성검사 준비를 위한 기본서인가요?,현대자동차,CJ그룹,삼성전자,LG전자,b
train_2622.jpg,train/train_2622.jpg,사진 속 노래방 간판에 적힌 오픈 기념 서비스는 무엇인가요?,노래방 이용 시 안주 무료 제공,노래방 입장 시 1시간 무료,노래만 해도 맥주 2병 서비스,노래 3곡 부르면 음료수 서비스,c
train_2623.jpg,train/train_2623.jpg,이 도로 표지판에 따르면 청명초등학교는 어느 방향에 있나요?,오른쪽,왼쪽,뒤쪽,직진,b
train_2624.jpg,train/train_2624.jpg,사진 속 세로로 세워진 노란색 간판에 적힌 아메리카노 가격은 얼마인가요?,"1,000원","1,500원","1,200원","2,000원",b
train_2627.jpg,train/train_2627.jpg,이 서점에서 '경제·경영·자기계발·수험서'는 어느 방향으로 가야 하나요?,왼쪽,뒤,오른쪽,앞,a
train_2631.jpg,train/train_2631.jpg,이 가게의 상호명은 무엇인가요?,황실주단,전통한복,한복나라,한복대여점,a
train_2632.jpg,train/train_2632.jpg,국내산 한우 가격표에 따르면 한우 우족 1개의 가격은 얼마인가요?,"11,000원","25,000원","5,000원","30,000원",b
train_2634.jpg,train/train_2634.jpg,1994 베이커스가 함동에 새롭게 문을 연 날짜는 언제인가요?,5월 18일,3월 18일,4월 18일,4월 28일,c
train_2636.jpg,train/train_2636.jpg,이 가게의 간판에 적힌 가게 이름은 무엇인가요?,?き鳥 とりや,博多ラ?メン屋,?司 さかなや,もつなべ 前田屋,d
train_2637.jpg,train/train_2637.jpg,이 카페의 이름은 무엇인가요?,CAFE MOON,CAFE DONG,CAFE DAON,DAON CAFE,c
train_2638.jpg,train/train_2638.jpg,사진 속 잭 다니엘 위스키 병에 적힌 도수는 얼마인가요?,40% Vol,50% Vol,45% Vol,35% Vol,a
train_2639.jpg,train/train_2639.jpg,목포왕꼬배기 가게에서 판매하는 대표 메뉴는 무엇인가요?,된장찌개,즉석 떡볶이,김치찌개,가마솥에 튀긴 옥골왕꼬배기,d
train_2640.jpg,train/train_2640.jpg,이 메모지에 적힌 글귀는 무엇인가요?,ICT 운영실 좋은 하루~,ICT 관리실 좋은 하루~,ICT 관리실 힘내세요!,ICT 운영실 힘내세요!,a
train_2643.jpg,train/train_2643.jpg,각인 비용 안내에서 베스트펜 구매 제품의 각인 비용은 얼마부터 시작하나요?,"5,000원~","3,000원~","10,000원~","20,000원~",a
train_2645.jpg,train/train_2645.jpg,이 락커룸 벽에 적힌 문구는 무엇인가요?,WE ARE THE ARSENAL,ARSENAL FC LOCKER ROOM,THE GUNNERS UNITED,WELCOME TO THE ARSENAL,a
train_2646.jpg,train/train_2646.jpg,이 책의 제목은 무엇인가요?,빠르게 배우는 Vue.js 기본서,Vue.js 3.x 완전 정복,원쌤의 Vue.js 퀵스타트,ssamz.com Vue.js 가이드,c
train_2647.jpg,train/train_2647.jpg,사진에 보이는 'NIKKA' 간판은 무엇을 광고하고 있나요?,맥주,위스키,소주,와인,b
train_2649.jpg,train/train_2649.jpg,포스터에 따르면 8월 18일은 무엇을 기념하는 날인가요?,쌀의 날 기념일,쌀의 날,쌀의 날 행사,쌀의 날 기념,d
train_2651.jpg,train/train_2651.jpg,이 무대에서 열리는 콘서트의 이름은 무엇인가요?,MUSIC-POWER,LEVEL-UP,ORCHESTRA-PLAY,GAME-ON,b
train_2652.jpg,train/train_2652.jpg,코리아보드게임즈 POP-UP 행사 기간은 언제까지인가요?,7.15 - 7.30,8.3 - 8.16,8.11 - 8.23,9.1 - 9.15,c
train_2653.jpg,train/train_2653.jpg,사진 속 핑크색 향수 병에 적힌 브랜드명은 무엇인가요?,chanel,gucci,dior,narciso rodriguez,d
train_2654.jpg,train/train_2654.jpg,현대오토에버 채용설명회가 열리는 장소는 어디인가요?,신촌점 5F,홍대점 2F,명동점 1F,강남점 3F,a
train_2656.jpg,train/train_2656.jpg,이 자동차의 번호판에 적힌 번호는 무엇인가요?,5JHG234,7CKH348,9PLM876,8DKL572,b
train_2657.jpg,train/train_2657.jpg,이 지하철 노선 안내에서 '동대신' 역의 역번호는 무엇인가요?,108,105,110,107,a
train_2658.jpg,train/train_2658.jpg,이 건물 외벽에 적힌 타이어 브랜드는 무엇인가요?,HANKOOK TIRE,KUMHO TIRE,BRIDGESTONE,YOKOHAMA,b
train_2659.jpg,train/train_2659.jpg,이 건물 벽에 적힌 '우체통 거리'의 영어 표현은 무엇인가요?,THE LETTERBOX STREET,THE MAIL STREET,THE POSTBOX STREET,THE MAILBOX STREET,d
train_2660.jpg,train/train_2660.jpg,"이 지하철역 안내판에 따르면, 모바일티머니 태그리스 게이트 서비스는 언제부터 시작될 예정인가요?",2024년 7월,2026년 7월,2025년 7월,2026년 12월,b
train_2661.jpg,train/train_2661.jpg,이 건물 간판에 적힌 음식점 이름은 무엇인가요?,본초 순두부찌개,본초 나주곰탕,본초 설렁탕,본초 김치찌개,b
train_2662.jpg,train/train_2662.jpg,사진 속 '로얄 밀크티 캔디'의 가격은 얼마인가요?,3500원,4000원,2500원,3000원,b
train_2663.jpg,train/train_2663.jpg,이 가게에서 제공하는 와이파이 비밀번호는 무엇인가요?,1811BANAPRESSO,BANAPRESSO1811,18111111,BANAPRESSO,c
train_2664.jpg,train/train_2664.jpg,이 책의 제목은 무엇인가요?,오늘을 만들어 줄 의미 찾기 철학,사마천,매우 예민한 사람들을 위한 책,성공관의대 삼성서울병원 전홍진 교수의 처방전,c
train_2666.jpg,train/train_2666.jpg,이미지 속 안내문에서 폐토너통을 꺼낼 때 어떻게 해야 한다고 적혀 있나요?,천천히 꺼내야 한다,한 번에 꺼내야 한다,빠르게 꺼내야 한다,힘을 줘서 꺼내야 한다,a
train_2668.jpg,train/train_2668.jpg,사진에 보이는 깃발에 적힌 문구는 무엇인가요?,경찰서,소방서,민방위,주민센터,c
train_2669.jpg,train/train_2669.jpg,이 사진에 보이는 간판의 이름은 무엇인가요?,노래방 24시,hotel bARE,순남시래기,S 노래방,d
train_2670.jpg,train/train_2670.jpg,이 가게 간판에 적힌 전문 음식이 아닌 것은 무엇인가요?,해장국,파전,김밥,감자탕,c
train_2672.jpg,train/train_2672.jpg,이 건물에 입주한 치과의원 중 하나의 이름은 무엇인가요?,서울치과의원,한강치과의원,누연치과의원,강남치과의원,c
train_2674.jpg,train/train_2674.jpg,왼쪽 제품 '메디큐브 PDRN 핑크 펩타이드 앰플'의 2주 미백케어 한정기획에 포함된 앰플 용량은 얼마인가요?,60ml,80ml,100ml,40ml,b
train_2675.jpg,train/train_2675.jpg,이미지 속에서 QR코드 옆에 적혀 있는 주문 방법은 무엇인가요?,직접 주문해 주세요,전화로 주문해 주세요,QR로 주문해 주세요,카운터에서 주문해 주세요,c
train_2676.jpg,train/train_2676.jpg,브론즈가든에서 보유한 LED 머신 중 'WHITE' 머신은 어떤 효과가 있다고 설명되어 있나요?,"바디프로필, 대회준비","썬번, 기미 등 피부 부작용 방지","피부재생, 미백, 탄력","체질, 피부 타입 1:1 전문관리",c
train_2677.jpg,train/train_2677.jpg,이 도시철도 입구 안내판에 적힌 '편의시설이용안내'에서 안내하는 대상은 누구인가요?,노약자,관광객,어린이,장애인,d
train_2678.jpg,train/train_2678.jpg,이 소화전 사용 방법 중 두 번째 단계는 무엇인가요?,밸브 닫기,밸브열기,호스 빼내기,불 끄기,b
train_2679.jpg,train/train_2679.jpg,이 엘리베이터 안내 화면에 표시된 아카데미 이름은 무엇인가요?,LG AI 스쿨,카카오 SW 교육센터,삼성청년 SW·AI 아카데미 SSAFY,네이버 AI 아카데미,c
train_2680.jpg,train/train_2680.jpg,이미지 속 가게에서 제공하는 음식 종류는 무엇인가요?,Pasta,Sushi,Fried Chicken,Pizza,c
train_2681.jpg,train/train_2681.jpg,이 부동산 중개업소의 전화번호는 무엇인가요?,1234-5678,031-234-5678,010-9876-5432,2043-8945,d
train_2682.jpg,train/train_2682.jpg,이 건물에 적혀 있는 상호명은 무엇인가요?,살얼음 바,헤어 크로스,맥주나라,리얼펍 & 살얼음맥주,d
train_2684.jpg,train/train_2684.jpg,이미지에 적힌 'dust box'는 무엇을 의미하나요?,쓰레기통,진공 청소기,먼지 제거기,상자 포장,a
train_2686.jpg,train/train_2686.jpg,이 사진에 보이는 역 이름은 무엇인가요?,춘천역,강릉역,동해역,김유정역,d
train_2687.jpg,train/train_2687.jpg,이 돌담에 적힌 글씨는 무엇인가요?,평화의길,마음의정원,행복의숲,자연의품,b
train_2688.jpg,train/train_2688.jpg,사진 속 벽에 붙어 있는 담배 광고에서 언급된 담배 이름은 무엇인가요?,PETER STUYVESANT,YOU CAN BANK ON,COUGAR PRODUCTS,THE Lancia Beta Coupe,a
train_2689.jpg,train/train_2689.jpg,2026년 7월 10일에 '더페스타: 3보컬리스트' 공연에 참여하는 가수가 아닌 사람은 누구인가요?,이지훈,소냐,BMK,김창완,d
train_2690.jpg,train/train_2690.jpg,다음 중 메뉴판에 적힌 커피 종류와 가격이 올바른 것은 무엇인가요?,아메리카노 6.5,카페라떼 5.5,에스프레소 5.3,콜드브루 라떼 5.8,c
train_2691.jpg,train/train_2691.jpg,두 음료 컵에 공통으로 적혀 있는 문구는 무엇인가요?,fresh and delicious,best coffee in town,enjoy your drink,you make me feel like think fruit,d
train_2693.jpg,train/train_2693.jpg,이 사진에서 '발빠짐 주의' 안내문에 적혀 있는 내용 중 올바른 것은 무엇인가요?,열차와 승강장 사이가 없습니다.,열차와 승강장 사이에 문이 없습니다.,승강장과 열차 사이가 좁습니다.,열차와 승강장 사이가 넓습니다.,d
train_2694.jpg,train/train_2694.jpg,맥도날드 매장에 게시된 '식품 안전 책임자' 안내문에 따르면 고객에게 무엇을 요청하고 있나요?,모든 직원에게 마스크 착용을 엄격히 요청하는 내용,매장 내 음식물 섭취 금지 안내,고객에게 방역 수칙을 철저히 지킬 것을 당부하는 내용,식품 안전과 관련된 의견이 있을 시 매니저를 찾아달라는 요청,d
train_2695.jpg,train/train_2695.jpg,사진 속에 놓여 있는 도시락에 들어있는 음식은 무엇인가요?,떡볶이,김밥,순대,라면,b
train_2697.jpg,train/train_2697.jpg,이 골목에서 볼 수 있는 상호명이 아닌 것은 무엇인가요?,대성조명,한성전자,삼아차륜상사,기원상사,b
train_2698.jpg,train/train_2698.jpg,이 도로에서 제한 속도는 얼마인가요?,30 km/h,50 km/h,40 km/h,20 km/h,a
train_2700.jpg,train/train_2700.jpg,이 건물에 입점해 있는 식당 중 '소풍'의 주요 메뉴는 무엇인가요?,"김밥, 김치찌개, 분식","치킨, 맥주, 떡볶이","불고기, 비빔밥, 된장찌개","피자, 파스타, 샐러드",a
train_2702.jpg,train/train_2702.jpg,이 냅킨에 적힌 문구는 무엇인가요?,WELCOME HOME,THANK YOU,AFTER YOU,ENJOY YOUR MEAL,c
train_2703.jpg,train/train_2703.jpg,이 건물에 입주해 있는 업체 중 '철판가득철판군'의 전화번호는 무엇인가요?,02-845-5559,02-555-5559,02-897-9010,02-845-5558,d
train_2705.jpg,train/train_2705.jpg,CCTV 안내문에 따르면 CCTV가 운영되는 시간은 언제인가요?,24시간,주말만,평일만,오전 9시부터 오후 6시까지,a
train_2707.jpg,train/train_2707.jpg,파이론 전망대 및 박물관(Pylon Lookout & Museum)의 오늘 마지막 입장 시간은 언제인가요?,정오 12시,오후 3시 30분,오후 5시,오전 10시,b
train_2708.jpg,train/train_2708.jpg,이 승강장에서 11번과 12번 플랫폼으로 가는 방향은 어디인가요?,직진,오른쪽,왼쪽,뒤쪽,c
train_2709.jpg,train/train_2709.jpg,이 화면에서 소개하고 있는 게임의 이름은 무엇인가요?,Split Fiction,Open in Desktop App,Steam,Adventure Games,a
train_2711.jpg,train/train_2711.jpg,대한인력 간판에서 전화번호로 적힌 번호는 무엇인가요?,999-9999,357-0705,123-4567,010-2020-3030,b
train_2712.jpg,train/train_2712.jpg,코드 3-12에서 생성한 모델의 종류는 무엇인가요?,DecisionTreeClassifier(),SVC(),KNeighborsClassifier(),RandomForestClassifier(),a
train_2713.jpg,train/train_2713.jpg,이 안내문의 내용 중 방문객이 해야 할 행동은 무엇인가요?,방문순서안내표를 바구니에 넣고 서서 대기한다,방문순서안내표를 들고 서서 기다린다,방문순서안내표 없이 바로 들어간다,방문순서안내표를 바구니에 넣고 앉아서 대기한다,d
train_2714.jpg,train/train_2714.jpg,라면 자판기에서 라면 한 그릇의 가격은 얼마인가요?,"2,500원","4,200원","3,500원","3,800원",d
train_2716.jpg,train/train_2716.jpg,이지웰블루치과원의 5층에서 제공하는 서비스가 아닌 것은?,청소년 교정,성인 교정,피부 관리,투명 교정,c
train_2717.jpg,train/train_2717.jpg,이 이미지에서 'SSAFY'와 함께 새롭게 시작하는 여정을 축하하는 문구는 무엇인가요?,SSAFY 16기 수료를 축하합니다,SSAFY 16기 입학을 축하합니다,SSAFY 15기 졸업을 축하합니다,SSAFY 17기 입학을 축하합니다,b
train_2718.jpg,train/train_2718.jpg,이 가게가 전문적으로 판매하는 품목은 무엇인가요?,과일 도매,전자제품 공장,신발 수선,장갑 납품 전문,d
train_2719.jpg,train/train_2719.jpg,이 지하철역 안내판에 표시된 동해선의 다음 역이 아닌 것은 무엇인가요?,교대,부전,서면,재송,c
train_2720.jpg,train/train_2720.jpg,진라면 순한맛 컵라면의 가격은 얼마인가요?,"1,400원","1,200원","1,600원","1,800원",a
train_2721.jpg,train/train_2721.jpg,"메뉴판에 따르면, '곱창 대창 덮밥'의 가격은 얼마인가요?","15,900원","14,900원","12,800원","13,500원",b
train_2722.jpg,train/train_2722.jpg,16기 1학기 8월 중식시간 안내에 따르면 3층의 점심 시간은 언제인가요?,12:00 ~ 13:00,12:45 ~ 13:45,12:15 ~ 13:15,12:30 ~ 13:30,d
train_2724.jpg,train/train_2724.jpg,밤에 찍힌 이 사진에서 가장 크게 보이는 간판에 적힌 내용은 무엇인가요?,Panasonic VIERA TV,SAMSUNG QLED TV,LG OLED TV,Sony Bravia TV,b
train_2725.jpg,train/train_2725.jpg,사진 속에서 아침 11시까지 판매하는 모닝커피 아메리카노의 가격은 얼마인가요?,"3,900원","2,500원","4,500원","1,900원",d
train_2726.jpg,train/train_2726.jpg,이 간판에 적힌 가게 이름은 무엇인가요?,대성 샷슈,샷슈 대문,원불 제작 수리공,각종천막 방충망,a
train_2727.jpg,train/train_2727.jpg,사진에 보이는 간판 중에서 PC방 이름은 무엇인가요?,홍계원,여우PC,고려이용원,한솔PC,b
train_2729.jpg,train/train_2729.jpg,"문경 평산 신씨묘 출토 복식에 따르면, 이 복식은 어떤 재료로 만들어져 있나요?",모시로 만든 생활복,은실로 자수한 비단,"금단선(금사로 치마, 바지, 단령에 사용)",명주로 짠 저고리와 바지,c
train_2730.jpg,train/train_2730.jpg,이 음료수 캔에 적힌 제품명은 무엇인가요?,애플망고 스마일,스마일 망고 애플,애플 망고 스마일,스마일 애플 망고,d
train_2731.jpg,train/train_2731.jpg,이 배너에 적힌 문구 중 강조된 두 단어는 무엇인가요?,"남김, 비워요","딱, 싹","딱, 많이","많이, 깨끗이",b
train_2732.jpg,train/train_2732.jpg,다음 중 이미지 속에서 500원에 판매되는 상품은 무엇인가요?,껌,아이스크림 컵,과자 봉지,립밤,a
train_2734.jpg,train/train_2734.jpg,"사진 속 안내문에 따르면, 이 문은 왜 이용이 제한되나요?",실내 적정온도 유지 및 에너지 절감을 위해,보안상 출입이 금지되어서,수리 중이기 때문에,화재 안전을 위해 항상 닫혀 있어야 해서,a
train_2740.jpg,train/train_2740.jpg,이미지 속 Marlboro 담배 케이스에 적힌 경고 문구 중 올바른 내용은 무엇인가요?,SMOKING IS HARMFUL TO YOUR HEALTH,SMOKING IS NEUTRAL TO YOUR HEALTH,SMOKING IS GOOD FOR YOUR HEALTH,SMOKING IS TASTY AND HEALTHY,a
train_2741.jpg,train/train_2741.jpg,'Typing Zone' 공간에서 허용되는 작업은 무엇인가요?,Typing만 가능,Typing 이외 작업만 가능,Typing과 다른 작업 모두 가능,어떤 작업도 불가능,a
train_2743.jpg,train/train_2743.jpg,이 식당의 점심 추천 메뉴 중 메밀물냉면의 가격은 얼마인가요?,"10,000원","12,000원","9,000원","15,000원",c
train_2744.jpg,train/train_2744.jpg,냉장고 안에 진열된 음료 중에서 코코넛 주스의 가격은 얼마인가요?,1.00 €,1.70 €,1.50 €,2.00 €,b
train_2746.jpg,train/train_2746.jpg,이 간판에 적힌 영업일 휴무 요일은 언제인가요?,월요일,수요일,화요일,목요일,a
train_2747.jpg,train/train_2747.jpg,이 건물 앞에서 무엇이 금지되어 있나요?,주차 금지,쓰레기 투기 금지,흡연이 절대금지,음식물 반입 금지,c
train_2750.jpg,train/train_2750.jpg,꽃다발 포장지에 적힌 문구 중 옳은 것은 무엇인가요?,the flower Happiness shared is the seed,Happiness is the seed shared flower,the seed Happiness shared is the flower,shared Happiness the flower is seed,c
train_2752.jpg,train/train_2752.jpg,사진 속 간판에 적힌 내용 중 '예약 중'인 상품은 무엇인가요?,와인,꽃다발,케이크,책,b
train_2754.jpg,train/train_2754.jpg,건물 외벽에 적힌 상호명은 무엇인가요?,하산산단301로,하니통상,HANEE,즐거운쇼핑,b
train_2755.jpg,train/train_2755.jpg,"버스 좌석 뒤에 붙어 있는 광고에 따르면, 하지정맥류 관련 전문 진료는 몇 명의 진료/수술을 기준으로 하고 있나요?",3인 진료/수술,2인 진료/수술,4인 진료/수술,1인 진료/수술,b
train_2757.jpg,train/train_2757.jpg,이 건물의 3층에 입주한 회사 중 하나는 무엇인가요?,(주)STEP AI,(주)유니콘 브릿지 벤처스,(주)에스와이피,다름과이음(주),c
train_2758.jpg,train/train_2758.jpg,이 가방에 적힌 가게 이름은 무엇인가요?,JIN'S NEW YORK BAGEL,JIN'S COFFEE SHOP,JIN'S BAKERY,NEW YORK BAGEL HOUSE,a
train_2760.jpg,train/train_2760.jpg,사진 속 '포톤 스트로베리 크림' 사탕 봉지에 적힌 내용으로 옳은 것은 무엇인가요?,Approx. 100 pcs.,Approx. 30 pcs.,Approx. 50 pcs.,Approx. 20 pcs.,c
train_2761.jpg,train/train_2761.jpg,회색 옷에 노란색 하트 모양 안에 적힌 글자는 무엇인가요?,HUMAN MADE!,HUMAN MADE,HUMAN MADE?,HUMAN MAD,b
train_2762.jpg,train/train_2762.jpg,이 영화관에서 제공하는 특별한 상영관 이름은 무엇인가요?,MEGA 4K,MEGA 3D,MEGA IMAX,MEGA MX4D,d
train_2763.jpg,train/train_2763.jpg,이 상자에 적힌 과일의 이름은 무엇인가요?,망고,리치,두리안,망고스틴,d
train_2764.jpg,train/train_2764.jpg,이 사진 속 '창억떡' 가게에서 현금 결제는 어떻게 되나요?,현금 결제가 불가능합니다.,현금과 카드 모두 결제 가능합니다.,현금 결제만 가능합니다.,현금은 10만원 이상만 결제 가능합니다.,a
train_2766.jpg,train/train_2766.jpg,칠판에 적힌 오곡이 하루에 잠자는 시간은 몇 시간인가요?,15시간,12시간,8시간,10시간,a
train_2767.jpg,train/train_2767.jpg,치이카와야키 3개 세트 A의 구성품이 아닌 것은 무엇인가요?,팥앙금,초콜릿,피스타치오,크림,c
train_2768.jpg,train/train_2768.jpg,이 조각상의 제목은 무엇인가요?,The Cry,The Laugh,The Smile,The Sneeze,a
train_2769.jpg,train/train_2769.jpg,이 사진에 보이는 두 개의 간판 중 오른쪽 간판에 적힌 상호명은 무엇인가요?,"CAFE COMMA,",TOP LINE,macrogen,SINCE 1997,c
train_2770.jpg,train/train_2770.jpg,사진 속 표지판에 적힌 문구는 무엇인가요?,진입금지,속도제한,주차금지,주차허용,c
train_2772.jpg,train/train_2772.jpg,사진 속에 보이는 약국 이름은 무엇인가요?,세림약국,서초동약국,동두약국,고동반약국,a
train_2773.jpg,train/train_2773.jpg,이미지 속 중앙에 있는 선수의 유니폼에 적힌 글자는 무엇인가요?,チ?ズ,メグミルク,ロッテリア,グリコ,d
train_2774.jpg,train/train_2774.jpg,이 신호등에서 '뱀고개로 26길'과 '뱀고개로 27길' 중 오른쪽 방향으로 가는 길은 무엇인가요?,뱀죽1마을,뱀고개로 27길,뱀고개로 26길,수서역,b
train_2775.jpg,train/train_2775.jpg,이 건물에 입점해 있는 매장의 이름은 무엇인가요?,Starbucks,MUSINSA,Blue Archive,FANCY CLUB,b
train_2776.jpg,train/train_2776.jpg,이 화면에 표시된 오류의 정지 코드(Stop code)는 무엇인가요?,SYSTEM_SERVICE_EXCEPTION,PAGE_FAULT_IN_NONPAGED_AREA,DEVICE_DRIVER_ERROR,MEMORY_MANAGEMENT,a
train_2777.jpg,train/train_2777.jpg,이 캔커피의 제품명은 무엇인가요?,칸타타,스위트 아메리카노,카페라떼,에스프레소,a
train_2778.jpg,train/train_2778.jpg,다음 중 '투썸 오벌 티라미수' 케이크의 가격은 얼마인가요?,"40,000","36,000","38,000","39,000",b
train_2779.jpg,train/train_2779.jpg,이 거리에서 '명품 옷 수선' 가게 전화번호는 무엇인가요?,TEL. 123-4567,TEL. 010-1111-2222,TEL. 261-7907,TEL. 276-5452,c
train_2781.jpg,train/train_2781.jpg,이 조형물에 적힌 단어 중 가장 아래에 적힌 것은 무엇인가요?,배움과 나눔,LIBERTAS,VERITAS,VIRTUS,a
train_2782.jpg,train/train_2782.jpg,오렌지 주스 팩에 적힌 문구는 무엇인가요?,자몽 100%,오렌지 100%,사과 100%,포도 100%,b
train_2783.jpg,train/train_2783.jpg,이 건물에 입주해 있는 은행의 이름은 무엇인가요?,신한은행,BNK 부산은행,우리은행,국민은행,b
train_2784.jpg,train/train_2784.jpg,이 과일가게의 이름은 무엇인가요?,과일나라,과일천국,과일마을,과일촌,d
train_2785.jpg,train/train_2785.jpg,이 가게의 이름은 무엇인가요?,Community Patrons,No More Silence,BRICK LANE BIKES,The Common Press,d
train_2786.jpg,train/train_2786.jpg,이 건물에 있는 간판 중 '고래 관광 나이트'와 관련된 다른 업종은 무엇인가요?,사이버이노래방,청학재 노래방,PC방,빵집,a
train_2787.jpg,train/train_2787.jpg,이 제품의 맛은 무엇인가요?,자몽 에이드 맛,복숭아 아이스티 맛,문경오미자 에이드 맛,포도 아이스티 맛,b
train_2788.jpg,train/train_2788.jpg,이 모니터의 모델명은 무엇인가요?,LS32D600EAXXKR,LS24R350FZEXXKR,LS27R650FZEXXKR,LS32R750UQEXXKR,a
train_2789.jpg,train/train_2789.jpg,왼쪽 손에 들려 있는 노란색 박스에 적힌 빵 이름은 무엇인가요?,럭키브레드,행운의오백원빵,복권빵,행운의십원빵,d
train_2790.jpg,train/train_2790.jpg,"사진 속 안내문에 따르면, 팔소금빵은 몇 시에 나오는가요?",오전 11시,오후 3시,오전 9시,오후 1시,c
train_2792.jpg,train/train_2792.jpg,이 이미지에 적힌 큰 글씨는 무엇인가요?,한울 마을,마을 백,백 마을,한울 동네,a
train_2795.jpg,train/train_2795.jpg,이 식당이 명절 휴무를 하는 기간은 언제인가요?,26.2.1 ~ 2.3(3일간),26.2.16 ~ 2.18(3일간),26.2.10 ~ 2.12(3일간),26.2.20 ~ 2.22(3일간),b
train_2796.jpg,train/train_2796.jpg,책장에서 보이는 책 제목 중 '행동하지 않으면 인생은 바뀌지 않는다'와 같은 저자는 누구인가요?,히가시노 게이고,김도연,김정운,브라이언 트레이시,d
train_2797.jpg,train/train_2797.jpg,이 식당의 간판에 적힌 상호명은 무엇인가요?,프리미엄 돈까스,부산 돈까스,명지점 돈까스,쏭쏭돈까스,d
train_2798.jpg,train/train_2798.jpg,사진 속 가게 간판에 적힌 영어 단어 중 올바른 것은 무엇인가요?,FLATSILPPER,FLATSLIPPER,FLATSLIPER,FLATSIPPER,b
train_2799.jpg,train/train_2799.jpg,이 배너에서 제공하는 훈련 수당 지급 대상은 누구인가요?,일반 근로자,산재근로자,학생,자영업자,b
train_2800.jpg,train/train_2800.jpg,사진 속에 보이는 간판의 상호명은 무엇인가요?,CHEVEE,CHVEE,CHAGE,CHAGEE,d
train_2801.jpg,train/train_2801.jpg,이 사진 속 가게 김밥천국에서 판매하는 음식 중에 없는 것은 무엇인가요?,초밥,떡볶이,감자튀김,개통이,a
train_2802.jpg,train/train_2802.jpg,장자도 호떡마을 1호점에서 직접 반죽하는 것은 무엇인가요?,수제 만두,수제 떡볶이,수제 호떡,수제 김밥,c
train_2803.jpg,train/train_2803.jpg,구미강동교회 블레싱카페에서 매주 목요일 저녁 5시 반부터 7시까지 제공하는 것은 무엇인가요?,중고 서적 나눔,무료 영어 교실,커피와 디저트,따뜻한 집밥 한끼,d
train_2804.jpg,train/train_2804.jpg,이 전광판에 표시된 출발역은 어디인가요?,장림역,신평역,하단역,동매역,c
train_2805.jpg,train/train_2805.jpg,사진 속 인형이 속한 영화 또는 애니메이션 시리즈의 제목은 무엇인가요?,Frozen,Inside Out 2,Toy Story,Always Bratz,b
train_2806.jpg,train/train_2806.jpg,아이맘 어린이집에서 모집하는 대상 연령은 어떻게 되나요?,3세 ~ 7세,1세 ~ 5세,0세 ~ 4세,2세 ~ 6세,c
train_2807.jpg,train/train_2807.jpg,이 방수용 기구함과 소화전에서 화재 시 소화전 사용 방법으로 올바른 순서는 무엇인가요?,호스 빼내기 - 벨브 열기 - 불 끄기 - 벨브 닫기,벨브 닫기 - 불 끄기 - 벨브 열기 - 호스 빼내기,불 끄기 - 벨브 닫기 - 호스 빼내기 - 벨브 열기,벨브 열기 - 호스 빼내기 - 벨브 닫기 - 불 끄기,a
train_2808.jpg,train/train_2808.jpg,이 건물 1층에 있는 상점에서 주로 판매하는 품목은 무엇인가요?,의류,전자제품,전동공구 및 알곤용접기,농산물,c
train_2809.jpg,train/train_2809.jpg,이 사진 속 식사에 포함된 음식이 아닌 것은 무엇인가요?,케첩이 담긴 작은 컵,토마토 소스와 바질이 올려진 튀긴 요리,치즈버거와 감자튀김,스파게티 면,d
train_2810.jpg,train/train_2810.jpg,사진 속 케이크 중에서 가격이 가장 높은 것은 무엇인가요?,사초생 (Shine Muscat Chocolate Fresh Cream Cake),스초생 프레지에 (Fresh Strawberry Fresh Cream Cake),체리 초콜릿 생크림 (Cherry Chocolate Fresh Cream Cake),스초생 SPECIAL EDITION (Strawberry Special Edition),b
train_2811.jpg,train/train_2811.jpg,이 사진에 보이는 햄버거 이름은 무엇인가요?,슈비버거,빅맥버거,치즈버거,불고기버거,a
train_2812.jpg,train/train_2812.jpg,이 안내문에 따르면 식당 출구로 가기 위해 먼저 어디로 이동해야 하나요?,계단으로 이동 후 19층 엘리베이터 이용,스마트폰 사용 후 이동,계단을 뛰어 올라가야 함,19층 엘리베이터를 바로 이용,a
train_2813.jpg,train/train_2813.jpg,이 비석에 적힌 제목은 무엇인가요?,산수유기,추성산기,천혜봉기,별성산상별곡,d
train_2814.jpg,train/train_2814.jpg,사진에 보이는 2층 간판 중 '1:1 PT 전문'과 관련된 내용으로 옳은 것은 무엇인가요?,횟당 3만원대,횟당 4만원대,횟당 5만원대,횟당 6만원대,b
train_2816.jpg,train/train_2816.jpg,이 티켓의 공연 날짜는 언제인가요?,2025년 8월 22일 토요일 오후 6시,2026년 8월 22일 토요일 오후 6시,2026년 8월 22일 일요일 오후 5시,2026년 9월 15일 금요일 오후 7시,b
train_2817.jpg,train/train_2817.jpg,포스터에 적힌 'PINK VENOM'이라는 곡이 발매되는 날짜는 언제인가요?,2023년 1월 19일,2022년 8월 19일,2023년 8월 19일,2022년 12월 25일,b
train_2818.jpg,train/train_2818.jpg,도원빌딩 5층에는 어떤 업체가 입주해 있나요?,법무법인 이신,한국정보산업연합회,행복한약국,연세라인업 피부과 성형외과 비뇨기과,d
train_2819.jpg,train/train_2819.jpg,이 가게의 상호명은 무엇인가요?,카카오,카페리코,카카리코,카리카,c
train_2822.jpg,train/train_2822.jpg,이 건물에 위치한 병원의 이름은 무엇인가요?,에브리톡어학원,광산한방병원,골프존파크,미용학원,b
train_2823.jpg,train/train_2823.jpg,이 케이크 진열대에서 '금귤생' 케이크의 가격은 얼마인가요?,"38,000원","6,800원","8,800원","9,500원",a
train_2824.jpg,train/train_2824.jpg,이 건물 간판에 적힌 '자황 한의원'에서 주로 치료하는 내용은 무엇인가요?,피부미용,심리 상담,치과 치료,사상체질치료,d
train_2825.jpg,train/train_2825.jpg,LG U+ wifi기기와 셋탑박스가 반드시 유지해야 하는 상태는 무엇인가요?,전원만 연결되어 있으면 된다,항시 전원과 인터넷선이 연결된 상태,인터넷선은 빼도 된다,전원은 꺼도 무방하다,b
train_2826.jpg,train/train_2826.jpg,이미지에 나온 'G-STAR 2021' 국제게임전시회는 언제 개최되었나요?,2021년 11월 17일(수)부터 21일(일)까지,2021년 11월 10일(수)부터 15일(월)까지,2021년 10월 1일(금)부터 5일(화)까지,2021년 12월 1일(수)부터 5일(일)까지,a
train_2827.jpg,train/train_2827.jpg,이 사진 속 편의점 간판에 적힌 이름은 무엇인가요?,롯데프레시,롯데백화점,롯데슈퍼,롯데마트,a
train_2828.jpg,train/train_2828.jpg,파란색 포션 태그에 적힌 내용으로 맞는 것은 무엇인가요?,You got the BLUE POTION! It refills your energy! 100 MP Recovery,You got the GREEN POTION! It refills your energy! 75 HP Recovery,You got the YELLOW POTION! It refills your energy! 120 MP Recovery,You got the RED POTION! It refills your energy! 50 HP Recovery,a
train_2830.jpg,train/train_2830.jpg,이 그래픽카드 박스에 적힌 메모리 용량은 얼마인가요?,4GB,16GB,8GB,6GB,c
train_2832.jpg,train/train_2832.jpg,이 사진 속에서 엠지씨 텀블러(MGC TUMBLER)의 가격은 얼마인가요?,"19,800원","12,500원","9,900원","15,000원",a
train_2833.jpg,train/train_2833.jpg,이 건물의 8층에 위치한 시설은 무엇인가요?,포커스 타운,주짓수,세컨페이스안경,아레나 필라테스 & 레나필라테스,d
train_2834.jpg,train/train_2834.jpg,이 층별 안내도에서 'SSAFYnity ROOM' 옆에 위치한 방의 이름은 무엇인가요?,휴게공간,미래 ROOM,상담실1,도전 ROOM,d
train_2835.jpg,train/train_2835.jpg,마제소바(아부라소바)를 맛있게 먹는 방법으로 맞는 것은 무엇인가요?,밥은 따로 주문할 수 없다,먼저 고명을 잘 섞어 먹는다,처음부터 밥과 고기를 같이 먹는다,고기를 다 먹고 나서 밥을 달라고 한다,b
train_2836.jpg,train/train_2836.jpg,이 과자 봉지에 적힌 제품 이름은 무엇인가요?,TODAY'S NUT,TODAY NUT,NUT TODAY,NUTTY DAY,b
train_2837.jpg,train/train_2837.jpg,이 이미지의 시리얼 모니터 출력 창에 반복해서 나타나는 메시지는 무엇인가요?,"WiFi connection failed, retrying.",WiFi connection successful.,Device connected to COM3.,Arduino UNO R4 WiFi ready.,a
train_2838.jpg,train/train_2838.jpg,이 그림에 보이는 '플래닛 에이스밴드' 제품 상자에 적힌 내용 중 올바른 것은 무엇인가요?,의약외품이 아님,포장지는 10매 포함,플라스틱 밴드,혼합형 (Mixed Type Bandage),d
train_2839.jpg,train/train_2839.jpg,왕가네 닭갈비 점심 특가 판매 시간은 언제부터 언제까지인가요?,09:00~15:30,11:00~18:30,12:00~19:00,10:00~17:00,b
train_2840.jpg,train/train_2840.jpg,'라흐마니노프의 가을' 공연이 열리는 날짜는 언제인가요?,2024년 10월 24일,2025년 11월 24일,2023년 10월 24일,2025년 10월 24일,d
train_2841.jpg,train/train_2841.jpg,이 이미지에서 가장 크게 보이는 흰색 글자는 무엇인가요?,점사에서,소중한 계약서,중요하게 잘 보관,이사항 만나요,b
train_2842.jpg,train/train_2842.jpg,삼성청년SW·AI아카데미에서 제공하는 취업지원 서비스의 3단계는 무엇인가요?,JOB 매칭,맞춤형 취업 컨설팅,자기이해 및 진로 설정,취업역량 강화,b
train_2843.jpg,train/train_2843.jpg,이 티셔츠에 적힌 글자는 무엇인가요?,너 안녕...,나 웃어...,너 좋아...,나 안아...,d
train_2844.jpg,train/train_2844.jpg,2023 겨울&도서관 겨울방학특강 모집 기간은 언제부터 언제까지인가요?,1.4.(수) ~ 1.18.(수),1.5.(목) ~ 1.19.(목),12.19.(월) 10:00 ~ 12.26.(월) 18:00,1.2.(월) ~ 1.16.(월),c
train_2845.jpg,train/train_2845.jpg,사진 속 두찜 가게에서 판매하는 음식은 무엇인가요?,비빔밥,찜닭,불고기,김치찌개,b
train_2846.jpg,train/train_2846.jpg,서울특별시 강남구상공회에서 모집하는 CEO 아카데미 과정은 몇 기인가요?,제34기,제33기,제31기,제32기,b
train_2847.jpg,train/train_2847.jpg,엘리베이터 문에 붙어 있는 주의 표지판 중에서 '손대지 마시오'라는 문구는 어떤 표지판에 적혀 있나요?,엘리베이터 버튼 옆,왼쪽 표지판,오른쪽 표지판,위쪽 화면,b
train_2848.jpg,train/train_2848.jpg,이 기념비에 새겨진 인물의 이름은 무엇인가요?,ELISA LA FARINA,GIUSEPPE LA FARINA,RIPARATA ITALIA NEL 1860,LA LIBERT? RISORGENTE,b
train_2850.jpg,train/train_2850.jpg,요가 관련 배너에 적힌 프로그램 중에 없는 것은 무엇인가요?,플라잉,요가댄스,하타/아쉬탕가,체형교정,b
train_2851.jpg,train/train_2851.jpg,벽에 붙어 있는 노란색 표지판에 적힌 문구는 무엇인가요?,KEEP OUT,WATCH YOUR STEP!,NO PARKING,CAUTION,b
train_2853.jpg,train/train_2853.jpg,이 경기장에서 화면에 가장 크게 표시된 문구는 무엇인가요?,HANWHA LIFE ESPORTS,RISE GROUP,FUTURE,LEGEND GROUP,c
train_2854.jpg,train/train_2854.jpg,이미지 속 분리수거함 중에서 '종이류'를 버리는 곳에 적힌 문구는 무엇인가요?,"음료수 캔, 병, 페트병",플라스틱만 배출,"종이 포장지, 팩류만 배출","화장지, 기타",c
train_2855.jpg,train/train_2855.jpg,사진에 보이는 상호명 중 옳은 것은 무엇인가요?,대성 전기 철물,대성 철물 전기점,대성 철물 전기,대성 철물 전,c
train_2857.jpg,train/train_2857.jpg,이 이미지를 촬영한 장소의 이름은 무엇인가요?,플래티넘 하이디라오 압구정,골드 하이디라오 홍대,실버 하이디라오 강남,골드 하이디라오 명동,b
train_2858.jpg,train/train_2858.jpg,이 사진에 보이는 가게의 이름은 무엇인가요?,주차금지,향꽃,신촌버거,할랄푸드,c
train_2860.jpg,train/train_2860.jpg,사진 속 노란색 안전 펜션에 적혀 있는 글자는 무엇인가요?,안전 제일,공사 중,출입 금지,위험 주의,a
train_2861.jpg,train/train_2861.jpg,서울시정 안내 게시판에 소개된 2026 서울색의 이름은 무엇인가요?,그린포레스트,선샤인오렌지,모닝옐로우,미드나잇블루,c
train_2863.jpg,train/train_2863.jpg,왼쪽에 있는 샴푸 제품의 이름은 무엇인가요?,퍼펙트 휩,스칼프 너리시,녹차실감 샴푸,아크네 케어 진정 클렌징,c
train_2864.jpg,train/train_2864.jpg,이 사진 속 표지판에 적힌 문구는 무엇인가요?,주차금지 협조 부탁드립니다,주차 가능 구역입니다,차량 출입금지 구역입니다,주차 요금 안내문입니다,a
train_2866.jpg,train/train_2866.jpg,동네술집 메뉴판에 적힌 가격 중에서 가장 비싼 메뉴는 무엇인가요?,계란말이,일품진로,생맥주,청하,b
train_2867.jpg,train/train_2867.jpg,사진 속 맥주 병 라벨에 적힌 맥주 이름은 무엇인가요?,KIRIN LAGER,ASAHI SUPER DRY,SAPPORO BLACK,YEBISU BEER,a
train_2868.jpg,train/train_2868.jpg,테이블 위에 놓인 작은 명패에 적힌 문구는 무엇인가요?,고객 안내,직원 전용,면접 대기자,주문 확인,c
train_2869.jpg,train/train_2869.jpg,이 지하철역 출입구의 번호는 무엇인가요?,3번 출입구,1번 출입구,2번 출입구,4번 출입구,c
train_2870.jpg,train/train_2870.jpg,여름 접심 특선 메뉴 중에서 '갈비냉면'의 가격은 얼마인가요?,"11,000원","13,000원","16,000원","15,000원",d
train_2872.jpg,train/train_2872.jpg,이 실험의 제목은 무엇인가요?,산화-환원 반응 : 요오드 적정,적정법 : 산-염기 적정,표준화 실험 : 중화 적정,산화-환원 적정 : 과망간산법,d
train_2873.jpg,train/train_2873.jpg,사진 속 술 코너에서 'NISHINOSEKI'라는 제품은 어떤 종류의 술인가요?,독일 맥주,한국 전통 소주,프랑스 와인,일본식 사케,d
train_2874.jpg,train/train_2874.jpg,메뉴판에 나와 있는 '프라페/블렌디드' 음료의 가격은 얼마인가요?,3.0~4.0,2.8~3.5,3.9~4.9,4.5~5.5,c
train_2875.jpg,train/train_2875.jpg,이 컵밥 제품 중에서 '진짬뽕밥'에 대해 어떤 문구가 적혀 있나요?,종이컵,국산쌀 100%,옛날 누룽지,20% UP,d
train_2876.jpg,train/train_2876.jpg,와플 상자 안에 적힌 문구 중 크림에 대한 내용으로 옳은 것은 무엇인가요?,크림은 달콤하게만,크림은 생크림만 사용,크림은 빵과 함께,크림 하나에도 진심,d
train_2877.jpg,train/train_2877.jpg,다음 중 이 이미지에 적힌 경고문 내용으로 맞는 것은 무엇인가요?,경고! 이곳은 고압 전기 시설이 있습니다.,잠깐! 전방에 공사장 출입구가 있습니다. 안전을 위해 주위를 둘러보세요!,알림! 이곳은 강남구청 관할 구역입니다.,주의! 이 지역은 출입금지 구역입니다.,b
train_2878.jpg,train/train_2878.jpg,이 간판에 적힌 가게 이름은 무엇인가요?,삼계탕,닭갈비,한식당,백숙,a
train_2880.jpg,train/train_2880.jpg,"이 식당에서 1인분 가격이 18,000원인 메뉴는 무엇인가요?",버섯두부전골,청국장/들깨옹심이,팥순두부전골,콩박사정식,d
train_2881.jpg,train/train_2881.jpg,이 커피땅콩 제품의 무게는 얼마인가요?,750g,500g,700g,650g,d
train_2882.jpg,train/train_2882.jpg,이 사진 속 1층에 있는 가게 이름은 무엇인가요?,축성돼지,7-ELEVEN,Brewda,정성한의원,c
train_2883.jpg,train/train_2883.jpg,이 건물에 입주한 금융기관의 이름은 무엇인가요?,MG새마을금고,우리은행,제오금융공인중개사,KB국민은행,a
train_2885.jpg,train/train_2885.jpg,이 건물의 간판에 적힌 상호명은 무엇인가요?,서울마트,대한약국,한마음,동아인탁,d
train_2886.jpg,train/train_2886.jpg,이 건물 옥상에 있는 큰 조형물은 무엇인가요?,고질라 머리,곰 인형,곰돌이 푸,킹콩 머리,a
train_2887.jpg,train/train_2887.jpg,이 건물의 상단에 적힌 글자는 무엇인가요?,SEOUL NATIONAL UNIVERSITY,SEOUL GRANDPARK,SEOUL CITY MUSEUM,SEOUL ART CENTER,b
train_2888.jpg,train/train_2888.jpg,방수용 기구함 사용법 중 세 번째 단계는 무엇인가요?,불 끄기,밸브닫기,밸브열기,호스 빼내기,a
train_2890.jpg,train/train_2890.jpg,사진 속 지구본에 적힌 글자는 무엇인가요?,UNIVERSALITY,UNIVERSAL,UNIVERSITY,UNIVERSE,b
train_2891.jpg,train/train_2891.jpg,이 건물에 임대 중인 공간은 무엇인가요?,매장,카페,주차장,사무실 원룸,d
train_2892.jpg,train/train_2892.jpg,다음 중 이미지 속에서 '버터링 골드' 과자의 가격은 얼마인가요?,"4,580원","3,180원","5,440원","3,680원",d
train_2893.jpg,train/train_2893.jpg,'인왕산 수성동 계곡' 안내판에 적힌 내용 중 이 계곡이 위치한 산 이름은 무엇인가요?,관악산,인왕산,북한산,도봉산,b
train_2894.jpg,train/train_2894.jpg,이 가게에서 최조끼련닝은 얼마에 판매되고 있나요?,"5,500원","2,000원","2,500원","5,000원",b
train_2895.jpg,train/train_2895.jpg,이 건물에 있는 노란색 간판에 적힌 내용은 무엇인가요?,대구감골프,삼성성 의원,힐링 사우나 & 휘트니스,애플치과 2F,c
train_2896.jpg,train/train_2896.jpg,후렉스 밴드 제품 상자에 적힌 밴드 크기는 무엇인가요?,8 x 4 cm,7.0 x 3.5 cm,6.5 x 3 cm,7.6 x 3.8 cm,d
train_2897.jpg,train/train_2897.jpg,이 신사에 적힌 이름은 무엇인가요?,?荷明神社,神明?荷神社,明??荷神社,明治神社,c
train_2898.jpg,train/train_2898.jpg,이 음료의 단백질 함량은 얼마인가요?,10g,15g,30g,21g,d
train_2900.jpg,train/train_2900.jpg,사진 속 '알뜰 쇼핑 정보' 안내문에 따르면 행사 기간은 언제부터 언제까지인가요?,10/15 ~ 10/25,11/1 ~ 11/15,10/26 ~ 11/1,10/1 ~ 10/15,c
train_2901.jpg,train/train_2901.jpg,이 제품의 가격은 얼마인가요?,500엔,600엔,450엔,540엔,a
train_2902.jpg,train/train_2902.jpg,이 장비에 붙어 있는 노란색 안내문에 언급된 강의장은 어디인가요?,"301호, 302호, 303호, 304호 강의장","101호, 102호, 103호, 104호 강의장","201호, 202호, 203호, 204호 강의장","401호, 402호, 403호, 404호 강의장",c
train_2904.jpg,train/train_2904.jpg,사진 속 파란색 표지판에 적혀 있는 내용은 무엇인가요?,장안문방향 주차장,장안문방향 횡단보도,장안문방향 버스정류장,장안문방향 신호등,d
train_2906.jpg,train/train_2906.jpg,이 표지판에서 '자갈치'까지의 거리는 얼마인가요?,1.8 km,17 km,8 km,4.3 km,a
train_2907.jpg,train/train_2907.jpg,이 건물에 있는 PC방의 이름은 무엇인가요?,ADT PC,한솔 PC,맥드림 PC,파트너스 PC,c
train_2908.jpg,train/train_2908.jpg,이 사진 속 자판기들이 위치한 곳은 어디인가요?,기차역 플랫폼,병원 내부,쇼핑몰 입구,학교 운동장,a
train_2910.jpg,train/train_2910.jpg,이 건물에 입주해 있는 병원 이름은 무엇인가요?,법무법인 로하스,블라비의원,근로복지공단 구미의원,스핀볼링,b
train_2911.jpg,train/train_2911.jpg,이 위스키 병 라벨에 적힌 숙성 기간은 얼마인가요?,18년,12년,15년,10년,c
train_2915.jpg,train/train_2915.jpg,이 음식점에서 판매하는 두 가지 버거 이름은 무엇인가요?,"불고기 버거, 치즈버거","불고기 버거, 데리버거","핫 크리스피 버거, 데리버거","핫 크리스피 버거, 치즈버거",c
train_2916.jpg,train/train_2916.jpg,이 장소에서 주차가 금지된 이유는 무엇인가요?,주차 공간이 부족해서,소방차 전용 구역이기 때문에,비상송수관 앞이기 때문에,인근 주민 요청으로,c
train_2917.jpg,train/train_2917.jpg,사진 속 검은 칠판에 적힌 문구 중 옳은 내용은 무엇인가요?,CANNABIS IS NOW ILLEGAL!,CANNABIS IS STILL ILLEGAL!,CANNABIS IS NOW LEGAL!,CANNABIS IS STILL LEGAL!,d
train_2918.jpg,train/train_2918.jpg,야구장 전광판에 표시된 'JUNG JOOBIN' 선수의 기록 중 총 루타(TOTAL BASES) 수는 얼마인가요?,2000,2500,1000,1500,a
train_2919.jpg,train/train_2919.jpg,이미지에 나온 임윤찬 씨가 만든 플레이리스트의 이름은 무엇인가요?,J. S. Bach Playlist,클로드 Playlist,몽땅 Playlist,30년 차 Playlist,a
train_2920.jpg,train/train_2920.jpg,사진 속 노란색 배에 적혀 있는 글자는 무엇인가요?,DOTON,OSAKA,TOKYO,KOBE,a
train_2922.jpg,train/train_2922.jpg,3CE 드롭 글로우 젤의 현재 할인된 가격은 얼마인가요?,"18,000원","12,700원","10,000원","15,300원",b
train_2923.jpg,train/train_2923.jpg,이 표지판에 적힌 주의사항은 무엇인가요?,개가 위험하니 가까이 가지 마세요,출입 금지 구역입니다,낙석 주의 구역입니다,가끔 뱀이 나와요 조심하세요,d
train_2924.jpg,train/train_2924.jpg,사진에 보이는 빨간 간판에 적힌 음식점 이름은 무엇인가요?,KYOCHEON 1991,용대문 엽기떡볶이,P CAFE,집우곱창,b
train_2926.jpg,train/train_2926.jpg,스크린에 보이는 영상 중 '20분 총정리'라는 문구가 적힌 영상의 제목은 무엇인가요?,오디세이 20분 총정리,클로드 사용법 20분 총정리,30년차 영화평론가 20분 총정리,오디세이 특강 20분 총정리,a
train_2927.jpg,train/train_2927.jpg,이 곳 벽에 적혀 있는 문구는 무엇인가요?,WELCOME TO OUR CAFE,PLEASE KEEP THE AREA CLEAN,ENJOY YOUR COFFEE AND ENJOY YOURSELF,ENJOY YOUR MEAL AND HAVE FUN,c
train_2929.jpg,train/train_2929.jpg,이 가게의 이름은 무엇인가요?,명랑핫도그 옥수수,명랑핫도그 밀,명랑핫도그 감자,명랑핫도그 쌀,d
train_2930.jpg,train/train_2930.jpg,2026년 농식품 바우처 사업 신청은 언제부터 시작되나요?,2026년 1월 1일,2025년 12월 1일,2026년 2월 1일,12월 22일 (월),d
train_2931.jpg,train/train_2931.jpg,노란색 포장지에 적힌 글자는 무엇인가요?,자유시간 Large,자유시간 Maxi,자유시간 Mini,자유시간 Regular,c
train_2932.jpg,train/train_2932.jpg,사진 속 노란색 간판에 적힌 상호명은 무엇인가요?,천지타일 위생도기,성지타일 설비공사,작업복 안전화,단체복의 모든 것,a
train_2933.jpg,train/train_2933.jpg,사진 속 간판에 적힌 Bon Bon Berry 제품의 가격은 얼마인가요?,650엔,"1,200엔","1,000엔",850엔,d
train_2934.jpg,train/train_2934.jpg,이 도로의 주차 금지 표지판 아래에 적힌 내용 중 벌금은 얼마인가요?,5만원,10만원,12만원,8만원,d
train_2935.jpg,train/train_2935.jpg,사진에 보이는 수제버거의 가격은 얼마인가요?,6900원,3900원,5900원,4900원,d
train_2937.jpg,train/train_2937.jpg,소화전 사용법에서 '벨브열기' 다음에 해야 할 행동은 무엇인가요?,호스 감기,불 끄기,호스 빼내기,벨브닫기,b
train_2939.jpg,train/train_2939.jpg,이 기둥에 붙어 있는 광고 중에서 연락처가 '010-3648-5950'인 업종은 무엇인가요?,일호지게차,무료대출,위성박사,달 스카이,a
train_2940.jpg,train/train_2940.jpg,이 음식점의 위생등급은 무엇인가요?,보통,불량,우수,매우 우수,d
train_2941.jpg,train/train_2941.jpg,"노우아파트에서 단독경보형감지기 무상설치 안내문에 따르면, 단독경보형감지기 무상 지원 사업의 신청 기간은 언제까지인가요?",2026년 7월 1일 ~ 7월 31일,2026년 8월 4일 ~ 8월 20일,2026년 9월 1일 ~ 9월 30일,2026년 6월 15일 ~ 7월 15일,b
train_2943.jpg,train/train_2943.jpg,"이 표지판에 따르면, 교육환경보호구역 내에서 제한되는 행위가 아닌 것은 무엇인가요?",오염물질 배출,위험물질 사용,흡연,유해시설 설치,c
train_2945.jpg,train/train_2945.jpg,이 사진에 보이는 책 중에서 '밤의 군대들'의 저자는 누구인가요?,노먼 메일러,허균,단테 알리기에리,윌리엄 포크너,a
train_2947.jpg,train/train_2947.jpg,이 간판에 적힌 상호명은 무엇인가요?,소리지움,아림장식,HYUNDAI,현대 L&C,b
train_2949.jpg,train/train_2949.jpg,이 가게의 이름은 무엇인가요?,꽃게밥집 안마도,안마도 꽃게밥도둑,안마도 게밥집,꽃게밥 도둑나라,b
train_2950.jpg,train/train_2950.jpg,이 피규어들의 가격표에 적힌 가격은 얼마인가요?,"?2,450","?5,500","?4,950","?3,500",c
train_2951.jpg,train/train_2951.jpg,이 과자의 이름은 무엇인가요?,레인보우 츄잉캔디,초코볼,컬러풀 젤리,과일맛 캔디,a
train_2952.jpg,train/train_2952.jpg,이 사진 속 MIZUHO 건물의 큰 광고판에 적힌 금액은 얼마인가요?,"500,000","50,000","5,000","30,000",b
train_2953.jpg,train/train_2953.jpg,미닉스 더 에어드라이 제품 박스에 적힌 '표준/대용량' 세탁 가능 무게는 얼마인가요?,4/5kg,5/6kg,2/3kg,3/4kg,a
train_2954.jpg,train/train_2954.jpg,기본메뉴에 있는 튀김 가격 중 3개 튀김의 가격은 얼마인가요?,"1,000","2,500","2,000","3,000",b
train_2956.jpg,train/train_2956.jpg,이 간판에 적힌 가게 이름은 무엇인가요?,KING JUICE,JUICE QUEEN,QUEEN JUICE,JUICE KING,d
train_2957.jpg,train/train_2957.jpg,이 뮤지컬 포스터에 적힌 뮤지컬 제목은 무엇인가요?,슬픈남자,노래하는남자,웃는남자,행복한남자,c
train_2958.jpg,train/train_2958.jpg,이 사진에 보이는 역 이름은 무엇인가요?,부산역,광주역,서울역,순천역,d
train_2960.jpg,train/train_2960.jpg,사진 속 노란 안내판에 적힌 내용 중 '집밥' 가게까지의 거리는 얼마인가요?,10m,20m,40m,30m,b
train_2961.jpg,train/train_2961.jpg,이 건물에 적힌 병원 이름은 무엇인가요?,한강서울병원,갑을녹산병원,동래중앙병원,부산대학병원,b
train_2962.jpg,train/train_2962.jpg,덕명남성컷트에서 컷트+염색 서비스 가격은 얼마인가요?,"40,000원","30,000원","10,000원","25,000원",b
train_2963.jpg,train/train_2963.jpg,사진 속 배너에 적힌 'Pat bingsu'는 무엇을 의미하나요?,이탈리아 젤라또,한국식 팥빙수 (팥이 들어간 얼음 디저트),중국식 빙수,일본 전통 디저트,b
train_2964.jpg,train/train_2964.jpg,이 사진 속 레코드 앨범의 제목은 무엇인가요?,TEEN TROUBLES,BLACK SKIRTS,THE BLACK SKIRTS,NOW PLAYING,a
train_2965.jpg,train/train_2965.jpg,이 식당 '메밀당'의 메뉴로 적혀 있지 않은 것은 무엇인가요?,김치찌개,숯불구이,막국수,메밀쌈,a
train_2966.jpg,train/train_2966.jpg,"이 사진 속 안내문에 따르면, 광고물을 부착할 경우 부과될 수 있는 과태료는 얼마인가요?",15만원 이하,10만원 이하,20만원 이하,5만원 이하,b
train_2967.jpg,train/train_2967.jpg,사진에 보이는 건물에 적힌 '성형외과' 전화번호는 무엇인가요?,02-922-7575,02-123-4567,010-9876-5432,031-555-1234,a
train_2968.jpg,train/train_2968.jpg,이 맥주 잔에 적힌 상호명은 무엇인가요?,GUINNESS,BUDWEISER,CARLSBERG,HEINEKEN,a
train_2974.jpg,train/train_2974.jpg,화면에 표시된 실습 과제에서 3개의 LED를 몇 비트 레지스터처럼 사용하라고 하고 있나요?,1비트,2비트,4비트,3비트,d
train_2978.jpg,train/train_2978.jpg,편지지에 적힌 내용 중 빈칸에 들어갈 말은 무엇인가요?,걷는지,걷는지 잘될거야 너를 응원해,"걷는지 잘될거야, 너를 응원해",걷는지 잘될거야,c
train_2979.jpg,train/train_2979.jpg,이 영화 관람권에 적힌 영화 제목은 무엇인가요?,러닝타임 85분,인디플러스 영화의전당,사랑의 5도(인디스데이),15세 관람가,c
train_2980.jpg,train/train_2980.jpg,"사진에 보이는 상점 중 '문구, 사무용품'을 판매하는 가게의 이름은 무엇인가요?",홍플키친,ACE BASIC,이레 문구 서점,복권판매점,c
train_2981.jpg,train/train_2981.jpg,화이트보드에 파란색 펜으로 적혀 있는 문구는 무엇인가요?,우리는 할 수 있다,우리는 할 수 없다,나는 할 수 없다,나는 할 수 있다,a
train_2982.jpg,train/train_2982.jpg,이 안내문에 따르면 매장 내 사용이 금지된 것은 무엇인가요?,다회용 컵,종이 빨대,1회용 컵,종이 포크,c
train_2983.jpg,train/train_2983.jpg,사진 속 메뉴에서 '지금이 가장 맛있는' 음식은 무엇인가요?,비빔밥,불고기,김치찌개,붓카케 우동,d
train_2986.jpg,train/train_2986.jpg,사진 속 두 티 박스에 적힌 차 종류는 무엇인가요?,녹차(Green tea),홍차(Black tea),허브차(Herbal tea),우롱차(Oolong tea),b
train_2987.jpg,train/train_2987.jpg,이 가게 유리창에 적힌 문구는 무엇인가요?,ENJOY YOUR BONTIME,BEST SNACKS HERE,WELCOME TO OUR STORE,HAVE A NICE DAY,a
train_2988.jpg,train/train_2988.jpg,이 방의 벽에 붙어 있는 5반 무야호 포스터에 적힌 내용이 아닌 것은 무엇인가요?,과자 매일 먹기,공손한 말씨 쓰기,혼자서 생각하지 않기,지각하지 않기,a
train_2989.jpg,train/train_2989.jpg,이 건물 입구에 적혀 있는 이름은 무엇인가요?,TOWER D,TOWER A,TOWER C,TOWER B,a
train_2991.jpg,train/train_2991.jpg,이미지 속 옥수수 주물럭의 가격은 얼마인가요?,"\2,000","\1,500",\500,"\1,000",d
train_2992.jpg,train/train_2992.jpg,노란색 표지판에 적힌 내용으로 맞는 것은 무엇인가요?,주차는 10분 이내만 허용됩니다,이 지역은 CCTV가 설치되어 있지 않습니다,주차 금지 구역입니다,불법주·정차 CCTV 단속중,d
train_2993.jpg,train/train_2993.jpg,화면에 보이는 글자는 무엇인가요?,스트레스 OUT,텐션 UP,에너지 DOWN,기분 GOOD,b
train_2994.jpg,train/train_2994.jpg,맛나식당에서 가장 저렴한 메뉴는 무엇인가요?,계란말이,김치전,떡국,김밥,d
train_2995.jpg,train/train_2995.jpg,이 컵에 적힌 문구는 무엇인가요?,A TWOSOME PLACE,COFFEE BEAN,HOLLYS COFFEE,STARBUCKS,a
train_2996.jpg,train/train_2996.jpg,이 골목 상가를 지정한 명칭은 무엇인가요?,꽃돼,인동로데오상가 골목형상점가 지정,전국제일순대,LIVE CAFE MUSIC CLUB,b
train_2997.jpg,train/train_2997.jpg,이 사진에 보이는 도로 표지판에서 '대전동물원' 방향을 나타내는 표지판의 그림은 무엇인가요?,코끼리,호랑이,사자,기린,a
train_2998.jpg,train/train_2998.jpg,이 문서에서 'R 현실형' 유형의 A 세부 키워드는 무엇인가요?,데이터 기반으로 객관적으로 소통하는,새로운 오픈소스와 아키텍처를 우연하게 도입하는,아이디어를 시각화하여 코드로 구현하는,팀원들에게 심리적 안정감과 신뢰를 주는,c
train_3000.jpg,train/train_3000.jpg,이 간판에 적혀 있는 식당의 이름은 무엇인가요?,SILVER THAI,GOLDEN KOREA,THAI GOLDEN,GOLDEN THAI,d
train_3001.jpg,train/train_3001.jpg,이 건물에 있는 센터의 이름은 무엇인가요?,공덕 실버복지센터,공덕 베이비시터,행복주택,서울 어린이집,a
train_3002.jpg,train/train_3002.jpg,취업지원 서비스의 단계별 취업지원 프로그램 중 Step 3에 해당하는 내용은 무엇인가요?,취업 역량 강화,맞춤형 취업 컨설팅,JOB 매칭,자기이해 및 진로 설정,b
train_3004.jpg,train/train_3004.jpg,이 건물에 있는 한 음식점의 상호명은 무엇인가요?,43 Bar,춘리마라탕,설빙,한판,b
train_3005.jpg,train/train_3005.jpg,이 지하철역의 역 번호는 무엇인가요?,220,222,219,221,d
train_3006.jpg,train/train_3006.jpg,이 사진 속 광고판에 적힌 맥주 브랜드 이름은 무엇인가요?,Kirin,Sapporo,Yebisu,Asahi,d
train_3007.jpg,train/train_3007.jpg,이 사진에 보이는 상호명 중 '국금거래소'가 적힌 간판은 어디에 있나요?,건물 2층 오른쪽에 위치해 있다,건물 1층 중앙에 위치해 있다,건물 옥상에 위치해 있다,건물 3층 왼쪽에 위치해 있다,b
train_3008.jpg,train/train_3008.jpg,이너시아 더프리즘 3P 중형 생리대 2개를 얼마에 살 수 있나요?,"4,900원","5,900원","6,900원","3,900원",a
train_3009.jpg,train/train_3009.jpg,1980년 일본이 강화한 교과서 검정제도의 주요 내용은 무엇인가요?,일본 중심의 역사를 강조하고 주변국 역사를 왜곡하는 교과서를 제작하였다.,역사 교과서 내용에 대한 검열을 완화하였다.,일본과 한국 역사를 동일하게 다루는 교과서를 제작하였다.,한국 중심의 역사를 강조하는 교과서를 제작하였다.,a
train_3010.jpg,train/train_3010.jpg,이 제품의 이름은 무엇인가요?,마리오 스타터팩,피치 공주 스타터팩,요시 스타터팩,루이지 스타터팩,b
train_3011.jpg,train/train_3011.jpg,다음 중 '왕 오징어 순대'에 관한 설명으로 맞는 것은 무엇인가요?,인기 메뉴로 포장용으로 판매된다,껍질이 없는 튀김이다,아이들이 좋아하는 손님 메뉴이다,"1개에 1,500원에 판매된다",a
train_3012.jpg,train/train_3012.jpg,위 이미지의 상단 간판에 소개된 책의 제목은 무엇인가요?,황현필의 진보를 위한 역사,올바른 역사관을 가지고 살아야 한다,기억하는 자가 사라지면 역사는 왜곡된다,"선생님, 경고가 많아요. 우리가 있잖아요!",a
train_3014.jpg,train/train_3014.jpg,"이 수납함의 가로, 세로, 높이 중 가장 긴 길이는 얼마인가요?",약 44cm,약 27.5cm,약 26cm,약 33cm,a
train_3015.jpg,train/train_3015.jpg,인천보훈병원 순환버스 승강장은 어디에 있나요?,뒤쪽 방향 20m 앞,오른쪽 방향 50m 앞,직진 100m 앞,왼쪽 방향 30m 앞,b
train_3016.jpg,train/train_3016.jpg,이 건물의 역명은 무엇인가요?,난바역,오사카 아베노바시역,우메다역,신오사카역,b
train_3017.jpg,train/train_3017.jpg,이 식당의 이름은 무엇인가요?,FIVE GUYS BURGER,FIVE GUYS,FOUR GUYS,FIVE GUYS CAFE,b
train_3018.jpg,train/train_3018.jpg,이 건물 간판에 적힌 공인중개사 사무소 이름은 무엇인가요?,다온 부동산 중개사무소,엔터 공인중개사 사무소,스마트 부동산,행복한 집 공인중개사,b
train_3019.jpg,train/train_3019.jpg,이 건물 1층에 있는 가게 이름으로 옳은 것은 무엇인가요?,고리별,노작 스터디카페,노작 포차,현포차,d
train_3020.jpg,train/train_3020.jpg,다음 중 초록색 포장의 아이스크림 이름은 무엇인가요?,포도젤로,메가톤 쫀득 바나나,초코멜로,메가톤 쫀득 멜론,d
train_3021.jpg,train/train_3021.jpg,이 사진 속에서 '미국에 간 땡땡' 책의 가격은 얼마인가요?,7500원,27000원,15000원,10000원,b
train_3022.jpg,train/train_3022.jpg,이 제품의 가격은 얼마인가요?,"2,900원","3,500원","3,190원","3,980원",c
train_3023.jpg,train/train_3023.jpg,이 식당 간판에 적힌 상호명은 무엇인가요?,강릉교동 짬뽕집,교동짬뽕 분점,원조 강릉교동반점 본점,강릉짬뽕 전문점,c
train_3024.jpg,train/train_3024.jpg,더벤티 구미인동점에서 아메리카노 한 잔 가격은 얼마인가요?,"2,500원","1,800원","1,500원","2,000원",c
train_3025.jpg,train/train_3025.jpg,이 사진에 보이는 건물에 적힌 간판의 상호명은 무엇인가요?,한식당,아주식당,행복식당,맛있는집,b
train_3026.jpg,train/train_3026.jpg,이 표지판에 적힌 엘리베이터 홀 번호는 무엇인가요?,5·6·7호기,4·5·6호기,7·8·9호기,6·7·8호기,d
train_3028.jpg,train/train_3028.jpg,이 제품의 이름은 무엇인가요?,고구마 스낵,군고구마 말랭이,달콤한 고구마,구운 고구마칩,b
train_3030.jpg,train/train_3030.jpg,사진에 보이는 흰색 봉투에 적힌 어린이 운동 활동 지원 사업 이름은 무엇인가요?,GOGO SING,성동구 보건소,서울특별시 성동구 마장로23길 10,어린이 운동 활동 지원 사업,a
train_3031.jpg,train/train_3031.jpg,이 전시회 포스터에 따르면 전시 기간은 언제부터 언제까지인가요?,2025. 10. 14. MON. ~ 2026. 3. 15. SUN.,2025. 11. 14. FRI. ~ 2026. 3. 15. SUN.,2024. 11. 14. FRI. ~ 2025. 3. 15. SUN.,2026. 11. 14. FRI. ~ 2027. 3. 15. SUN.,b
train_3032.jpg,train/train_3032.jpg,이미지에 적힌 '플레이 플레이트'에 관한 설명 중 맞는 것은 무엇인가요?,"자석을 캔버스에 착!붙이고, 완성된 우리들만의 세상을 마음껏 자랑해 보세요!",플레이 플레이트는 맛있는 음식을 파는 식당입니다.,플레이 플레이트는 운동 기구를 판매하는 곳입니다.,플레이 플레이트는 전자제품 수리점입니다.,a
train_3034.jpg,train/train_3034.jpg,이 건물에 입원실이 있다고 안내하는 곳은 어디인가요?,연세 부부치과 의원,경희 365 한의원,원종역 마디튼튼 의원,곡내과 상담소 운문,b
train_3035.jpg,train/train_3035.jpg,이 건물은 무엇이라고 적혀 있나요?,서울중앙교회,강남성당,신촌장로교회,한강교회,c
train_3037.jpg,train/train_3037.jpg,이 이미지에서 쿠키 2개와 크로플 2개의 가격은 얼마인가요?,"3,000원","4,000원","2,000원","5,000원",a
train_3038.jpg,train/train_3038.jpg,"""""시범사업""""이 실시되는 날짜는 언제인가요?",2026년 4월 22일,2025년 4월 22일,2026년 2월 22일,2023년 4월 22일,a
train_3039.jpg,train/train_3039.jpg,이 주차장 요금은 어떻게 되나요?,"30분당 주차요금 1,000원","1시간 주차요금 5,000원","30분당 주차요금 2,000원","1일 주차요금 10,000원",c
train_3040.jpg,train/train_3040.jpg,첫 번째 책 제목은 무엇인가요?,오염된 재판 THE INNOCENT,CONVICTING THE INNOCENT 오염된 재판,THE INNOCENT CONVICTING 재판의 오류,THE INNOCENT 재판의 오류,b
train_3041.jpg,train/train_3041.jpg,이 이미지에 있는 은행의 이름은 무엇인가요?,우리은행,하나은행,국민은행,신한은행,a
train_3043.jpg,train/train_3043.jpg,이 문구는 어느 층 EPS실에 해당하는가?,2층 EPS실 - A,5층 EPS실 - D,4층 EPS실 - C,3층 EPS실 - B,d
train_3044.jpg,train/train_3044.jpg,사진 속 건물 옆 간판에 적힌 업종은 무엇인가요?,철물점,건축 & 리모델링,부동산 중개업,카페 & 베이커리,b
train_3045.jpg,train/train_3045.jpg,이 식당의 상호명은 무엇인가요?,오늘 부산 돼지고기,어제 김해 앞고기,내일 서울 갈비,오늘 김해 뒷고기,d
train_3046.jpg,train/train_3046.jpg,이 제품의 정격 전원은 무엇인가요?,110 V~ 50 Hz,220 V~ 50 Hz,110 V~ 60 Hz,220 V~ 60 Hz,d
train_3047.jpg,train/train_3047.jpg,이 경기장 전광판 상단에 쓰여진 문구는 무엇인가요?,승리를 향해 전진하자,한계를 넘어 더욱 위대하게,우리 팀 파이팅!,끝까지 최선을 다하자,b
train_3048.jpg,train/train_3048.jpg,이 식당 간판에 적힌 전화번호는 무엇인가요?,135-1,662-0038,662-3380,662-0338,d
train_3049.jpg,train/train_3049.jpg,이미지에 보이는 '속에콜' 제품의 주된 효능은 무엇인가요?,감기 증상 완화,소화 불량 치료,변비 개선,두통 완화,b
train_3053.jpg,train/train_3053.jpg,세 장의 카드 중에서 '포기하지 말라냥!'이라고 적혀 있는 카드는 어떤 동물이 그려져 있나요?,고양이,토끼,강아지,곰,d
train_3054.jpg,train/train_3054.jpg,이 건물 옆에 적힌 회사 이름은 무엇인가요?,한화건설,한화전자,한화에너지,한화전력,d
train_3055.jpg,train/train_3055.jpg,누텔라 비스킷의 가격은 얼마인가요?,"1,500원","12,000원","18,800원","2,000원",b
train_3057.jpg,train/train_3057.jpg,이 건물 1층에 위치한 '호재부동산'은 어떤 전문 분야를 다루고 있나요?,상가 전문,주택 매매 전문,사무실 임대 전문,토지 매매 전문,a
train_3058.jpg,train/train_3058.jpg,이 문에 붙어 있는 경고문에 적힌 내용은 무엇인가요?,출입 금지 구역입니다,반대편 사람 주의! 문 뒤에 사람이 있을 수 있습니다,문을 세게 당기지 마세요,화재 발생 시 문을 닫으세요,b
train_3059.jpg,train/train_3059.jpg,사진 속 햄버거 포장지에 적힌 메뉴 이름 중 맞는 것은 무엇인가요?,더블 치즈버거,스파이시 치킨버거,불고기 버거,패치킨 모짜렐라,d
train_3060.jpg,train/train_3060.jpg,이 건물 외벽에 적힌 회사명은 무엇인가요?,BYSOL,BUSOL,BYSOLUTIONS,BUSINESS SOLUTIONS,a
train_3061.jpg,train/train_3061.jpg,사진 속 종이에 표시된 'Run-Time'은 무엇을 의미하나요?,난이도 레벨,게임 또는 활동의 소요 시간,총 점수,참가자 수,b
train_3062.jpg,train/train_3062.jpg,사진 속 종이에 적힌 문구는 무엇인가요?,어묵은 냉장 보관 중,어묵은 유료입니다,어묵은 1인당 3개 제한,어묵 서비스 마음껏 드세요,d
train_3063.jpg,train/train_3063.jpg,다음 중 '김영천 수학 학원' 간판에 적힌 문구로 옳은 것은 무엇인가요?,"배우고, 살며, 꿈꾸는 것이 중요하다.","오늘을 배우고, 내일을 살며, 어제를 꿈꿔라.","내일을 배우고, 어제를 살며, 오늘을 꿈꿔라.","어제를 배우고, 오늘을 살며, 내일을 꿈꿔라.",d
train_3064.jpg,train/train_3064.jpg,이 표지판은 어떤 여권 소지자를 위한 안내입니까?,모든 여권 소지자,한국 여권 소지자,미국 여권 소지자,영국(UK) 여권 소지자,a
train_3066.jpg,train/train_3066.jpg,SSAFY 교육생에게 공지된 내용 중 숙소동 건물 출입이 금지되는 시간은 언제인가요?,연수원 퇴근 후,연수원 휴식시간,연수원 등하교 및 중식시간 외,연수원 등하교 및 중식시간 내,c
train_3067.jpg,train/train_3067.jpg,이 간판에 적힌 글자는 무엇인가요?,무릉,도롱,우동,두통,c
train_3068.jpg,train/train_3068.jpg,빵집 간판에 적힌 문구 중 올바른 것은 무엇인가요?,30대째 빵을 만들어온 집,34대째 빵을 만들어온 집,40대째 빵을 만들어온 집,3대째 빵을 만들어온 집,d
train_3069.jpg,train/train_3069.jpg,이름표에 적힌 이름은 무엇인가요?,진승경,이하늘,박지훈,김민수,a
train_3070.jpg,train/train_3070.jpg,사진 속 '체오미 귓속엔' 제품에 적힌 사용 방법은 무엇인가요?,제품을 뜨거운 물에 담근 후 사용하세요.,정확한 측정을 위해 제품을 수령하신 후 실내에서 1시간 이상 보관 후 사용하세요.,차가운 곳에 보관 후 바로 사용하세요.,제품을 바로 사용해도 무방합니다.,b
train_3071.jpg,train/train_3071.jpg,이 사진에 보이는 건물에 입점해 있는 커피 전문점의 이름은 무엇인가요?,이디야,빽다방,스타벅스,커피빈,c
train_3073.jpg,train/train_3073.jpg,이 건물 외벽에 적힌 상호명은 무엇인가요?,파리바게뜨,COFFEE BEAN,OLIVE YOUNG,스타벅스,c
train_3074.jpg,train/train_3074.jpg,창문에 붙어 있는 포스터에 적힌 문구 중 옳은 것은 무엇인가요?,레고 비즈,FIND MY WISH,MEGA COFFEE,푸른달 왁싱,b
train_3075.jpg,train/train_3075.jpg,이미지 속 비타민 제품 중 하루에 몇 개를 섭취하라는 안내가 적혀 있는가?,1개,5개,2개,3개,a
train_3076.jpg,train/train_3076.jpg,이 역 이름은 무엇인가요?,유노키,후지,오사카,도쿄,b
train_3079.jpg,train/train_3079.jpg,굿윌치과병원에서 턱관절 치료와 관련하여 제공하는 서비스는 무엇인가요?,스케일링,임플란트,치아교정,충치 치료,c
train_3080.jpg,train/train_3080.jpg,이 역에서 나가는 곳 표지판에 적혀 있는 글자는 무엇인가요?,나가는 곳,출구,입구,개찰구,a
train_3081.jpg,train/train_3081.jpg,이 이미지에서 보이는 치킨 전문점의 이름은 무엇인가요?,맘스터치,BHC,bbq OLIVE CHICKEN cafe,KFC,c
train_3082.jpg,train/train_3082.jpg,왼쪽 가게 '짚시'에서 판매하는 주 메뉴는 무엇인가요?,짚불 돼지 바베큐,전통 한식집,생선구이 전문점,질문육이 전문점,a
train_3083.jpg,train/train_3083.jpg,이 글에서 '항상 긍정적인 태도로 임하기'는 몇 번째 항목인가요?,7번째,2번째,5번째,3번째,a
train_3084.jpg,train/train_3084.jpg,이미지에 보이는 '참치 볶음밥' 제품의 용량은 얼마인가요?,180g,200g,167g,150g,c
train_3085.jpg,train/train_3085.jpg,이 정수기에서 볼 수 있는 안내 문구는 무엇인가요?,음료수를 넣지 마세요.,뜨거운 물만 나옵니다.,이물을 버리지 마세요.,필터 교체 중입니다.,c
train_3086.jpg,train/train_3086.jpg,사진 속 아파트 건물에 적힌 이름은 무엇인가요?,대림,글로벌,한성,청운,b
train_3087.jpg,train/train_3087.jpg,이 곳에서 금연 구역임을 알리는 표지판에 적힌 문구는 무엇인가요?,흡연 구역입니다,흡연 가능 구역,금연 No Smoking Area,금연 구역 아님,c
train_3088.jpg,train/train_3088.jpg,"지하철 벽에 붙은 법무법인 프로스 광고에 따르면, 이 법무법인의 변호사들은 어떤 경력을 가지고 있나요?",전원 변호사 출신,전원 경찰 출신,전원 판사 출신,전원 검사 출신,d
train_3089.jpg,train/train_3089.jpg,이 글에서 임승균 작가는 어떤 재료를 주로 사용한다고 했나요?,산책을 하며 얻는 자연이나 일상에서 흔히 볼 수 있는 재료,해외에서 수입한 희귀한 재료,디지털 사진과 영상 자료,공장에서 만든 인공 재료,a
train_3091.jpg,train/train_3091.jpg,사진 속 건물에 적힌 상호명은 무엇인가요?,현대자동차,스팀봄,진영모터스 & 오토케어,서울카서비스,c
train_3092.jpg,train/train_3092.jpg,이 사진 속 간판 중에서 '허리케인 복싱'과 관련된 내용으로 옳은 것은 무엇인가요?,허리케인 복싱은 소프트웨어 회사이다,허리케인 복싱은 1층에 있다,허리케인 복싱은 노래 연습장이다,허리케인 복싱은 3층에 위치해 있다,d
train_3095.jpg,train/train_3095.jpg,이 건물에 있는 가게 이름으로 옳은 것은 무엇인가요?,올컴조명,패럴랙스,지엔비,RED DOT,a
train_3096.jpg,train/train_3096.jpg,이 건물 꼭대기에 표시된 회사 이름은 무엇인가요?,SK,KT,LG,GS,d
train_3097.jpg,train/train_3097.jpg,이 건물에서 'NIKE' 매장은 몇 층에 있나요?,10층,11층,9층,6층,a
train_3098.jpg,train/train_3098.jpg,이 약품 포장지에 적힌 제품명은 무엇인가요?,콜록,기침감기,12캡슐,코프연질캡슐,a
train_3099.jpg,train/train_3099.jpg,이미지 속 마우스 패드에 적힌 문구 중 올바른 것은 무엇인가요?,Let's Grow Fast!,Let's Grow Together!,Let's Grow Apart!,Let's Grow Alone!,b
train_3100.jpg,train/train_3100.jpg,이 버스정류장에 정차하는 버스 노선 중 번호가 700번대인 것은 무엇인가요?,700,470,89,270,a
train_3101.jpg,train/train_3101.jpg,8월 12일 수요일 중식 메뉴에 포함되지 않은 음식은 무엇인가요?,제육볶음,오징어 까스,불고기,미역국,c
train_3102.jpg,train/train_3102.jpg,이 순위표에서 경기가 35경기인 팀은 어느 팀인가요?,맨체스터 시티 FC,맨체스터 유나이티드 FC,첼시 FC,리버풀 FC,b
train_3103.jpg,train/train_3103.jpg,엘리베이터 안전수칙에서 '반려동물'에 대해 안내한 내용은 무엇인가요?,반려동물은 목줄 없이 함께 타도 무방합니다.,반려동물은 반드시 밖에 두고 타십시오.,반려동물은 엘리베이터를 이용할 수 없습니다.,반려동물은 반드시 안고 타십시오. 목줄이 문틈에 끼이면 위험합니다.,d
train_3105.jpg,train/train_3105.jpg,이 도시락 브랜드가 강조하는 소스의 특징은 무엇인가요?,즉석에서 만든 신선한 소스,24시간 숙성한 중독되는 감칠맛 숙성소스,저염분 건강 소스,매운맛이 강한 특제 소스,b
train_3106.jpg,train/train_3106.jpg,피코크 파슬리 9g의 가격은 얼마인가요?,"3,200원","5,000원","4,180원","4,640원",c
train_3108.jpg,train/train_3108.jpg,오트밀드 프로틴 커피쉐이크 제품에 적힌 'ZERO SUGAR'의 의미는 무엇인가요?,설탕이 많이 들어있다,설탕이 전혀 들어있지 않다,설탕 대신 꿀이 들어있다,설탕이 적당히 들어있다,b
train_3109.jpg,train/train_3109.jpg,시내버스 114번 노선의 첫 출발 시간은 언제인가요?,07:44,08:34,09:39,07:19,d
train_3110.jpg,train/train_3110.jpg,이 가게의 상호명은 무엇인가요?,송세원 붕어빵,송세원 찐빵,송세원 호떡,송세원 만두,b
train_3111.jpg,train/train_3111.jpg,이 쓰레기 분리수거함 중에서 '플라스틱' 쓰레기를 버려야 하는 곳은 어느 것인가요?,페트병(생수),종이류,플라스틱,비닐류,c
train_3112.jpg,train/train_3112.jpg,이 가게의 상호명은 무엇인가요?,행복김밥,청춘김밥,맛있는김밥,달달김밥,d
train_3113.jpg,train/train_3113.jpg,사진 속 종이에 적힌 문구 중 맞는 것은 무엇인가요?,오늘 카나나와 힘든 하루를 보냈다.,오랜만에 날씨가 너무 좋았다.,4월 24일 토요일,날씨 흐림,b
train_3116.jpg,train/train_3116.jpg,사진 속 에어컨 실외기 브랜드는 무엇인가요?,캐리어,위니아,삼성,LG,a
train_3117.jpg,train/train_3117.jpg,대왕판교로 606번길은 어느 방향으로 가야 합니까?,직진,왼쪽,오른쪽,뒤로,b
train_3121.jpg,train/train_3121.jpg,이 사진에 보이는 '주차 금지' 표지판의 의미는 무엇인가요?,주차 시 요금을 지불해야 한다,해당 구역에서만 주차가 허용된다,주차는 가능하지만 1시간만 허용된다,해당 구역에서 차량 주차가 금지되어 있다,d
train_3123.jpg,train/train_3123.jpg,사진에 보이는 '강남미소약국' 간판 옆에 붙어 있는 주황색 안내판에는 어떤 내용이 적혀 있나요?,주차 금지 구역,불법 주·정차 CCTV 단속중,소방차 전용 구역,주차 가능 구역,b
train_3124.jpg,train/train_3124.jpg,이 건물 외벽에 새로 오픈할 음식점에서 판매할 메뉴가 아닌 것은?,SALADS,BOWLS,BURRITOS,PIZZA,d
train_3125.jpg,train/train_3125.jpg,이미지 속에서 팔리고 있는 빵 중 'TRUFFLE SALT BREAD'의 가격은 얼마인가요?,3.5,6.0,5.8,3.8,d
train_3126.jpg,train/train_3126.jpg,이 비석에 적힌 글귀는 무엇을 기념하기 위한 것인가요?,자각사 6월민주항쟁 기념비,자각사 5.18민주화운동 기념비,자각사 독립운동 기념비,자각사 평화의 날 기념비,a
train_3127.jpg,train/train_3127.jpg,사진 속 터널 입구 위에 적혀 있는 '지역방위 주역'으로 언급된 지역이 아닌 것은?,용인,오산시,수원,화성,a
train_3128.jpg,train/train_3128.jpg,이 건물에 있는 치과 이름은 무엇인가요?,김준형치과,김진형치과,김준희치과,김태형치과,a
train_3129.jpg,train/train_3129.jpg,사진 속 노란색 등불에 적힌 은행 이름은 무엇인가요?,カ?フィックス,三井住友銀行,丸越,?立って,b
train_3130.jpg,train/train_3130.jpg,사진 속 노란색 표지판에 적힌 문구는 무엇인가요?,주의! 공사중,접근금지 KEEP OUT 禁止接近,흡연 구역,출입금지 NO ENTRY 출입금지,b
train_3131.jpg,train/train_3131.jpg,사진 속 도로 표지판에 적힌 '주정차금지'의 의미로 알맞은 것은 무엇인가요?,차를 주차할 수 없다,차를 잠시 세워도 된다,차를 주차할 수 있다,차가 지나갈 수 없다,a
train_3132.jpg,train/train_3132.jpg,이 락커룸에 걸려 있는 축구 유니폼 중 번호가 18번인 선수의 이름은 무엇인가요?,TIMBER,THOMAS,M.ELNENY,TOMIYASU,d
train_3133.jpg,train/train_3133.jpg,이 안내문에 따르면 언제 버튼을 눌러야 하나요?,문을 열 때 눌러야 한다,계단을 오를 때 눌러야 한다,언제든지 눌러도 된다,위급한 경우에만 눌러야 한다,d
train_3134.jpg,train/train_3134.jpg,사진 속 표지판에 적힌 문구는 무엇인가요?,쓰레기통 (waste bin),주차 금지,금연구역,위험 구역,a
train_3135.jpg,train/train_3135.jpg,이 이미지 속 입국장 입구 위에 적힌 문구는 무엇인가요?,Welcome to USA,Welcome to Japan,Welcome to Korea,Welcome to China,b
train_3136.jpg,train/train_3136.jpg,현재 경기에서 두산 베어스 최종호 선수의 등번호는 무엇인가요?,31,59,63,10,b
train_3137.jpg,train/train_3137.jpg,이 안내문에 따르면 식당 출구를 가려면 어떻게 해야 하나요?,계단으로 이동 후 19층 엘리베이터를 이용한다,엘리베이터를 타고 바로 식당 출구로 간다,직진하여 20층으로 간다,계단에서 뛰어내려 식당 출구로 간다,a
train_3138.jpg,train/train_3138.jpg,2026년 3월 14일 롯데시네마에서 상영하는 '스파이더맨: 브랜드 뉴 데이' 영화의 1관 상영 시간은 언제부터 언제까지인가요?,22:15 - 24:50,18:00 - 20:30,20:50 - 23:25,19:20 - 21:55,c
train_3139.jpg,train/train_3139.jpg,이 건물의 상호명은 무엇인가요?,동락공원안내센터,동락공원관리사무소,동래공원안내센터,동래공원관리사무소,b
train_3142.jpg,train/train_3142.jpg,이 사진 속 노란색 소스 포장의 이름은 무엇인가요?,갈릭 파마산 드레싱,핫 바베큐 소스,허니 머스타드 드레싱3,스위트 칠리 소스,c
train_3143.jpg,train/train_3143.jpg,사진 속 가게 간판에 적힌 이름 중 떡과 관련된 가게 이름은 무엇인가요?,원조반찬,할인마트,인동반찬,이조떡집,d
train_3144.jpg,train/train_3144.jpg,사진 속 간판 중 '필즈더클래식'에서 제공하는 서비스는 무엇인가요?,브런치 카페,신경과 진료,사고력 수학,피자 배달,c
train_3145.jpg,train/train_3145.jpg,"이 이미지에 나온 음료 중 가격이 3,900원인 메뉴는 무엇인가요?",레인보우 스무디,코코넛망고스무디,딸기레몬스쿼치,망고스무디,d
train_3147.jpg,train/train_3147.jpg,이 샴푸의 주요 효과로 맞는 것은 무엇인가요?,두피 비듬 완전 제거,모발 염색 유지,두피 가려움 완화 및 편안함 제공,탈모 예방,c
train_3149.jpg,train/train_3149.jpg,"간현관광지 진입로에 설치된 안내문에 따르면, 차 없는 거리 조성 시행 중일 때 등록된 차량 이외에는 어떻게 해야 하나요?",차량 출입이 자유롭게 허용됩니다.,모든 차량은 인터폰을 통해 호출해야 합니다.,차량 출입이 불가하니 이용객의 이해와 협조를 부탁드립니다.,차량 출입 시 별도의 통행료를 내야 합니다.,c
train_3150.jpg,train/train_3150.jpg,이미지에 보이는 편의점의 이름은 무엇인가요?,FamilyMart,7-Eleven,GS25,CU,a
train_3151.jpg,train/train_3151.jpg,AI 강의 II의 8월 일정 안내에서 AI 자기주도 학습 시간에 대해 설명한 내용은 무엇인가요?,"AI 교과서를 다시 보기 강의, 교재, AI 튜터를 한 곳에서 사용하는 시간입니다.",핵심 개념과 원리를 체계적으로 학습하는 시간입니다.,이론과 실습 내용을 스스로 체득하고 정리하는 시간입니다.,실습 중심으로 적용하고 익히는 시간입니다.,c
train_3152.jpg,train/train_3152.jpg,이 사진 속 쟁반에 적혀 있는 글자는 무엇인가요?,brim,brimr,brimn,birm,a
train_3155.jpg,train/train_3155.jpg,"다음 중 '취향저격 범벅 시리즈' 와플의 가격이 5,000원인 것은 무엇인가요?",초코범벅,블루베리범벅,딸기범벅,망고범벅,a
train_3156.jpg,train/train_3156.jpg,이 이미지에서 SDLC의 전영역과 함께 AI가 적용되는 단계 중 가장 먼저 나오는 단계는 무엇인가요?,Requirement Analysis,Build & Test,Code Review,Code Generation,a
train_3158.jpg,train/train_3158.jpg,이 건물에 있는 상호명 중 마사지 의자 브랜드는 무엇인가요?,UNICO,BODYFRIEND,더 좋은 공인중개사,부로니에,b
train_3161.jpg,train/train_3161.jpg,테이블 위 소금 용기 옆에 같이 놓인 양념통에 적힌 글자는 무엇인가요?,SUGAR,SOY SAUCE,VINEGAR,RED PEPPER,d
train_3162.jpg,train/train_3162.jpg,이 가게의 간판에 적힌 주요 판매 품목은 무엇인가요?,한식 전문점,커피 & 디저트 베이커리,이탈리안 레스토랑,중식 요리,b
train_3163.jpg,train/train_3163.jpg,이 가게의 전문 메뉴는 무엇인가요?,해물탕,삼겹살 구이,치킨 바베큐,양갈비 숯불구이,d
train_3164.jpg,train/train_3164.jpg,이 교차로에서 '나주'로 가려면 어느 방향으로 가야 하나요?,유턴,오른쪽,직진,왼쪽,c
train_3165.jpg,train/train_3165.jpg,이 간판에 적힌 글자는 무엇인가요?,서울우유,司??牛洲澳,대한우유,한국우유,b
train_3166.jpg,train/train_3166.jpg,사진 속 노란색 안내판에 적힌 내용 중 맞는 것은 무엇인가요?,교내 음식물 반입 허용,교내 흡연/음주 금지,교내 애완동물 출입 가능,교내 자전거 주차 허용,b
train_3167.jpg,train/train_3167.jpg,이미지 속 붉은색 표지판에 적힌 물고기의 이름은 무엇인가요?,명태,고등어,옥돔,갈치,c
train_3168.jpg,train/train_3168.jpg,이미지에 보이는 'PartySmart Soft Chews' 제품의 주요 기능은 무엇인가요?,숙취 해소,진통제,소화제,해열제,a
train_3169.jpg,train/train_3169.jpg,"이 사진에 보이는 금연 거리 표지판에 따르면, 금연 구역에서 흡연 시 부과되는 과태료는 얼마인가요?",15만원,5만원,10만원,20만원,c
train_3170.jpg,train/train_3170.jpg,이 건물 1층에 입점해 있는 음식점은 무엇인가요?,KFC,홍떡 개미,스타벅스,KT 플라자,a
train_3171.jpg,train/train_3171.jpg,다음 중 '솔의눈' 음료의 용량과 가격은 무엇인가요?,"540ML, 2,500원","600ML, 2,400원","500ML, 2,200원","500ML, 2,000원",d
train_3172.jpg,train/train_3172.jpg,사진 속 두 개가 나란히 놓여 있는 제품의 이름은 무엇인가요?,Ginseng Honey,Hong Kong Soap,Mentholatum Nasal Relief,Herbal Candy Lemon Grass,c
train_3173.jpg,train/train_3173.jpg,책 표지에 적힌 제목은 무엇인가요?,SQL 첫걸음부터 활용까지,데이터 과학 기초,인공지능 개론,파이썬 프로그래밍 입문,a
train_3174.jpg,train/train_3174.jpg,이 사진에 보이는 노란색 간판에 적힌 전화번호는 무엇인가요?,010.9607.6682,010.5508.6355,010.1234.5678,010.7477.4489,d
train_3176.jpg,train/train_3176.jpg,이 문구가 붙어 있는 문 손잡이에 적힌 경고 문구는 무엇인가요?,당기시오,손 조심,밀지 마시오,미시오,d
train_3177.jpg,train/train_3177.jpg,이 건물 간판에 적힌 한자와 한글은 무엇인가요?,애심원,애심우,애신우,마음우,b
train_3179.jpg,train/train_3179.jpg,이 사진에서 보이는 자동차 브랜드 간판 중 하나는 무엇인가요?,MITSUBISHI MOTORS,HYUNDAI,FORD,TOYOTA,a
train_3180.jpg,train/train_3180.jpg,이 제품의 이름은 무엇인가요?,리얼 초임계 알티지 오메가3,리얼 초임계 알티지 오메가6,리얼 초임계 알티지 오메가9,리얼 초임계 알티지 오메가7,a
train_3181.jpg,train/train_3181.jpg,이 가게에서 판매하는 음식 메뉴가 아닌 것은 무엇인가요?,피자,대창소막창,닭갈비,소곱창구이,a
train_3182.jpg,train/train_3182.jpg,이미지 속에 보이는 햄버거 제품의 이름은 무엇인가요?,블랙페퍼 더블버거,화이트치즈 버거,스파이시 불고기 버거,베이컨 치즈 버거,a
train_3183.jpg,train/train_3183.jpg,에실로 스텔리스트 렌즈를 매일 12시간 착용하면 근시 진행을 몇 % 억제해 준다고 광고하고 있나요?,50%,67%,33%,75%,b
train_3184.jpg,train/train_3184.jpg,이 사진 속 주유소에서 휘발유 판매 가격은 얼마인가요?,1800,1852,1859,1886,c
train_3185.jpg,train/train_3185.jpg,잭 다니엘스 위스키 200ml 용량 제품의 할인된 가격은 얼마인가요?,"39,400원","9,900원","14,900원","17,900원",c
train_3186.jpg,train/train_3186.jpg,8월 18일은 무슨 날로 지정되어 있나요?,감자의 날,밀의 날,쌀의 날,옥수수의 날,c
train_3187.jpg,train/train_3187.jpg,이 사진에 보이는 큰 글씨는 무엇이라고 적혀 있나요?,인동중앙로,비뇨기과,신한은행,TOP 의원,a
train_3188.jpg,train/train_3188.jpg,모노닥에 대해 설명한 내용 중 옳은 것은 무엇인가요?,모노닥은 육지에서 산다.,모노닥은 바다와 강이 만나는 기수 지역에서 산다.,모노닥은 해양 심층에서만 산다.,모노닥은 민물에서만 산다.,b
train_3189.jpg,train/train_3189.jpg,에포메이커 G84 PRO 키보드의 온라인보다 저렴한 특가 가격은 얼마인가요?,"\109,900","\99,900","\129,000","\89,900",b
train_3190.jpg,train/train_3190.jpg,2인 세트 메뉴에 포함되지 않는 것은 무엇인가요?,후리가케 주먹밥,음료수,일본식 계란찜,후라이드 치킨,d
train_3191.jpg,train/train_3191.jpg,명일우성아파트 재건축사업 관련 현수막에서 축하 메시지를 전한 회사가 아닌 곳은 어디인가요?,삼성전자,ACRO,DL이앤씨,현대건설,a
train_3192.jpg,train/train_3192.jpg,사진 속 책장에 적힌 '허브깃'이라는 글자 옆에 적힌 숫자는 무엇인가요?,5,6,4,3,c
train_3193.jpg,train/train_3193.jpg,사진에 보이는 ZERIOD 제품은 어떤 용도의 제품인가요?,클렌징 폼,토너,보습제,선크림,a
train_3194.jpg,train/train_3194.jpg,이 제품들 중에서 '글루타치온'이 함유된 제품의 가격은 얼마인가요?,"10,000원","5,000원","3,000원","7,000원",b
train_3195.jpg,train/train_3195.jpg,이 트럭에 적혀 있는 배송 서비스 이름은 무엇인가요?,마켓컬리,배달의민족,쿠팡은 당일배송!,쿠팡은 로켓배송!,d
train_3196.jpg,train/train_3196.jpg,사진에 보이는 간판 중에서 '로또 복권 판매점'이라고 적힌 곳의 이름은 무엇인가요?,알파문구,사진관,창고43,삼성 온누리약국,a
train_3197.jpg,train/train_3197.jpg,사진 속 식당의 이름은 무엇인가요?,강릉 동화가든 원조 짬순 박송자,강릉 동화가든 신조 짬순 안송자,서울 동화가든 원조 짬순 안송자,강릉 동화가든 원조 짬순 안송자,d
train_3198.jpg,train/train_3198.jpg,이미지 속 검은 판에 쓰여 있는 문구는 무엇인가요?,행복한 하루 되세요!,사랑해요!,응 너는 멋쟁이도 많아야!,생일 축하합니다!,c
train_3199.jpg,train/train_3199.jpg,이 발표 자료의 제목은 무엇인가요?,Counterfactual Reasoning for Weak Interest Overfitting in Sequential Recommendation via Interest Segmentation,Deep Learning for Image Recognition,Big Data Analysis in E-commerce,Optimization Techniques for Neural Networks,a
train_3200.jpg,train/train_3200.jpg,사진 속 빌딩에 적힌 한의원 이름은 무엇인가요?,그린컴,PEARLY,경락한의원,GLASS 해녀안경,c
train_3201.jpg,train/train_3201.jpg,사진 속 맥주잔에 적혀 있는 글자는 무엇인가요?,BIER HAUS,LAGER BEER,RUGER BRAU,DUNKEL BIER,c
train_3202.jpg,train/train_3202.jpg,이 사진 속 빨간 표지판에 적힌 문구는 무엇인가요?,주차금지,쓰레기 투기 금지,출입금지,차량통행금지,a
train_3204.jpg,train/train_3204.jpg,이 가게 유리문에 적혀 있는 글귀 '노랑통닭'은 무엇을 의미하나요?,치킨 가게 이름,빵집 이름,카페 이름,서점 이름,a
train_3205.jpg,train/train_3205.jpg,이 제품의 이름은 무엇인가요?,채우란볶이,채우닭볶음탕,채우닭 순살,채우라면,a
train_3206.jpg,train/train_3206.jpg,"벽에 붙어 있는 안내문에 따르면, 이동 중에 무엇을 자제해야 하나요?",쓰레기를 버리지 마세요,큰 소리로 통화하지 마세요,음식물 섭취를 자제해주세요,휴대폰 사용을 자제해주세요,d
train_3207.jpg,train/train_3207.jpg,오른쪽 영화관 티켓에서 '마스터(무대인사)' 영화의 상영 시간은 언제인가요?,16:50~19:30,14:30~17:00,13:20~15:00,15:20~17:30,d
train_3209.jpg,train/train_3209.jpg,이 이미지에 보이는 파란색 표지판에 적힌 문구는 무엇인가요?,주차금지,천천히 운전,출차주의,차량정지,c
train_3210.jpg,train/train_3210.jpg,'탐구생활' 교과서 표지에 그려진 아이들은 무엇을 하고 있나요?,운동을 하고 있다,음식을 먹고 있다,책을 읽고 있다,비눗방울을 불고 있다,d
train_3211.jpg,train/train_3211.jpg,이 건물 2층에 위치한 '작심스터디카페' 전화번호는 무엇인가요?,010-8845-5925,010-1234-5678,010-8845-5935,010-8255-5080,c
train_3212.jpg,train/train_3212.jpg,이 가게에서 판매하는 주된 상품은 무엇인가요?,옷,책,커피,전자 담배,d
train_3213.jpg,train/train_3213.jpg,오른쪽 액자에 적힌 시의 제목은 무엇인가요?,한국민조시인협회,달빛 소리,마음밭,나비 고무신,d
train_3216.jpg,train/train_3216.jpg,이 사진에 보이는 간판에 적힌 회사 이름 중 하나는 무엇인가요?,RIOT GAMES,Google,Samsung,Apple,a
train_3217.jpg,train/train_3217.jpg,이미지에 나온 '헤어짱' 미용실은 몇 층에 위치해 있나요?,4층,2층,5층,3층,a
train_3218.jpg,train/train_3218.jpg,이 사진 속 길거리 간판 중 '頂級麻辣鴛鴦火鍋'가 적힌 간판은 어떤 색인가요?,노란색,파란색,초록색,빨간색,d
train_3219.jpg,train/train_3219.jpg,이미지 속 로또 복권 용지에 적혀 있는 복권 종류는 무엇인가요?,골드복권 Lotto 8/60,행운복권 Lotto 7/50,슈퍼복권 Lotto 5/40,동행복권 Lotto 6/45,d
train_3220.jpg,train/train_3220.jpg,이 졸업식 현수막에 적힌 학년도는 무엇인가요?,2026학년도,2024학년도,2025학년도,2023학년도,c
train_3221.jpg,train/train_3221.jpg,이 주유소 기계에 적혀 있는 문구가 아닌 것은 무엇인가요?,안전 운전,지방의 바람,기름 아껴,빠른 주유,d
train_3223.jpg,train/train_3223.jpg,'SNACK | 스낵' 메뉴에서 즉석구이오징어의 가격은 얼마인가요?,"5,000원","5,500원","6,000원","4,500원",b
train_3224.jpg,train/train_3224.jpg,사진 속 간판에 적혀 있는 음식점 이름은 무엇인가요?,백년식당,바우명가,오복식당,오봉집,d
train_3226.jpg,train/train_3226.jpg,이미지에 나온 SSAFY 共 : ZONE 이용 수칙 중 '취식 전/후'에 해야 할 일은 무엇인가요?,마스크 착용 및 손소독제 사용,반출 금지,뒷정리,대화 금지,a
train_3227.jpg,train/train_3227.jpg,"프렌즈스크린 구미인동점의 오픈할인 안내에 따르면, 평일 12시부터 16시까지 18H 이용 요금은 얼마인가요?","8,000원","12,000원","10,000원","15,000원",c
train_3229.jpg,train/train_3229.jpg,이 기계에 붙어 있는 안내문에 적힌 내용은 무엇인가요?,"끓인 물입니다 라면, 커피, 각종차 물 받아서 드십시오^^",이 기계는 커피 전용입니다,차가운 물만 나옵니다,음료를 구매해야 이용할 수 있습니다,a
train_3230.jpg,train/train_3230.jpg,사진에 보이는 파란색 아크릴 물감 튜브에 적혀 있는 문구는 무엇인가요?,ACRYLIC GREEN,ACRYLIC YELLOW,ACRYLIC BLUE,ACRYLIC RED,c
train_3231.jpg,train/train_3231.jpg,이 이미지에서 축하하는 대상은 무엇인가요?,개강식 안내,졸업식 행사,SSAFY 15기 입학,SSAFY 16기 입학,d
train_3232.jpg,train/train_3232.jpg,사진 속 파란색 안내판에 표시된 경동대학교까지의 거리는 얼마인가요?,3km,5km,10km,7km,d
train_3233.jpg,train/train_3233.jpg,이 건물 안내 표지판에 적힌 '종합 안내소'에서 안내하지 않는 곳은 어디인가요?,사무실,목공예실,물리치료실,화장실,c
train_3235.jpg,train/train_3235.jpg,접시 위에 적힌 글자는 무엇인가요?,YUMMY PIZZA,UNCLE PIZZA,HAPPY PIZZA,BIG PIZZA,b
train_3236.jpg,train/train_3236.jpg,이 지하철역에서 4호선과 5호선으로 갈아탈 수 있는 곳은 어디인가요?,선정릉,갈아타는 곳,청량리,왕십리,b
train_3237.jpg,train/train_3237.jpg,이 건물 2층에 있는 업체 이름은 무엇인가요?,석창산업,석창치과,이든치과,이든치과와 석창산업,d
train_3238.jpg,train/train_3238.jpg,사진 속 화면에 표시된 날짜는 무엇인가요?,2024/01/01,2025/07/14,2023/12/25,2024/07/14,d
train_3239.jpg,train/train_3239.jpg,이 제품 '루테인지아잔틴'의 하루 섭취 권장량은 어떻게 되어 있나요?,1일 3캡슐,1일 4캡슐,1일 1캡슐,1일 2캡슐,c
train_3240.jpg,train/train_3240.jpg,이 전시회의 제목은 무엇인가요?,"샌드 플레이, 존재와 기억의 방식",존재와 기억의 모래놀이,기억과 존재의 모래놀이,모래놀이와 시간의 흐름,a
train_3241.jpg,train/train_3241.jpg,이 사진은 어떤 천문 현상을 보여주고 있나요?,월식,일식,유성우 관측,혜성 관측,b
train_3242.jpg,train/train_3242.jpg,사진 속 간판에 적힌 슈퍼 이름은 무엇인가요?,페인트 방수 공사,광주신용 슈퍼,광주신용 익스프레스,승희슈퍼,d
train_3243.jpg,train/train_3243.jpg,퀴즈노스 매장에서 모닝세트에 포함된 메뉴는 무엇인가요?,샌드위치 + 아메리카노,스리라차 불도크립,샌드위치 + 탄산음료,터키 샌드위치,a
train_3244.jpg,train/train_3244.jpg,이 과일 가게에서 사과 한 상자의 가격은 얼마인가요?,"5,000원","3,000원","1,000원","10,000원",a
train_3246.jpg,train/train_3246.jpg,이 건물 입구에 적힌 글씨는 무엇인가요?,송도 GXT센트럴,송도 GTX센트럴,송도 GTS센트럴,송도 GTX센터,b
train_3247.jpg,train/train_3247.jpg,벽에 적힌 글자는 무엇인가요?,THE KAYS,THE WAYS,THE KEYS,THE DAYS,a
train_3248.jpg,train/train_3248.jpg,'분양가에 포함되지 않는 유상 품목' 중 '현관 중문'의 공급 금액은 얼마인가요?,"1,200,000","1,800,000","1,400,000","1,600,000",c
train_3249.jpg,train/train_3249.jpg,사진에 있는 '다크 초콜릿' 포장지에 적힌 칼로리는 몇 kcal인가요?,500 kcal,350 kcal,400 kcal,445 kcal,d
train_3250.jpg,train/train_3250.jpg,이 건물에서 4층에 위치한 공간은 무엇인가요?,3식당,GX2룸(스피닝룸),피트니스센터,모바일샵,b
train_3251.jpg,train/train_3251.jpg,이 간판에서 제공하는 서비스가 아닌 것은 무엇인가요?,필라테스,골프,팀트레이닝,요가,d
train_3253.jpg,train/train_3253.jpg,사진 속 음료의 단백질 함량은 얼마인가요?,20g,10g,15g,25g,a
train_3254.jpg,train/train_3254.jpg,"이 로또 판매점 간판에 적힌 내용을 보면, 이 판매점이 당첨된 등수와 번호는 무엇인가요?",1등 3번,2등 5번,3등 7번,4등 9번,b
train_3255.jpg,train/train_3255.jpg,"SSAFY 연혁에 따르면, 2024년 7월 9일에 있었던 주요 행사는 무엇인가요?",부울경 캠퍼스 개소식,MOU 협약식,14기 수료식,5대 운영 MOU 체결,a
train_3256.jpg,train/train_3256.jpg,딸기 와플콘 아이스크림을 이용할 수 있는 횟수는 몇 회인가요?,1회,2회,3회,무제한,a
train_3257.jpg,train/train_3257.jpg,이 제품 'MICROISSANT 4EA'의 가격은 얼마인가요?,"\2,500","\3,000","\2,000","\3,500",a
train_3258.jpg,train/train_3258.jpg,금강벤처텔 건물 내에 있는 4층의 사무실 중 세무회계 관련 업무를 하는 곳은 어디인가요?,미소담 심리상담센터,사방스킨케어,영어서점 학원,IKSUN 세무회계 의선,d
train_3259.jpg,train/train_3259.jpg,이 도로 표지판에서 '하남산단4번로' 방향으로 가려면 어느 쪽으로 가야 하나요?,오른쪽,직진,왼쪽,유턴,a
train_3260.jpg,train/train_3260.jpg,이 건물에 들어온 노래방 이름은 무엇인가요?,GS25,엄마 밥상,슈퍼스타 노래방,슈퍼스타 피자,c
train_3261.jpg,train/train_3261.jpg,사진 속 '프로메가' 제품의 주요 기능으로 올바른 것은 무엇인가요?,면역력 강화,혈행·혈중 중성지질 개선,소화 건강 증진,체중 조절 도움,b
train_3262.jpg,train/train_3262.jpg,사진 속 아이스크림 포장지에 적힌 맛은 무엇인가요?,바나나바,망고바,초코바,딸기바,d
train_3263.jpg,train/train_3263.jpg,이 사진에 보이는 소화전 송수구의 압력 범위는 무엇인가요?,0.5 ~ 1.0 MPa,1.0 ~ 1.5 MPa,0.7 ~ 1.2 MPa,0.3 ~ 0.8 MPa,c
train_3264.jpg,train/train_3264.jpg,이 표지판에 적힌 '올라감'의 영어 표현은 무엇인가요?,Entrance,Go Up,Exit,Go Down,b
train_3266.jpg,train/train_3266.jpg,위 이미지 속 안내문에서 결제 후 착용을 부탁하는 물품은 무엇인가요?,"가방, 신발, 옷 등","모자, 장갑, 어리끈 등","장난감, 인형, 책 등","꽃다발, 화분, 인형 등",b
train_3267.jpg,train/train_3267.jpg,이 옷의 가격은 얼마인가요?,"25,900원","35,000원","19,900원","30,000원",a
train_3268.jpg,train/train_3268.jpg,사진 속 상자에 적힌 농심 라면 한 봉지의 가격은 얼마인가요?,3000원,1000원,5000원,2000원,a
train_3269.jpg,train/train_3269.jpg,이 건물에 위치한 학원의 이름은 무엇인가요?,IPPUDAHAIR,해원수학학원,초이독서논술,3H지압침대,b
train_3270.jpg,train/train_3270.jpg,이 사진에 보이는 길 이름은 무엇인가요?,테헤란로 30길,테헤란로 28길,테헤란로 56길,테헤란로 32길,b
train_3271.jpg,train/train_3271.jpg,봄날 카페 메뉴판에 있는 'Vanilla Bean Latte'의 가격은 얼마인가요?,5.8,6.5,6.2,6.0,c
train_3273.jpg,train/train_3273.jpg,이 사진 속 주차장 안내판에 적힌 학교 이름은 무엇인가요?,부산해운대초등학교,서울강남고등학교,대전덕명중학교,광주북구중학교,c
train_3274.jpg,train/train_3274.jpg,이 사진 속 말풍선에 적힌 문구는 무엇인가요?,항상 행복하세요,오늘도 좋은 하루,힘내세요,이제 남은 건 광기 뿐,d
train_3277.jpg,train/train_3277.jpg,미쓰비시 승강기 서비스 전화번호는 무엇인가요?,1899-9449,0110-631,119,02-3429-5119,a
train_3279.jpg,train/train_3279.jpg,핑거커피 메뉴 중에서 '아이스 카페라떼'의 영어 표기는 무엇인가요?,Ice Cafe Mocha,Ice Cappuccino,Ice Cafe Latte,Ice Americano,c
train_3281.jpg,train/train_3281.jpg,이 사진 속 가게 이름은 무엇인가요?,MEXICALI,MEXICAN,MEXICAL,MEXICO,a
train_3282.jpg,train/train_3282.jpg,이미지 속에서 '고구마를 잃어버렸다!' 문구 아래에 체크 표시가 된 문장은 무엇인가요?,도르와 친구 되기,고구마를 찾으러 가기,보상 받기,도르가 죽은 고구마 되찾기,a
train_3284.jpg,train/train_3284.jpg,이 영화 포스터에 적힌 개봉일은 언제인가요?,2024년 7월 15일,2026년 1월 1일,2026년 5월 20일,2025년 12월 25일,c
train_3287.jpg,train/train_3287.jpg,이 가챠 캡슐 뽑기 기계에서 한 번 뽑는데 드는 가격은 얼마인가요?,500원,2000원,1500원,900원,d
train_3288.jpg,train/train_3288.jpg,이 횡단보도 음향신호기는 주로 누구를 위해 설치된 것인가요?,노약자,청각장애인,시각장애인,어린이,c
train_3289.jpg,train/train_3289.jpg,이 문구 중 '통제구역' 안내문에 적힌 내용은 무엇인가요?,관계자출입허용,출입자외관계금지,관계자외출입금지,출입금지구역,c
train_3290.jpg,train/train_3290.jpg,간판에 적힌 상호명은 무엇인가요?,DON'S MARKET,LIQUOR STORE,MARKET LIQUOR,BEER-WINE SHOP,a
train_3291.jpg,train/train_3291.jpg,이 사진에 보이는 음료 브랜드 이름은 무엇인가요?,Budweiser,Stiegl,Heineken,Corona,b
train_3293.jpg,train/train_3293.jpg,다랑쉬오름 표지석에 적힌 이름은 무엇인가요?,한라산,다랑쉬오름,성산일출봉,사려니숲길,b
train_3294.jpg,train/train_3294.jpg,사진 속 와인 리스트에서 'RECOMMEND'는 어떤 색으로 표시되어 있나요?,빨간색,파란색,초록색,노란색,d
train_3295.jpg,train/train_3295.jpg,이 사진에 보이는 '상품권' 전문점의 전화번호는 무엇인가요?,02-245-3224,02-245-3223,02-245-2466,02-41-2466,a
train_3297.jpg,train/train_3297.jpg,이 꽃 조형물에 적혀 있는 문구는 무엇인가요?,하늘공원,해돋이공원,달빛공원,별빛공원,d
train_3299.jpg,train/train_3299.jpg,이 영수증에 적힌 맥도날드 매장의 영업시간은 무엇인가요?,9:00-21:30,7:00-23:30,6:30-24:00,8:00-22:00,b
train_3300.jpg,train/train_3300.jpg,사진 속 책 제목 중 '욕심 괴물' 책의 표지에는 어떤 그림이 그려져 있나요?,작은 집들과 사람들이 모여있는 모습,우주와 별이 그려진 그림,바다와 배가 보이는 해변 풍경,동물들이 뛰노는 숲속 풍경,a
train_3302.jpg,train/train_3302.jpg,이미지 속 '웰니스 60구미 (30일분)' 제품의 할인율은 얼마인가요?,25% 할인,28% 할인,33% 할인,30% 할인,c
train_3303.jpg,train/train_3303.jpg,이 장소는 무엇을 타는 곳인가요?,셔틀버스 타는 곳,지하철 타는 곳,자전거 타는 곳,택시 타는 곳,a
train_3304.jpg,train/train_3304.jpg,이 간판에 적힌 상호명은 무엇인가요?,서울상회,群山商店,한성상점,강남문구,b
train_3305.jpg,train/train_3305.jpg,이 과자 이름은 무엇인가요?,매운고추과자,바삭감자칩,구운토마토링,달콤한옥수수,c
train_3306.jpg,train/train_3306.jpg,이 건물 2층에 있는 사무소 이름은 무엇인가요?,쌈방 조은방,킴정균 세무 회계 사무소,와인 테이스팅,다잇다 공인중개사,b
train_3307.jpg,train/train_3307.jpg,"위 이미지에서 '보통 모공'과 '쫀쫀 모공'을 비교할 때, '보통 모공'에 대한 설명으로 맞는 것은 무엇인가요?",모공 탄력이 매우 강함,모공 탄력 +,탄력이 좋아 모공이 쫀쫀해졌어요!,보통 탄력의 일반적인 모공 상태,c
train_3308.jpg,train/train_3308.jpg,이 카페에서 주문한 음료의 이름은 무엇인가요?,아이스 아메리카노,따뜻한 라떼,카푸치노,에스프레소,b
train_3311.jpg,train/train_3311.jpg,이 건물 3층에 위치한 서비스는 무엇인가요?,"피부관리, 얼굴성형관리, 등관리",프리미엄 태닝 라운지,초밥 전문점,브론즈 태닝 효과,a
train_3312.jpg,train/train_3312.jpg,사진에 보이는 '장인주방 608' 식당의 전화번호는 무엇인가요?,062-955-608,284허1102,062-955-1234,955-6530,c
train_3313.jpg,train/train_3313.jpg,다음 중 '꿀돌이 꿀순이'에 대해 설명한 내용으로 맞는 것은 무엇인가요?,"사드로 인해서 온 공부벌의 오랜 소꿉친구, 공부벌이 어릴 적부터 알고 지낸 막역한 사이다.","잠을 잘 때도, 사고를 칠 때도 언제나 함께한다.",가만히 앉아 꿀돌이 생각하는 것이 취미다.,"과학과 평화의 도시 대전을 누구보다 사랑하는 부부로, 요즘 가장 큰 관심사는 대전의 발전과 가족의 안녕이다.",d
train_3314.jpg,train/train_3314.jpg,다음 중 이미지에 있는 메뉴의 가격이 가장 낮은 것은 무엇인가요?,"딸기모찌크림샌드 2,900원","딸기슈크림라떼 4,200원","딸기말랑피치스무디 4,300원","딸기말차폼라떼 4,100원",a
train_3316.jpg,train/train_3316.jpg,이 가게의 전화번호는 무엇인가요?,545-1555,154-5555,545-5555,554-1555,a
train_3317.jpg,train/train_3317.jpg,이 사진 속 흰색 종이에 적힌 전화번호는 무엇인가요?,010-2813-0500,010-2893-0482,010-5338-4763,010-4185-6362,b
train_3318.jpg,train/train_3318.jpg,이 사진에 보이는 칠렉스 24 대장에 관한 설명으로 맞는 것은 무엇인가요?,칠렉스 24 대장에서는 칠렉스 제품을 판매하지 않는다.,칠렉스 24 대장에서는 칠렉스 제품을 특별하게 만나볼 수 있다.,칠렉스 24 대장은 현재 문을 닫았다.,칠렉스 24 대장은 영업 시간이 정해져 있지 않다.,b
train_3319.jpg,train/train_3319.jpg,이 가게의 이름은 무엇인가요?,태평소국밥,태평소김밥,태평소고기,태평소국수,a
train_3320.jpg,train/train_3320.jpg,"'간짜장' 메뉴 설명에 따르면, 간짜장의 특징으로 옳은 것은 무엇인가요?",진한 불 맛으로 즐기는 감칠맛,매운 맛이 강한 짜장,해산물이 들어간 짜장,달콤한 맛이 나는 짜장,a
train_3321.jpg,train/train_3321.jpg,이 글에서 '뜨는 씨실(가로 실)'이 주로 어떤 역할을 한다고 설명하고 있나요?,앞면에 섬세하고 다채로운 무늬를 표현한다,자연의 소리와는 관련이 없다,리본에 많은 실이 느슨하게 떠 있는 경우를 말한다,나란히 놓이거나 뒤섞이며 흔들리는 표현을 준다,d
train_3322.jpg,train/train_3322.jpg,사진 속 가게 이름이 아닌 것은 무엇인가요?,대화만두,DAEHWA,청년분식,청춘커피,d
train_3323.jpg,train/train_3323.jpg,이 표지판에서 금지하고 있는 행위는 무엇인가요?,소변 금지,쓰레기 투기 금지,흡연 금지,주차 금지,a
train_3324.jpg,train/train_3324.jpg,사진 속 도로 표지판에 적힌 도로 이름은 무엇인가요?,덕영구청,백양로,수원영통,어린이 보호구역,b
train_3325.jpg,train/train_3325.jpg,오뚜기 참깨라면 용기 겉면에 적힌 문구 중 올바른 것은 무엇인가요?,계란이 들어 있어요,새우가 많이 들어 있어요,매운맛 최고!,치즈가 포함되어 있어요,a
train_3328.jpg,train/train_3328.jpg,사진 속 파란색 도로 표지판에 적힌 '나주' 방향 안내에 표시된 국도 번호는 무엇인가요?,654,650,22,13,d
train_3329.jpg,train/train_3329.jpg,"이 사진 속에 보이는 간판 중에서 """"모모 뼈꼬시""""의 전화번호는 무엇인가요?",681-7388,685-4455,681-7839,681-7075,a
train_3331.jpg,train/train_3331.jpg,"식당 출구 안내문에 따르면, 식당 출구를 나가려면 어떻게 해야 하나요?",계단으로 바로 내려간다,계단으로 이동 후 19층 엘리베이터를 이용한다,직접 엘리베이터를 이용한다,19층까지 뛰어 올라간다,b
train_3332.jpg,train/train_3332.jpg,이 사진에서 보이는 도로명 표지판에 적힌 길 이름은 무엇인가요?,청담동로,테헤란로 34길,강남대로,삼성로,b
train_3333.jpg,train/train_3333.jpg,이 도로 표지판에 적힌 문구는 무엇을 의미하나요?,주차 금지 구역입니다.,차량 속도를 줄여야 하는 구역입니다.,어린이 보호 구역이 시작되는 곳입니다.,어린이 보호 구역이 끝나는 곳입니다.,d
train_3334.jpg,train/train_3334.jpg,사진에 보이는 '강남구' 관련 문구 중 강조된 단어가 아닌 것은 무엇인가요?,행복하게,대전환,힘차게,신나게,a
train_3335.jpg,train/train_3335.jpg,마구로젠의 점심 특선 회 정식 코스 정식 1인 가격은 얼마인가요?,"29,000원","39,000원","49,000원","25,000원",a
train_3336.jpg,train/train_3336.jpg,이 사진에 보이는 KB국민은행 안내 표지판에 적힌 약수시장로까지의 거리는 얼마인가요?,2.5km,1.2km,0.8km,3km,b
train_3337.jpg,train/train_3337.jpg,이 사진에 보이는 편의점 이름은 무엇인가요?,CU,emart24,GS25,7-Eleven,b
train_3338.jpg,train/train_3338.jpg,사진 속 큰 기둥에 적혀 있는 글자는 무엇인가요?,5번 상가거리,2번 쇼핑센터,3번 문화거리,4번 먹자골목,d
train_3339.jpg,train/train_3339.jpg,왼쪽 연결 송수구(스프링클러)의 사용 압력 범위는 얼마인가요?,0.4~1.0 MPA,0.5~1.1 MPA,1.0~1.5 MPA,0.3~0.7 MPA,b
train_3340.jpg,train/train_3340.jpg,이 골목에 있는 상점에서 판매하지 않는 물건은 무엇인가요?,신발,모자,전자제품,밸트,c
train_3341.jpg,train/train_3341.jpg,이 버스정류장 표지판에 적힌 아파트 단지 이름은 무엇인가요?,동천마을4단지,동천마을2단지,동천마을3단지,동천마을1단지,c
train_3343.jpg,train/train_3343.jpg,이 이미지에서 초록색 병에 적혀 있는 음료 이름은 무엇인가요?,처음처럼,진로,한라산,참이슬,d
train_3344.jpg,train/train_3344.jpg,'늘숲'이라는 복합 문화 공간에서 제공하는 서비스가 아닌 것은 무엇인가요?,보드게임,퍼즐,슬라임,피아노 연주,d
train_3346.jpg,train/train_3346.jpg,이 문서에 명시된 '금지 표지'에 해당하지 않는 내용은 무엇인가요?,흡연금지,화기금지,조작금지,출입금지,a
train_3347.jpg,train/train_3347.jpg,이 복도 벽에 붙어 있는 꽃 모양 장식의 표정은 어떤가요?,화난 표정,웃는 표정,슬픈 표정,무표정,b
train_3348.jpg,train/train_3348.jpg,이 건물의 이름은 무엇인가요?,신안인스빌 라베라 THE CITY,주차단속지역,온천서로 6,대전 유성 신안인스빌,a
train_3349.jpg,train/train_3349.jpg,"메뉴판에 적힌 베이글 종류 중 가격이 5,500원인 것은 무엇인가요?",블루베리 베이글,플레인 베이글,어니언 베이글,치즈 베이글,c
train_3350.jpg,train/train_3350.jpg,이 식당에서 제공하는 메뉴가 아닌 것은 무엇인가요?,돼지연탄구이,김치찌개,돼지갈비,곰장어,b
train_3351.jpg,train/train_3351.jpg,이 캐릭터팩 아크릴 키링의 가격은 얼마인가요?,"5,000원","8,000원","10,000원","12,000원",b
train_3352.jpg,train/train_3352.jpg,이 표지판이 안내하는 한옥마을의 이름은 무엇인가요?,전주한옥마을,안동한옥마을,고창읍성 한옥마을,경주한옥마을,c
train_3353.jpg,train/train_3353.jpg,"이미지 속에 보이는 텍스트 중, 신발 광택용으로 준비된 물품은 무엇이라고 적혀 있나요?",shoe repair,laundry bag,shoe shine,shoe polish,c
train_3355.jpg,train/train_3355.jpg,이 사진 속 간판들 중에 전화번호가 1844-1779인 곳은 어떤 종류의 업무를 하는 곳인가요?,방기계,회생파산,원룸레저,법무,d
train_3356.jpg,train/train_3356.jpg,이 가게 간판에 적힌 상호명은 무엇인가요?,책방골목 카페,책방골목 서점,책방골목 음식점,책방골목 사진관,d
train_3357.jpg,train/train_3357.jpg,이 영화 티켓에서 상영관 번호는 무엇인가요?,2관,3관,1관,6관,d
train_3358.jpg,train/train_3358.jpg,이 이미지의 글자 중에서 다음 중 빨간색으로 적힌 글자는 무엇인가요?,목,부,크,판,c
train_3359.jpg,train/train_3359.jpg,사진 속 초록색 원뿔형 표지판에 적혀 있는 호텔 이름은 무엇인가요?,HOTEL CITY,HOTEL CAFE,HOTEL CAPE,HOTEL CASTLE,c
train_3361.jpg,train/train_3361.jpg,서울둘레길 사당역갈림길까지의 거리는 얼마인가요?,1.0km,1.0m,2.6km,5.0km,d
train_3362.jpg,train/train_3362.jpg,이미지 속 '왕뚜껑' 용기의 조리 시간은 얼마인가요?,10분,15분,5분,3분,d
train_3363.jpg,train/train_3363.jpg,이 건물에 입주한 '탄벌점핑 다이어트'의 전화번호는 무엇인가요?,798-3568,010-8640-7614,761-5515,031-8027-9025,b
train_3364.jpg,train/train_3364.jpg,이 쓰레기통 중 '병·캔류'를 버리는 곳은 어디인가요?,쓰레기통이 아닙니다,오른쪽 쓰레기통,왼쪽 쓰레기통,가운데 쓰레기통,d
train_3365.jpg,train/train_3365.jpg,사진 속 간판에 적힌 한글 상호명은 무엇인가요?,파리바게뜨,카페베네,이니스프리,청담,d
train_3366.jpg,train/train_3366.jpg,탑승구 1A에서 16시 30분에 출발하는 항공편의 목적지는 어디인가요?,부산,대구,광주,김포,d
train_3367.jpg,train/train_3367.jpg,이 노선도에서 M27 역의 이름은 무엇인가요?,あびこ (Abiko),新金岡 (Shinkanaoka),長居 (Nagai),西田? (Nishitanabe),a
train_3368.jpg,train/train_3368.jpg,이 마트의 간판에 적혀 있지 않은 문구는 무엇인가요?,T.514-5400,무료 배달 서비스,회사 납품 전문,영업시간 오전 9시부터 오후 10시까지,d
train_3369.jpg,train/train_3369.jpg,CORNER B의 닭살데리야끼까리고추솥밥의 칼로리는 얼마인가요?,"1,215kcal",816kcal,750kcal,905kcal,d
train_3370.jpg,train/train_3370.jpg,이 사진 속 도로 표지판에 적힌 도로 이름은 무엇인가요?,청계천로 5길,강남대로 12길,올림픽로 35길,서울로 21길,c
train_3372.jpg,train/train_3372.jpg,이 건물은 어떤 병원인가요?,조선대학교 치과병원,고려대학교 치과병원,서울대학교 치과병원,연세대학교 치과병원,a
train_3373.jpg,train/train_3373.jpg,사진 속 건물에 걸려 있는 큰 현수막에 적힌 문구는 무엇인가요?,누가 이름을 함수로 짓는가,프로그래밍 기초,함수란 무엇인가,코딩을 배우자,a
train_3374.jpg,train/train_3374.jpg,이 가게 '영희네 반찬'의 전화번호는 무엇인가요?,2-655-5331,2-655-5531,2-655-5313,2-655-3351,a
train_3376.jpg,train/train_3376.jpg,이 가게의 이름은 무엇인가요?,짐 캐리,수하물 서비스,내 집은 곧바로 호텔로,짐 보관 및 운송,a
train_3377.jpg,train/train_3377.jpg,이곳에서 '진입금지' 표지판에 적힌 문구는 무엇인가요?,사람만 출입 가능,차량 출입 허용,차량 내려오는 곳,차량 올라가는 곳,c
train_3378.jpg,train/train_3378.jpg,사진 속 음료수 텐텐 비타튼튼의 맛 종류로 올바른 것은 무엇인가요?,블루베리와 스트로베리,블루베리와 망고,포도와 사과,딸기와 바나나,a
train_3379.jpg,train/train_3379.jpg,화이트 초콜릿 블루밍 머그의 가격은 얼마인가요?,"\25,000","\30,000","\15,000","\21,000",d
train_3380.jpg,train/train_3380.jpg,운행 중에 절대 사용하지 말아야 하는 것은 무엇인가요?,핸드폰,헤드폰,음식,담배,a
train_3381.jpg,train/train_3381.jpg,이 사진에 보이는 '부산영화체험박물관'은 어느 방향으로 얼마만큼 가야 하나요?,왼쪽으로 50m,직진 200m,오른쪽으로 100m,뒤로 30m,a
train_3383.jpg,train/train_3383.jpg,이 사진에 보이는 상호명 중에서 한식집의 이름은 무엇인가요?,7-ELEVEN,양자강,스타벅스,GS25,b
train_3384.jpg,train/train_3384.jpg,이 커피 전문점의 이름은 무엇인가요?,Philz Coffee,Dunkin' Donuts,Starbucks,Blue Bottle,a
train_3385.jpg,train/train_3385.jpg,이미지에 보이는 '프리렌' 상품의 가격은 얼마인가요?,"25,900원","23,900원","17,900원","19,900원",b
train_3386.jpg,train/train_3386.jpg,사진 속 파란색 네온사인에 적힌 맥주 브랜드 이름은 무엇인가요?,FUNG TONG,TERRA,Tiger,FORGOTTEN CINEMAS,c
train_3387.jpg,train/train_3387.jpg,이 이미지 속 상점에서 판매하는 것은 무엇인가요?,음식,전자제품,복권,옷,c
train_3389.jpg,train/train_3389.jpg,이미지에 보이는 커피믹스 제품의 이름은 무엇인가요?,마가렛트,쿠크다스 coffee,닥터유,에너지바 저당,b
train_3390.jpg,train/train_3390.jpg,사진 속 주황색 간판에 적힌 가게 이름은 무엇인가요?,그봉민 김밥소,최상위 영어 학원,맛드락 김밥나라,뮤엠 영어,c
train_3391.jpg,train/train_3391.jpg,이 표지판에 적힌 '어린이보호' 표지의 의미는 무엇인가요?,어린이 놀이터 위치 안내,어린이 병원 안내,어린이 통학 금지 구역임을 알리는 표지,어린이 보호 구역임을 알리는 표지,d
train_3392.jpg,train/train_3392.jpg,이 이미지 속 캐릭터와 관련된 만화의 제목은 무엇인가요?,요리왕 비룡,개구리 중사 케로로,포켓몬스터,짱구는 못말려,d
train_3394.jpg,train/train_3394.jpg,이 전광판에 적힌 문구의 내용은 무엇인가요?,이번 열차는 오늘의 마지막 열차입니다,이번 열차는 다음 역에서 출발합니다,이번 열차는 특별 열차입니다,이번 열차는 지연되어 출발합니다,a
train_3395.jpg,train/train_3395.jpg,이 지하철역의 이름은 무엇인가요?,HARVARD,CAMBRIDGE,OXFORD,STANFORD,a
train_3396.jpg,train/train_3396.jpg,'더블 통 망고 산도' 샌드위치의 가격은 얼마인가요?,8.9,9.0,8.5,10.0,a
train_3397.jpg,train/train_3397.jpg,이 가게 간판에 적혀 있지 않은 것은 무엇인가요?,밧데리,타이어,에어콘,세차,d
train_3398.jpg,train/train_3398.jpg,피안카넬리 모스카토 다스티 와인의 현재 할인 가격은 얼마인가요?,"39,000원","29,000원","59,000원","45,000원",a
train_3399.jpg,train/train_3399.jpg,이 제품 AHC 홈 에스테틱 케어 아이크림이 한 번에 케어해 준다고 적힌 내용이 아닌 것은 무엇인가요?,리프팅,보습,미백,탄력,c
train_3400.jpg,train/train_3400.jpg,이 건물에 적힌 상호명은 무엇인가요?,밤밭마루센터,울천동밤발문화센터,울천동문화센터,밤밭누리마루 마을플러스,b
train_3401.jpg,train/train_3401.jpg,벽에 그려진 글씨 중에서 붉은색 글씨로 적힌 문구는 무엇인가요?,HYSTERIC GLAMOUR,Exposed,DIARY OF A BAD GIRL,NO PARKING ANYTIME,a
train_3402.jpg,train/train_3402.jpg,이 사진에 보이는 마우스의 브랜드는 무엇인가요?,애플,LG,삼성,델,c
train_3403.jpg,train/train_3403.jpg,이 건물의 이름은 무엇인가요?,중앙도서관,제3교육관,서울시청,국립박물관,b
train_3404.jpg,train/train_3404.jpg,사진 속 녹색 포장지에 적힌 유통기한은 무엇인가요?,2023.07.21,2022.07.21,2024.07.21,2027.07.21,d
train_3406.jpg,train/train_3406.jpg,사진 속 아이스크림 가게의 이름은 무엇인가요?,Sweet Factory,Solid Works,Ice Cream King,Gelato World,b
train_3407.jpg,train/train_3407.jpg,"단 팥, 슈크림, 피자 중에서 3마리에 2,000원인 것은 무엇인가요?",슈크림,슈,단 팥,피자,d
train_3408.jpg,train/train_3408.jpg,이 사진에 보이는 '인디아나 존스' 놀이기구의 현재 대기 시간은 몇 분인가요?,20분,15분,30분,10분,b
train_3409.jpg,train/train_3409.jpg,이 사진에 보이는 피자 가게 이름은 무엇인가요?,정식피자,루마피자,임실엔치즈피자,미용재료피자,c
train_3410.jpg,train/train_3410.jpg,이 건물의 이름은 무엇인가요?,서전빌,한성빌,동양빌,서울빌,a
train_3411.jpg,train/train_3411.jpg,이 가게에서 시원한 슬러시 한 잔의 가격은 얼마인가요?,"4,000원","4,500원","3,500원","5,000원",a
train_3412.jpg,train/train_3412.jpg,이 박물관 안내도에서 '기획전시실'은 몇 번으로 표시되어 있나요?,2번,4번,3번,5번,c
train_3414.jpg,train/train_3414.jpg,"이미지 속 안내문에 따르면, 케이크를 포장할 때 몇 종류를 골라야 하나요?",2종류,4종류,1종류,3종류,d
train_3415.jpg,train/train_3415.jpg,네이버 영수증 리뷰 이벤트에서 '사진 첨부'에 대한 설명으로 맞는 것은 무엇인가요?,사진 첨부를 하지 않아도 된다,사진 첨부 후 등록하기 필수,사진 첨부는 리뷰 작성 전에만 가능하다,사진 첨부는 선택 사항이다,b
train_3416.jpg,train/train_3416.jpg,이 사진에 보이는 커피 전문점의 이름은 무엇인가요?,HOLLYS COFFEE,Starbucks,Coffee Bean,MEGA COFFEE,d
train_3417.jpg,train/train_3417.jpg,사진 속 핑크색 카드에 적힌 문구는 무엇인가요?,사랑이루어지는 무직,사랑이루어지는 무지개,사랑이루어지는 무지,사랑이루어지는 무적,d
train_3419.jpg,train/train_3419.jpg,전자 가격표에 표시된 Dove 핑크 비누의 할인된 가격은 얼마인가요?,"4,900원","5,900원","6,900원","2,000원",a
train_3420.jpg,train/train_3420.jpg,이 책상의 명찰에 적힌 이름은 무엇인가요?,최기영,이서준,김민수,박지훈,a
train_3422.jpg,train/train_3422.jpg,이 건물의 4층에 위치한 병원은 무엇인가요?,한의원,국민은행,동백나무치과,정형외과,c
train_3423.jpg,train/train_3423.jpg,튀김소보로를 맛있게 먹기 위해 전자레인지에 돌리면 안 되는 이유는 무엇인가요?,더 부드러워져서,맛이 더 좋아져서,수분이 빠져나가서,더 바삭해져서,c
train_3426.jpg,train/train_3426.jpg,이 건물의 정면에 크게 적힌 글자는 무엇인가요?,SAY APARTMENT HOUSE,CGV,MODERN HOUSE,SAY TWO,d
train_3427.jpg,train/train_3427.jpg,"이미지 속 점수판에 따르면, 키움 히어로즈의 No.31 선수 이름은 무엇인가요?",박병호,김혜성,이창진,오석주,d
train_3428.jpg,train/train_3428.jpg,이 배송 라벨에 적힌 발송지 주소는 어디인가요?,"902 EAST 59TH STREET, LOS ANGELES CA 90001","123 MAIN STREET, NEW YORK NY 10001","500 BROADWAY, SAN FRANCISCO CA 94133","750 PARK AVENUE, CHICAGO IL 60611",a
train_3429.jpg,train/train_3429.jpg,사진 속 간판에 적힌 '創業100周年 ありがとう'의 의미는 무엇인가요?,창업 100주년 감사합니다,할인 행사 중입니다,영업 시간이 변경되었습니다,새해 복 많이 받으세요,a
train_3430.jpg,train/train_3430.jpg,사진 속 건물에 위치한 치과 이름은 무엇인가요?,V-BEAUTY 테라피,걸이고은에스테틱,Ohair studio,이지웰블루치과,d
train_3431.jpg,train/train_3431.jpg,이 식당의 상호명은 무엇인가요?,불고기백반,김치찌개,진한갈비탕,숯불갈비촌,d
train_3432.jpg,train/train_3432.jpg,사진 속 안내문에 따르면 비산먼지 저감을 위해 연결된 것은 무엇인가요?,상수도,가스,전기,인터넷,a
train_3433.jpg,train/train_3433.jpg,LG CNS AM INSPIRE CAMP 6기 모집 기간은 언제부터 언제까지인가요?,26.07.24(월) ~ 27.01.27(수),26.07.01(월) ~ 26.12.31(금),26.07.15(금) ~ 27.01.15(일),26.08.01(월) ~ 27.02.28(화),a
train_3435.jpg,train/train_3435.jpg,이 화면에 표시된 목차에서 3번째 항목은 무엇인가요?,"API, HTTP, requests 기초",JSON 파싱과 LLM 연결,변수와 자료형,"조건문, 반복문, 함수",a
train_3436.jpg,train/train_3436.jpg,이 제품의 에너지소비효율등급은 몇 등급입니까?,7등급,1등급,5등급,3등급,c
train_3437.jpg,train/train_3437.jpg,사진 속 건물에 적힌 음식점 이름은 무엇인가요?,한나래,어죽왕,청담동 김밥,스시원한 대구탕,d
train_3438.jpg,train/train_3438.jpg,이 건물에 입주해 있는 치과의 이름은 무엇인가요?,한강치과,이민호 치과,서울치과,강남치과,b
train_3439.jpg,train/train_3439.jpg,이 껌 제품의 브랜드명은 무엇인가요?,F 24 g,자일리톨,XYLITOL,LOTTE,c
train_3440.jpg,train/train_3440.jpg,이 사진 속 글자는 무엇이라고 적혀 있나요?,"안녕, 해운대","안녕하세요, 해운대","안녕, 광안리","안녕하세요, 광안리",c
train_3441.jpg,train/train_3441.jpg,이미지 속 보드카 브랜드 이름은 무엇인가요?,CALINA,KAHLUA,MIDORI,ABSOLUT VODKA,d
train_3442.jpg,train/train_3442.jpg,이 이미지에 보이는 '하이록스 스먼데이' 관련 안내문에 적힌 주소는 무엇인가요?,삼성로 45길 22,강남대로 123길 5,서초구 방배로 10,언주로 85길 13,d
train_3443.jpg,train/train_3443.jpg,이 건물에 있는 '후라이드 닭발 똥집 & 생맥' 가게는 어떤 층에 있나요?,지하 1층,3층,1층과 2층,4층,c
train_3444.jpg,train/train_3444.jpg,이 사진에 보이는 라면 이름은 무엇인가요?,오뚜기 진라면 매운맛,삼양 불닭볶음면,팔도 비빔면,농심 신라면 튜바,d
train_3445.jpg,train/train_3445.jpg,이 민트껌 제품의 브랜드 이름은 무엇인가요?,Altoids,Orbit,eclipse,Trident,c
train_3446.jpg,train/train_3446.jpg,이 경기에서 두산 베어스 투수 '이영하'가 기록한 시즌 승리는 몇 개인가요?,3,5,4,2,b
train_3447.jpg,train/train_3447.jpg,이 건물 외벽에 적힌 글씨 중 노란색 별 모양이 포함된 문구는 무엇인가요?,DMM.com,team Lab★,team Lab,DMM,b
train_3449.jpg,train/train_3449.jpg,이 이미지에 보이는 자동차 번호판 중 중앙에 크게 적혀 있는 단어는 무엇인가요?,TROLLSTIGEN,NORWAY,I ♥ NORWAY,MOOSE,a
train_3450.jpg,train/train_3450.jpg,중앙대학교 차세대반도체학과 설명회는 언제 개최되나요?,2024년 7월 1일 오후 5시,2024년 6월 2일 오후 3시,2024년 5월 30일 오전 10시,2024년 6월 24일 오후 6시 30분,d
train_3451.jpg,train/train_3451.jpg,'보존식'에 대한 주의사항으로 맞는 내용을 고르세요.,보존식은 개봉 후 바로 폐기해야 한다.,보존식은 반드시 냉장실에 보관해야 한다.,매 메뉴 제공되는 모든 메뉴를 1인분(150g) 이상 충분히 채워야 한다.,보존식은 -5도 이하에서만 보관해야 한다.,c
train_3452.jpg,train/train_3452.jpg,이 지하철역 출입구 번호는 무엇인가요?,8,6,5,3,b
train_3454.jpg,train/train_3454.jpg,계단 입구에 붙어 있는 두 개의 표지판 중 오른쪽 표지판에 적힌 문구는 무엇인가요?,천천히 걸으세요,기대지 마세요,손잡이 잡으세요,추락주의,b
train_3455.jpg,train/train_3455.jpg,이 음식점의 위생등급은 무엇인가요?,우수,보통,미흡,매우 우수,d
train_3456.jpg,train/train_3456.jpg,사진 속 버스 정류장 표지판에 적힌 버스 노선 번호 중에 없는 것은 무엇인가요?,342,333,350,301,c
train_3457.jpg,train/train_3457.jpg,이 가게의 영업시간 중 휴무일은 언제인가요?,일요일,토요일,수요일,화요일,d
train_3458.jpg,train/train_3458.jpg,파나소닉 전기면도기의 가격은 얼마인가요?,"87,150원","100,000원","75,000원","99,900원",d
train_3460.jpg,train/train_3460.jpg,이 가게의 전화번호는 무엇인가요?,043-2522,252-2723,252-2227,252-2722,d
train_3461.jpg,train/train_3461.jpg,"'핏타임 헬스' 포스터에 따르면, 12주 변신 프로그램에서 지원하지 않는 것은 무엇인가요?",바디 프로필 도전 지원,요요 없는 건강한 다이어트,체계적인 PT 관리,근력 증진 및 체력 강화,c
train_3462.jpg,train/train_3462.jpg,한샘리하우스 매장 안내에서 110동에 위치한 호수는 무엇인가요?,3003호,1002호,407호,1006호,d
train_3464.jpg,train/train_3464.jpg,이 입장권에 적힌 장소 이름은 무엇인가요?,うみたまご,湯布院,かまど地獄,別府?泉,c
train_3467.jpg,train/train_3467.jpg,누룽지 POP 제품의 맛은 무엇이라고 적혀 있나요?,매운맛,달콤한맛,짭짤한맛,신맛,b
train_3469.jpg,train/train_3469.jpg,사진 속 교통 표지판에 표시된 제한 속도는 얼마인가요?,60 km/h,50 km/h,30 km/h,40 km/h,b
train_3470.jpg,train/train_3470.jpg,여름 점심 특선 메뉴 중 '만두냉면'의 가격은 얼마인가요?,"15,000원","11,000원","10,000원","13,000원",d
train_3471.jpg,train/train_3471.jpg,이 건물 창문에 적힌 글자 중에 포함되지 않은 단어는 무엇인가요?,비누,여성,요로,결석,a
train_3472.jpg,train/train_3472.jpg,이 버스 정류장의 이름은 무엇인가요?,시커먼노,마을버스 수협,대양씽크공장,마을버스 서구2-2,b
train_3473.jpg,train/train_3473.jpg,포켓몬 과자 봉지에 적힌 문구 중 맞는 것은 무엇인가요?,포켓몬의 감자칩,포켓몬의 바나나맛 젤리,포켓몬의 초콜릿맛 스낵,포켓몬의 딸기맛 캔디,c
train_3475.jpg,train/train_3475.jpg,이 음식점 간판에 적힌 음식 이름은 무엇인가요?,제육볶음,된장찌개,간바지 연탄 고추장 불고기,김치찌개,c
train_3476.jpg,train/train_3476.jpg,사진 속에 보이는 치약 브랜드는 무엇인가요?,크레스트,아쿠아플러스,센소다인,콜게이트,c
train_3477.jpg,train/train_3477.jpg,사진에 보이는 간판에 적힌 전화번호는 무엇인가요?,051-972-0750,010-9999-8888,02-345-6789,031-123-4567,a
train_3478.jpg,train/train_3478.jpg,사진에 보이는 치과 이름은 무엇인가요?,찬부인과,유디씨 치과,용학원,열린치과,d
train_3479.jpg,train/train_3479.jpg,이 자판기에서 판매하는 도넛 브랜드 이름은 무엇인가요?,Paris Baguette,Dunkin' Donuts,Krispy Kreme,Mister Donut,c
train_3480.jpg,train/train_3480.jpg,이 울타리에 붙어 있는 표지판에 적힌 내용은 무엇인가요?,주차 금지 구역입니다,관계자 외 출입금지,출입구는 오른쪽입니다,안전모를 착용하세요,b
train_3481.jpg,train/train_3481.jpg,사진 속 투명 병에 적혀 있는 브랜드 이름은 무엇인가요?,Pepsi,Sprite,SINGHA,Coca-Cola,c
train_3482.jpg,train/train_3482.jpg,사진 속 쿠키에 노란색 크림으로 적힌 글자는 무엇인가요?,지원,행복,사랑,희망,a
train_3483.jpg,train/train_3483.jpg,이 가게의 간판에 적힌 가게 이름은 무엇인가요?,한우 전문점,사계절 한우,사계절 흑염소,흑염소 전문점,c
train_3485.jpg,train/train_3485.jpg,엘리베이터 안에 붙어 있는 종이에 적힌 내용 중 올바른 것은?,이 층은 출입금지 구역입니다,엘리베이터 고장 조심하세요,관리사무소 연락처는 010-1234-5678입니다,피아노 제발 공간 소음 멈춰주세요,d
train_3487.jpg,train/train_3487.jpg,이 사진 속 간판에 적힌 숙박 시설의 이름은 무엇인가요?,OCEAN VIEW HOTEL,BLUE HORIZON INN,SOL BEACH HOTELS & RESORTS,SUNNY BAY RESORT,c
train_3488.jpg,train/train_3488.jpg,이미지 속 '무세명 영어교습소'에서 제공하는 오픈기념 서비스는 무엇인가요?,할인 쿠폰,무료 특강,유료 특강,개인 과외,b
train_3489.jpg,train/train_3489.jpg,야구 경기장의 광고판에 적힌 커피와 베이커리 관련 상호명은 무엇인가요?,대방1장,부루펜,아이클타임,금성백조,a
train_3490.jpg,train/train_3490.jpg,이 책 시리즈에서 3번째 책의 제목은 무엇인가요?,TOWERING PRIDE AND TRUE LIFE,RAIN OF FIRE,CREATION,VOYAGE OF THE ARK,a
train_3491.jpg,train/train_3491.jpg,이 건물에 있는 식육점의 이름은 무엇인가요?,능금101,토끼 식육점,초원 한우,명성 꽃집,c
train_3492.jpg,train/train_3492.jpg,포스터에 따르면 1시간 운동 시 소모되는 칼로리는 얼마인가요?,"2,000칼로리","1,000칼로리",500칼로리,"1,500칼로리",b
train_3493.jpg,train/train_3493.jpg,사진 속 켈로그 제품에 적힌 맛은 무엇인가요?,딸기&요거트,카라멜&피칸,바닐라&아몬드,초코&바나나,b
train_3494.jpg,train/train_3494.jpg,이 사진에 보이는 컵과 유리잔에 적힌 글자는 무엇인가요?,SECTOR TEA ROASTERS,SECTOR COFFEE ROASTERS,SECTOR COFFEE TOASTERS,SEASON COFFEE ROASTERS,b
train_3496.jpg,train/train_3496.jpg,이 책의 제목은 무엇인가요?,C++ for Beginner 4판,파이썬 for Beginner 4판,파이썬 for Intermediate 4판,자바 for Beginner 3판,b
train_3497.jpg,train/train_3497.jpg,벽에 붙어 있는 작은 종이에 적힌 전화번호는 무엇인가요?,02) 3471-5638,02) 1234-5678,010) 1234-5678,031) 9876-5432,a
train_3498.jpg,train/train_3498.jpg,이미지에서 포장지에 'Potato Chips'라고 적힌 감자칩의 맛은 무엇인가요?,Multigrain,Sweet Corn,Classic,Real,c
train_3499.jpg,train/train_3499.jpg,이 이미지에 있는 안내문에 따르면 2026년 4월 7일부터 봉은교와 탄천동로 구간에서 어떤 조치가 시행된다고 적혀 있나요?,부분 통제,주차 허용,통행 자유,전면 통제,d
train_3500.jpg,train/train_3500.jpg,이 건물에 있는 간판들 중에서 와인 바를 나타내는 간판에 적힌 이름은 무엇인가요?,지하 노래클럽,물감 WINE BAR,문하숙 지하 노래클럽,Paint Wine Bar,b
train_3501.jpg,train/train_3501.jpg,이 사진에 보이는 상호명은 무엇인가요?,창원오토바이,미술,BYC,동일로 195길,a
train_3502.jpg,train/train_3502.jpg,이미지 속 'CLEVER MUSCLE' 제품에 적힌 문구 중 올바른 것은 무엇인가요?,100% WPI WEY PROTEIN ISOLATE,100% WPI HEY PROTEIN ISOLATE,100% WPI WHEY PROTEIN ISOLAT,100% WPI WHEY PROTEIN ISOLATE,d
train_3503.jpg,train/train_3503.jpg,이 편의점의 상호명은 무엇인가요?,CU,7-Eleven,GS25,이마트24,a
train_3504.jpg,train/train_3504.jpg,벽에 적힌 문구 중 '성공의 비밀'에 대해 무엇이라고 말하고 있나요?,Success is the result of hard work and talent.,"Put Your heart, mind, and soul into even your smallest acts.",Dream big and work hard every day.,Failure is the stepping stone to success.,b
train_3505.jpg,train/train_3505.jpg,이 이미지에 적힌 문구의 출처 영화 제목은 무엇인가요?,블레이드 러너 Blade Runner (1982),이터널 선샤인 Eternal Sunshine (2004),매트릭스 The Matrix (1999),인셉션 Inception (2010),c
train_3506.jpg,train/train_3506.jpg,사진 속 아이스크림 상품 이름은 무엇인가요?,허쉬 초코탑 콘 크리미 아몬드,롯데 월드 콘 아이스크림,빙그레 바나나맛 우유,더위사냥 아이스바,a
train_3508.jpg,train/train_3508.jpg,이미지에 보이는 건물에 입주한 병원은 무엇인가요?,노안 백내장 수술 센터,케임씨잉 안과,하나 증권,연세 엘레슈 피부 비만,b
train_3509.jpg,train/train_3509.jpg,이 가게의 이름은 무엇인가요?,오통복닭,오복통닭,복닭오통,복오통닭,b
train_3510.jpg,train/train_3510.jpg,다음 중 사진 속 음료의 원재료로 표시된 곡물은 무엇인가요?,쌀,옥수수,보리,밀,c
train_3511.jpg,train/train_3511.jpg,이 책 제목은 무엇인가요?,고전문학,픽션스,에셔의 손,불가능한 이야기,b
train_3512.jpg,train/train_3512.jpg,이 잡지 광고에 소개된 과일의 이름은 무엇인가요?,리치,파파야,망고스틴,두리안,d
train_3513.jpg,train/train_3513.jpg,이 장바구니에 붙어있는 주의 문구 중 '카트에서 아이가 떨어질 경우' 일어날 수 있는 상황은 무엇인가요?,장바구니가 부서질 수 있다,심각한 안전사고를 입을 수 있다,다른 손님에게 방해가 될 수 있다,상품이 손상될 수 있다,b
train_3514.jpg,train/train_3514.jpg,"이미지의 안내판에 따르면, 'Pig-nosed Turtle'은 어느 지역에서 발견되나요?",북부 호주와 뉴기니,남부 아프리카,서부 미국,동부 유럽,a
train_3515.jpg,train/train_3515.jpg,이 가게에서 판매하는 상품으로 맞는 것은 무엇인가요?,운동기구,식품,전자제품,패션가방,d
train_3516.jpg,train/train_3516.jpg,사진 속 약국의 전화번호는 무엇인가요?,031-987-6543,02-1234-5678,952-8513,952-3324,c
train_3517.jpg,train/train_3517.jpg,사진 속 상가 건물에 적힌 간판 문구 중 일부가 아닌 것은 무엇인가요?,서울특별시청,한번 더 찾는 사람이 많은 이유가 있다!,횡실왕찜복,한사리감자탕&뼈구이,a
train_3519.jpg,train/train_3519.jpg,사진 속 책 중에서 '빵빵한 어린이' 시리즈에 포함되지 않은 책은 무엇인가요?,빵빵한 어린이 수수께끼,빵빵한 어린이 한국위인 1,빵빵한 어린이 세계일주,나는 스도쿠 천재가 될 거야,d
train_3520.jpg,train/train_3520.jpg,사진에 보이는 치과의원은 몇 층에 위치해 있나요?,4층,2층,7층,10층,c
train_3521.jpg,train/train_3521.jpg,다음 중 메뉴판에 적힌 '스파이시 치킨 케사디아'의 가격은 얼마인가요?,"13,900원","14,900원","12,900원","15,900원",d
train_3522.jpg,train/train_3522.jpg,이 이미지에 등장하는 영화의 제목은 무엇인가요?,공각기동대,블레이드 러너,체인소 맨,아키라,c
train_3526.jpg,train/train_3526.jpg,사진 속 누전차단기 중에서 정격전류가 20A인 제품의 형식명은 무엇인가요?,S-32,SEH-32,SGO-2N,GB-2C,d
train_3527.jpg,train/train_3527.jpg,이 지하철역 승강장 스크린도어에 적힌 경고 문구는 무엇인가요?,승강장 내 흡연 금지!,선로 침범 금지!,발빠짐 주의!,문에 손 끼임 주의!,c
train_3528.jpg,train/train_3528.jpg,사진에 보이는 초콜릿 제품 중 '가나 마일드' 초콜릿의 카카오 함량은 얼마인가요?,16%,19%,34%,20%,b
train_3529.jpg,train/train_3529.jpg,이 사진에 보이는 지하철역 출입구는 어느 역입니까?,서울역,홍대입구역,신촌역,강남역,c
train_3530.jpg,train/train_3530.jpg,이 지하철역에서 볼 수 있는 역 이름은 무엇인가요?,봉화산,명동역,상림역,홍대입구역,a
train_3531.jpg,train/train_3531.jpg,2026 국제 ACE 일러스트레이션 페어는 언제 열리나요?,9.10 ~ 9.13,9.1 ~ 9.5,9.20 ~ 9.23,9.12 ~ 9.15,a
train_3532.jpg,train/train_3532.jpg,사진 속 건물 중에 '기력기 요리'라는 간판이 붙어 있는 가게가 위치한 건물의 색상은 무엇인가요?,노란색과 파란색,초록색과 주황색,흰색과 분홍색,회색과 검은색,c
train_3533.jpg,train/train_3533.jpg,사진 속 가게 이름은 무엇인가요?,마이커피,샐러드박스,마이샐러드,그린테이블,c
train_3534.jpg,train/train_3534.jpg,FEARX CAFE의 영업시간은 언제부터 언제까지인가요?,09:00부터 18:00까지,11:00부터 19:00까지,10:00부터 21:00까지,12:00부터 20:00까지,b
train_3535.jpg,train/train_3535.jpg,이 건물에 위치한 '미라클' 피부과에서 제공하지 않는 시술은 무엇인가요?,보톡스,필러,피부미산치료,치아교정,d
train_3536.jpg,train/train_3536.jpg,관리사무소의 평일 업무시간은 언제부터 언제까지인가요?,오전8시 ~ 오후5시,오전9시 ~ 오후6시,오전7시 ~ 오후4시,오전10시 ~ 오후7시,a
train_3538.jpg,train/train_3538.jpg,이 교통관리시스템 장비가 설치된 도로 이름은 무엇인가요?,서현로,테헤란로,청계천로,분당로,a
train_3539.jpg,train/train_3539.jpg,이 이미지에 보이는 텍스트는 무엇인가요?,Caribbean Bay,Pacific Ocean,Golden Beach,Sunny Island,a
train_3540.jpg,train/train_3540.jpg,강릉 길감자 메뉴에서 기본으로 제공되는 소스 개수는 몇 개인가요?,2개,4개,3개,1개,a
train_3541.jpg,train/train_3541.jpg,방수용 기구함과 소화전 사용 방법에서 두 번째 단계는 무엇인가요?,밸브 열기,호스 빼내기,밸브 닫기,불 끄기,a
train_3543.jpg,train/train_3543.jpg,소화전 사용법에서 화재 시 두 번째로 해야 할 일은 무엇인가요?,호스 빼내기,밸브 열기,불 끄기,밸브 닫기,b
train_3545.jpg,train/train_3545.jpg,사진 속에서 'NEW 헤이즐 스테인리스 텀블러'의 가격은 얼마인가요?,"35,000","25,000","30,000","20,000",b
train_3546.jpg,train/train_3546.jpg,이 사진에 보이는 축구 클럽의 이름은 무엇인가요?,Chelsea,Liverpool,Arsenal,Manchester United,c
train_3549.jpg,train/train_3549.jpg,이 영화관에서 상영 예정인 영화의 제목은 무엇인가요?,호퍼스,어벤져스,스파이더맨,겨울왕국,a
train_3550.jpg,train/train_3550.jpg,"이 엘리베이터 내부에 붙어 있는 안내문에 따르면, 강의실 확인은 어디에서 가능한가요?",교육지원센터,1층 안내데스크,엘리베이터 앞,관리사무소,a
train_3551.jpg,train/train_3551.jpg,이 건물 3층에 위치한 업소의 이름은 무엇인가요?,더넛츠 홀덤,sweety BAR,COCO STATION,퍼플 원탁가라오케,a
train_3552.jpg,train/train_3552.jpg,사진 속 상자에 적혀 있는 제품 이름은 무엇인가요?,NUCLEO-F446RE,STM32 Development Tools,Deep Moisture,PASSION BEYOND,b
train_3553.jpg,train/train_3553.jpg,아이스크림 메뉴 중에서 '자두 샤워'라는 이름이 붙은 메뉴의 영어 이름은 무엇인가요?,POTATO ATTACK,PISTA FOREST,PLUM SHOWER,TUKA BACON,c
train_3554.jpg,train/train_3554.jpg,빨간 배경에 있는 말풍선 중 '인생은 아름다운 것...'이라고 적힌 문구는 무엇이라고 시작되나요?,유후~ 유후~ 인생은 아름다운 것...,좋은 쪽으로 해석하라고... 항상 긍정적으로 생각해야 한다니까...,"여보세요, 여기는 이제 언","한번 안아 보자! 안아 보자고! 다시 만나서 정말 기뻐, 땡땡!",a
train_3555.jpg,train/train_3555.jpg,이 건물의 5층에는 어떤 병원이 있나요?,V-BEAUTY 테라피,이지웰블루치과,걸이고은 에스테틱,Ohair studio,b
train_3557.jpg,train/train_3557.jpg,이 노란색 자전거에 적혀 있는 서비스 이름은 무엇인가요?,빨간 자전거,카카오 T 바이크,서울 자전거 따릉이,킥고잉 전동킥보드,b
train_3558.jpg,train/train_3558.jpg,이 건물 입구 위에 적혀 있는 글자는 무엇인가요?,CCTV 촬영중,푸른마을,공동현관,종이 캔 플라스틱,c
train_3559.jpg,train/train_3559.jpg,"이미지 속에서 가격표에 표시된 3,500엔 상품은 어떤 캐릭터인가요?",회색 정장을 입은 캐릭터,하얀 머리와 선글라스를 낀 캐릭터,검은 옷을 입고 안대를 낀 캐릭터,근육질의 문신이 있는 캐릭터,b
train_3560.jpg,train/train_3560.jpg,이 소화기 표지에 적힌 문구 중 다음 중 올바른 것은 무엇인가요?,소화기 교체일자,소화기 점검일자,소화기 보관장소,소화기 사용방법,d
train_3561.jpg,train/train_3561.jpg,책장에 꽂힌 책 중에서 'C++' 프로그래밍과 관련된 책 제목은 무엇인가요?,성찰과 표현,C++ 프로그래밍,Java의 정석,디지털 디자인,b
train_3563.jpg,train/train_3563.jpg,이 세탁소 문에 적힌 문구 중에서 이 가게의 운영 시간을 나타내는 것은 무엇인가요?,24시,금연구역,셀프 빨래방,Laundry Day,a
train_3564.jpg,train/train_3564.jpg,다음 중 '내일'이라는 곡의 OST 가수는 누구인가요?,멜로망스,ELLIE GOULDING,김범수,한희정,d
train_3565.jpg,train/train_3565.jpg,이 건물 1층에 위치한 편의점의 이름은 무엇인가요?,CU,GS25,7-Eleven,Ministop,b
train_3566.jpg,train/train_3566.jpg,이 이미지에서 강조하고 있는 내용은 무엇인가요?,독서도 지식 성장 훈련이다,검명사 GYMYOUNG 출판사,글손실 NO! 체지식량 UP!,독서와 글쓰기는 별개이다,a
train_3567.jpg,train/train_3567.jpg,카페 온화에서 오늘의 추천 메뉴는 무엇인가요?,딸기 케이크,초코 케이크,바닐라 아이스크림,카라멜 마끼아또,a
train_3568.jpg,train/train_3568.jpg,이 공사 안내문에서 방문자에게 전하는 말은 무엇인가요?,공사 기간은 2주간 진행됩니다,안전모 착용이 의무입니다,공사 구역에 출입 금지입니다,통행에 불편을 드려 대단히 죄송합니다,d
train_3569.jpg,train/train_3569.jpg,이 사진 속 소주병 중에서 '좋은데이' 브랜드가 아닌 것은 무엇인가요?,좋은데이 청포도,참이슬,좋은데이,좋은데이 복숭아,b
train_3570.jpg,train/train_3570.jpg,이미지 속 중앙 모니터에 표시된 'LOCAL FLOW' 아래에 적혀 있는 문구는 무엇인가요?,함께하는 힘으로 더 나은 세상을 만든다,지금 이 순간을 즐기세요,"당신은, 어디에서 미래를 그리고 있나요?",새로운 도전을 환영합니다,c
train_3572.jpg,train/train_3572.jpg,포토 티켓에 소개된 10월 31일 공연의 장소는 어디인가요?,세종문화회관 대극장,롯데시네마,무인정산기 위치,지하 1층,a
train_3574.jpg,train/train_3574.jpg,이미지 속 상자에 적힌 문구 중 'SSAFY'와 관련된 내용으로 옳은 것은 무엇인가요?,SSAFY 16기 입학을 축하합니다,SSAFY 16기 수료를 축하합니다,SSAFY 17기 입학을 축하합니다,SSAFY 15기 졸업을 축하합니다,a
train_3575.jpg,train/train_3575.jpg,이 승차권은 어디에서 어디까지 가는 티켓인가요?,삿포로에서 도쿄까지,도쿄에서 삿포로까지,삿포로에서 신치토세 공항까지,신치토세 공항에서 삿포로까지,c
train_3576.jpg,train/train_3576.jpg,이 장난감 가격표에 따르면 'Woody Sheriff'의 가격은 얼마인가요?,HK$200,HK$150,HK$190,HK$179,d
train_3577.jpg,train/train_3577.jpg,사진 속 '나눔문화 확산 프로젝트'에서 사용되는 나눔 키오스크를 통해 1회 체크 시 기부되는 금액은 얼마인가요?,2천 원,5백 원,1만 원,1천 원,d
train_3578.jpg,train/train_3578.jpg,이 식당의 간판에 적힌 음식점 이름은 무엇인가요?,회명청이수산,도다리회,새우튀김,고등어구이,a
train_3579.jpg,train/train_3579.jpg,'테이블야자' 화분의 가격은 얼마인가요?,"5,000원","6,000원","7,000원","8,000원",b
train_3580.jpg,train/train_3580.jpg,이 사진에 보이는 간판 중에서 영문으로 적힌 상호명은 무엇인가요?,STARBUCKS,뉴트리코어,광주,수완퍼스트,a
train_3581.jpg,train/train_3581.jpg,이 페트병에 적힌 '행운뚜껑 EVENT' 문구와 관련된 내용으로 맞는 것은 무엇인가요?,뚜껑을 모으면 선물을 받을 수 있다,뚜껑은 재사용할 수 없다,뚜껑 가격은 100원이다,뚜껑을 열면 할인 쿠폰이 나온다,d
train_3582.jpg,train/train_3582.jpg,다음 중 국립경주박물관까지의 거리가 올바르게 적힌 것은 무엇인가요?,1.5km,8.1km,2.3km,0.8km,c
train_3583.jpg,train/train_3583.jpg,이 가게의 메뉴 중 가격이 가장 높은 음식은 무엇인가요?,"차항 8,530원","하루마끼 12,345원","야끼동 9,680원","아부라소바 11,000원",b
train_3584.jpg,train/train_3584.jpg,이미지에서 초록색 박스에 적혀 있는 건강 보조제의 가격은 얼마인가요?,20.00 바트,30.00 바트,40.00 바트,79.00 바트,a
train_3585.jpg,train/train_3585.jpg,사진 속 안내문에 적힌 내용은 무엇에 대한 설명인가요?,도착 지역 안내,이동식 물막이판 설치 방법,긴급 대피 방법,주차 요금 안내,b
train_3587.jpg,train/train_3587.jpg,이 드론 불빛으로 표현된 문구에서 강조된 단어는 무엇인가요?,예산,시민은,예산으로,머리,b
train_3588.jpg,train/train_3588.jpg,이 가게 '투다리'는 무엇을 주로 판매하는 곳인가요?,호프주점,한식 전문점,베이커리,커피숍,a
train_3590.jpg,train/train_3590.jpg,'추론 품질 구조적 향상' 항목에서 에이전트당 도구 수가 어떻게 최적화되었나요?,60+개에서 20개로 최적화,100개에서 50개로 최적화,80개에서 40개로 최적화,30개에서 10개로 최적화,a
train_3591.jpg,train/train_3591.jpg,상자 안에 있는 과자 중 '크라운' 브랜드의 이름이 적힌 과자는 무엇인가요?,초코하임,에이스,고래밥,윌리,a
train_3592.jpg,train/train_3592.jpg,식당 출구를 이용하려면 어떻게 해야 하나요?,스마트폰을 사용하며 계단을 이용하세요.,계단으로 이동 후 19층 엘리베이터를 이용하세요.,19층에서 바로 출구로 나가세요.,20층에서 엘리베이터를 이용하세요.,b
train_3593.jpg,train/train_3593.jpg,이 사진에서 보이는 응급차의 전화번호는 무엇인가요?,02-1234,9988-7705,999-9999,119,d
train_3595.jpg,train/train_3595.jpg,이 가게에서 '생태탕'의 가격은 얼마인가요?,"9,000원","15,000원","6,000원","12,000원",d
train_3598.jpg,train/train_3598.jpg,다음 중 이미지에 보이는 한의원의 이름은 무엇인가요?,해미경희한의원,삼성구이,은성,헤어바리,a
train_3599.jpg,train/train_3599.jpg,이 이미지에 보이는 두산 베어스 공식 어택팬 샵의 이름은 무엇인가요?,WeFAN,BearShop,FanZone,DoosanShop,a
train_3600.jpg,train/train_3600.jpg,골드클럽스 금 거래소의 전화번호는 무엇인가요?,054) 123-4567,054) 471-4776,054) 333-2222,054) 987-6543,b
train_3606.jpg,train/train_3606.jpg,이미지에서 AI 에이전트(Agent)가 실행 환경과 상호작용할 때 사용하는 실행 환경에 포함되지 않은 것은 무엇인가요?,DB,File System,웹 브라우저,API,c
train_3607.jpg,train/train_3607.jpg,이 전광판에 표시된 현재 접근하는 열차의 목적지는 어디인가요?,Daerim,Sinlim,Bongseon,Sindebang,a
train_3608.jpg,train/train_3608.jpg,사진 속 강의자료에서 다루는 주제는 무엇인가요?,생물학적 세포 분석,기계공학의 기본 원리,폴리머의 입체구조 분석,금속의 전기적 특성,c
train_3609.jpg,train/train_3609.jpg,이 도로 표지판에서 '백양터널'로 가려면 어느 방향으로 가야 하나요?,우회전,직진,후진,좌회전,b
train_3610.jpg,train/train_3610.jpg,여자화장실 비밀번호는 무엇인가요?,5678,0303*,9999,1234,b
train_3611.jpg,train/train_3611.jpg,이 소화전 사용법에서 '불 끄기' 단계는 몇 번째인가요?,2번째,4번째,3번째,1번째,c
train_3612.jpg,train/train_3612.jpg,이 과자 제품의 맛은 무엇인가요?,바삭한 버터맛 팝콘,짭짤한 감자칩,달콤한 상상 크리미 카라멜팝콘,매콤한 치즈 맛 팝콘,c
train_3613.jpg,train/train_3613.jpg,이 건물 앞에 있는 간판에 적힌 음식점의 이름은 무엇인가요?,더 키움,디키움 엔터테인먼트,에벤에셀 오피스텔,노래대 감자탕,d
train_3614.jpg,train/train_3614.jpg,"다음 중 가격이 1,200원인 과자는 무엇인가요?",구운감자칩,허니버터칩,양파링 오리지널,초코퐁당 비스킷,c
train_3615.jpg,train/train_3615.jpg,이 음료수 병에 적혀 있는 제품 이름은 무엇인가요?,마운틴 듀,게토레이,파워에이드,포카리 스웨트,d
train_3616.jpg,train/train_3616.jpg,이 병원은 어떤 진료 분야에 전문성을 강조하고 있나요?,"치과, 안과, 이비인후과","척추, 관절, 신경, 시술, 스포츠재활","소아과, 내과, 피부과","내과, 정신과, 재활의학과",b
train_3618.jpg,train/train_3618.jpg,이 가게의 이름은 무엇인가요?,77양념치킨,99후라이드치킨,66치킨하우스,88켄터키치킨,d
train_3619.jpg,train/train_3619.jpg,"이 트럭에 적힌 문구에 따르면, 위스키와 와인은 어디에서 사라고 안내하고 있나요?",앱스토어에서 데일리샷을 검색하세요,한국TDB 신용정보에서 구매하세요,근처 편의점에서 구매하세요,트럭 운전사에게 문의하세요,a
train_3622.jpg,train/train_3622.jpg,사진 속 간판에 적힌 '순남시래기' 역삼점의 전화번호는 무엇인가요?,7-ELEVEN,566-8116,508.0887,116아5601,c
train_3624.jpg,train/train_3624.jpg,사진 속 건물에 위치한 어학연수 유학센터는 몇 층에 있나요?,2층,지하 1층,1층,3층,d
train_3626.jpg,train/train_3626.jpg,이 글에서 왕관 표시가 붙어 있는 이름은 무엇인가요?,지예,수면,한비,석현,b
train_3628.jpg,train/train_3628.jpg,따순국물 식당의 오늘 메뉴 중에서 가장 저렴한 음식은 무엇인가요?,계란말이,된장찌개,김치찌개,제육덮밥,a
train_3629.jpg,train/train_3629.jpg,이미지에 보이는 '보드게임카페'는 어느 층에 위치해 있나요?,4층,3층,1층,2층,b
train_3630.jpg,train/train_3630.jpg,이 음료의 이름은 무엇인가요?,바닐라라떼 ICE,아메리카노 HOT,피스타치오라떼 ICE,카라멜마끼아또 HOT,c
train_3631.jpg,train/train_3631.jpg,이 건물에 있는 가게 중에서 '낙지박사'라는 이름이 적힌 곳은 어디인가요?,NO NAME rooftop Cafe,7-ELEVEN,낙지박사,꽃게선장 낙지박사,d
train_3634.jpg,train/train_3634.jpg,계약 단계별 전세사기 예방 체크리스트에서 '계약서 작성' 단계에 포함되지 않은 항목은 무엇인가요?,집배달 서비스 신청,집주인과 대면 작성,대리인 계약 시 위임장,등기부등본 확인,a
train_3635.jpg,train/train_3635.jpg,제이숲 셀프클리닉 손상모 샴푸 2X 기획 제품에 포함된 추가 증정 용량은 얼마인가요?,200ml,50ml,150ml,100ml,d
train_3637.jpg,train/train_3637.jpg,이 작품의 제목은 무엇인가요?,내 주식은 왜 오르지 않는가,오정현의 작품 세계,왜 내 주식만 떨어지는가,주식 투자 성공기,c
train_3638.jpg,train/train_3638.jpg,이 건물 옥상에 적힌 사무실 임대 월세 금액은 얼마인가요?,월 15만,월 10만,월 30만,월 20만,a
train_3639.jpg,train/train_3639.jpg,이 벽화에 쓰인 문자는 무엇인가요?,히에로글리프(상형문자),한글,한자,라틴 문자,a
train_3640.jpg,train/train_3640.jpg,다음 중 이미지 속 '논다노래타운 NONDA' 간판에 적힌 문구로 올바른 것은 무엇인가요?,서면가차샵,방 vs 방 노래대결 * 모두와 대결,24시 방VS방,가맹점문의 1522-6602,b
train_3641.jpg,train/train_3641.jpg,이 건물 옥상에 적혀 있는 글자는 무엇인가요?,HYUNDAI,LG,SONY,SAMSUNG,d
train_3642.jpg,train/train_3642.jpg,이 건물 지하에 위치한 시설 중 24시간 영업하는 곳은 어디인가요?,동성 락 볼링장,무인카페,사우나·찜질방 헬스,당구장,c
train_3643.jpg,train/train_3643.jpg,이 이미지에서 보이는 상호명은 무엇인가요?,조앤조,ESC,다이소,ON세라,c
train_3644.jpg,train/train_3644.jpg,사진 속 도로 표지판에 따르면 '장덕도서관'이 있는 방향은 어디인가요?,뒤쪽 방향,오른쪽 방향,왼쪽 방향,직진 방향,b
train_3645.jpg,train/train_3645.jpg,책 표지에 적힌 제목은 무엇인가요?,세계의 다양한 빵,세계의 빵 이야기,세계의 귀여운 빵,세계의 맛있는 빵,c
train_3648.jpg,train/train_3648.jpg,이미지 속 봉투에 적힌 손 씻기 방법 중 한 가지는 무엇인가요?,손을 비누 없이 물로만 헹굼,손을 씻은 뒤 바로 눈을 문지름,손을 깨끗이 씻고 수건 등으로 가볍게 닦음,손을 씻지 않고 바로 약을 바름,c
train_3649.jpg,train/train_3649.jpg,이 광고에서 강조하는 생토마토 주스의 특징은 무엇인가요?,"무설탕, 무첨가물의 건강한 주스",시원한 얼음이 가득한 토마토 주스,신선한 바질이 들어간 토마토 주스,100% 리얼 생토마토가 듬뿍 들어간 생토마토주스,d
train_3651.jpg,train/train_3651.jpg,이 역의 이름은 무엇인가요?,서울역,대전역,광주역,부산역,b
train_3652.jpg,train/train_3652.jpg,위 두 청소포 제품 중에서 40매가 들어있는 제품의 가격은 얼마인가요?,"\3,000","\2,000","\1,000",\500,c
train_3653.jpg,train/train_3653.jpg,이 버스 정류장 광고에 나온 제품 이름은 무엇인가요?,불뉴머,블루머,불뉴머크,불루머,a
train_3654.jpg,train/train_3654.jpg,이 AED(자동 심장 제세동기) 보관함에 적힌 경고 문구는 무엇인가요?,AED는 24시간 사용 가능합니다.,사용 후 즉시 문을 닫아 주세요.,문을 열 때 조심하세요.,문을 열면 경고음이 울립니다.,d
train_3658.jpg,train/train_3658.jpg,이 가게의 이름은 무엇인가요?,해드림김밥,모든메뉴포장됩니다,Sanitec,CLOSED,a
train_3660.jpg,train/train_3660.jpg,이 이미지에 보이는 어린이보호구역 표지판에 적힌 제한 속도는 얼마인가요?,30km/h,20km/h,50km/h,40km/h,a
train_3661.jpg,train/train_3661.jpg,이 부동산 사무소의 대표자 이름은 무엇인가요?,이철수,강하린,박지영,김민수,b
train_3662.jpg,train/train_3662.jpg,이 사진 속 도로명 표지판에 적힌 도로 이름은 무엇인가요?,이계북로,이계남로,이계서로,이계동로,a
train_3663.jpg,train/train_3663.jpg,이 과자의 이름은 무엇인가요?,초코건,초코바,초코칩,초콜릿 쿠키,a
train_3664.jpg,train/train_3664.jpg,이 제품은 무엇을 위한 가루입니까?,파우더 치즈,고추 가루,마늘 가루,생강 가루,c
train_3665.jpg,train/train_3665.jpg,이 MacBook Pro 14의 메모리 용량은 얼마인가요?,64GB,16GB,24GB,32GB,c
train_3666.jpg,train/train_3666.jpg,이 조형물 아래에 적힌 글자는 무엇인가요?,#부산걷기대회,#서울마라톤,#인천하프마라톤,#제주런닝맨,d
train_3668.jpg,train/train_3668.jpg,이 게임 결과 화면에서 KAZUYA 캐릭터가 받은 데미지는 얼마인가요?,0,355%,5,202%,d
train_3669.jpg,train/train_3669.jpg,사진 속 붉은색 상자에 적힌 제품명은 무엇인가요?,모메원 점비액,오렉스 밴드,이클립스 민트향,비욘드 딥 모이스처,b
train_3670.jpg,train/train_3670.jpg,이 가게의 간판에 적힌 상호명은 무엇인가요?,광통골국문학매,광통골국수,광통골국밥,광통골국문학매 유부,d
train_3672.jpg,train/train_3672.jpg,이미지 속 술병 중 'Wild Turkey' 라벨에 적힌 술의 종류는 무엇인가요?,Scotch Whisky,Irish Whiskey,Japanese Whisky,Bourbon Whiskey,d
train_3673.jpg,train/train_3673.jpg,이 건물에 입주한 약국의 이름은 무엇인가요?,열린가정의원,조은약국,송월먹자골,수학단과,b
train_3675.jpg,train/train_3675.jpg,이 상품의 가격은 얼마인가요?,"\1,000","\1,500",\500,"\2,000",a
train_3676.jpg,train/train_3676.jpg,사진 속 가격표에 따르면 '불닭볶음면' 컵라면의 가격은 얼마인가요?,?1.09,?1.89,?1.30,?1.19,b
train_3677.jpg,train/train_3677.jpg,이 책 표지에 적힌 문구는 무엇인가요?,책은 보물이다,책은 친구다,책은 도끼다,책은 여행이다,c
train_3679.jpg,train/train_3679.jpg,이 역의 이름은 무엇인가요?,Shizuoka,Numazu,Mishima,Katahama,b
train_3681.jpg,train/train_3681.jpg,물병에 적힌 문구는 무엇인가요?,UNDERWOOD HOUSE - 2019,"Real Coffee Anytime, Anywhere",KOPIKO Cappuccino,SAMSUNG W ACADEMY SOUTH,a
train_3683.jpg,train/train_3683.jpg,이 사진 속 키보드에 적힌 브랜드명은 무엇인가요?,LOGITECH,RAZER,CORSAIR,DAREU,d
train_3684.jpg,train/train_3684.jpg,우리동네마트 복권판매점에서 강조하는 번호는 무엇인가요?,3등 5번,1등 4번,1등 7번,2등 3번,b
train_3685.jpg,train/train_3685.jpg,구미시 청춘남녀 만남행사 신청 기간은 언제부터 언제까지인가요?,2026.8.3 ~ 8.23,2023.8.1 ~ 8.15,2024.6.1 ~ 6.15,2025.7.1 ~ 7.20,a
train_3686.jpg,train/train_3686.jpg,성심당 창업 70주년 기념전시의 제목은 무엇인가요?,오래된 진심,성심당 이야기,70년의 역사,새로운 시작,a
train_3687.jpg,train/train_3687.jpg,이 제품의 이름은 무엇인가요?,알리오 올리오 파스타,토마토 스파게티,크림 파스타,해산물 파스타,a
train_3688.jpg,train/train_3688.jpg,스프레이 제품에 적혀 있는 향은 무엇인가요?,벚꽃 향,라벤더 향,로즈마리 향,자스민 향,a
train_3689.jpg,train/train_3689.jpg,이 사진 속 노란색 교통 표지판에 적힌 문구는 무엇인가요?,주차금지구역,통행금지구역,어린이보호구역,과속단속구역,c
train_3690.jpg,train/train_3690.jpg,이 사진에서 보이는 카페의 이름은 무엇인가요?,겨울겨울,가을가을,봄봄,여름여름,c
train_3691.jpg,train/train_3691.jpg,이 도로 표지판에 적힌 방향은 무엇을 의미하나요?,오른쪽 출구,직진 출구,왼쪽 출구,유턴 출구,c
train_3692.jpg,train/train_3692.jpg,이 벽화에 적힌 문구 중 'LENNON WALL' 바로 아래에 적힌 내용은 무엇인가요?,OF UNITY & STRENGTH,OF FREEDOM & ENERGY,OF PEACE & LOVE,OF HOPE & DREAMS,b
train_3694.jpg,train/train_3694.jpg,이 사진에 보이는 기둥에 적힌 문구는 무엇인가요?,어린이 보호,횡단보도,주차 금지,속도 제한,a
train_3695.jpg,train/train_3695.jpg,이 광고 문구에서 약속하는 내용은 무엇인가요?,제10대 서울특별시의회 의원 118명 일동,"앞으로 4년, 더 나은 서울을 만들겠습니다!",서울시의회 의원 100명 모두 일동,서울시 공공의 안전을 책임지겠습니다,b
train_3698.jpg,train/train_3698.jpg,이 건물에 있는 병원 이름으로 옳은 것은 무엇인가요?,그린골프,코엘존,대한수학학원,구로디지털바른본의원,d
train_3699.jpg,train/train_3699.jpg,"이 행사 배너에 따르면, CVPR 2025 행사는 언제 열리나요?",2026년 8월 10일~14일,2024년 7월 1일~5일,2023년 5월 20일~25일,2025년 6월 11일~15일,d
train_3700.jpg,train/train_3700.jpg,이 메뉴판에 적힌 '카페일부'에서 '웨딩피치결혼은미친짓이다'의 가격은 얼마인가요?,"12,000억","19,000억","9,000억","11,000억",a
train_3701.jpg,train/train_3701.jpg,이 이미지에 보이는 그래픽 카드의 모델명은 무엇인가요?,Radeon RX 6800,GeForce RTX 3060,GeForce GTX 1660,GeForce RTX 3090,b
train_3702.jpg,train/train_3702.jpg,다음 중 사진에 보이는 네 개의 만화 또는 영화 제목이 아닌 것은 무엇인가요?,E.T.,INSPECTOR GADGET,GUMBY,Big Boy Burgers,d
train_3703.jpg,train/train_3703.jpg,사진 속 유리문에 적힌 웹사이트 주소는 무엇인가요?,naver.com,google.com,daum.net,dcinside.com,d
train_3704.jpg,train/train_3704.jpg,"고시원 건축기준에 따르면, 5층 이상의 건물에는 무엇이 필요합니까?",별도의 피난 계단,주차장 면적 134㎡당 1대,비상구 설치 가능,가스렌지 설치 가능,a
train_3705.jpg,train/train_3705.jpg,사진 속 상품의 세일 가격은 얼마인가요?,"\3,000","\5,000","\7,000","\10,000",b
train_3706.jpg,train/train_3706.jpg,이 사진에서 '소화기' 표지판은 무엇을 나타내고 있나요?,화재 발생 시 사용할 수 있는 소화기 위치,건물 내 화재 경보기 위치,화재 진압 후 대피 장소,비상구 출입구 위치,a
train_3707.jpg,train/train_3707.jpg,이 공사 현장 안내판에 적힌 공사 기간은 언제부터 언제까지인가요?,'26.5.10 ~ '31.8.25,'24.1.1 ~ '29.12.31,'23.7.15 ~ '28.9.30,'25.11.20 ~ '30.3.4,d
train_3708.jpg,train/train_3708.jpg,이 가게의 이름은 무엇인가요?,G마켓,G스토어,G숍,G마트,d
train_3709.jpg,train/train_3709.jpg,이 가게에서 판매하는 메뉴가 아닌 것은 무엇인가요?,떡꼬치,초계국수,콩국수,김밥,d
train_3710.jpg,train/train_3710.jpg,"이미지에 붙어 있는 엉덩 치킨 메뉴판에 따르면, 순살 양념 치킨의 가격은 얼마인가요?","17,000원","15,000원","16,000원","19,000원",a
train_3711.jpg,train/train_3711.jpg,이 표지판에 적힌 문구는 무엇인가요?,Keep right,Keep left,Stop,Keep straight,b
train_3712.jpg,train/train_3712.jpg,이 WiFi 접속 안내문에서 제공하는 비밀번호는 무엇인가요?,KT_GIGA_71FB,cccc47ec3986,KT_GIGA_71F8,KT_GIGA_5G_71FB,b
train_3713.jpg,train/train_3713.jpg,이 문구 중 '통제구역' 아래에 적힌 문장은 무엇인가요?,출입자제,관계자외출입금지,안전모 착용,주의하세요,b
train_3714.jpg,train/train_3714.jpg,"이미지에 붙어 있는 라벨에 따르면, 행사용의자의 재질은 무엇인가요?",플라스틱(청색),유리(투명),나무(갈색),금속(은색),a
train_3715.jpg,train/train_3715.jpg,이 도로 표지판에 나와 있는 '서강대교'의 도로명은 무엇인가요?,연세로,백범로,신촌로,서강로,d
train_3716.jpg,train/train_3716.jpg,이 이미지 속 음식 중에서 '유기농 통밀모카빵'에 표시된 원재료 함량 중 가장 높은 것은 무엇인가요?,가당우유 9.96%,우유 2.8%,통밀 12.45%,통밀 7.0%,c
train_3717.jpg,train/train_3717.jpg,이 이미지 속 빨간색 표지판에 적힌 글자는 무엇인가요?,응급처치,소화기,비상구,화재경보기,b
train_3718.jpg,train/train_3718.jpg,예절교육 클래스 평가표에서 '옆에' 항목의 평가 내용으로 올바른 것은 무엇인가요?,반려견 이름 부르기 1회까지 허용,견섬에서 나오기 전까지 잘 기다리기,견섬에서 나온 후 보호자 옆에 표시선 만들기,줄의 끝선 없이 다음 코스까지 진행하기,b
train_3719.jpg,train/train_3719.jpg,이 건물에 있는 상호명은 무엇인가요?,CU 편의점,TAMASI HAIR,SEOLLEUNG CAFE,TAMASI BOOKS,b
train_3720.jpg,train/train_3720.jpg,이 과자의 맛은 무엇인가요?,매운 맛,짠맛,"단, 달콤한 버터맛",신맛,c
train_3721.jpg,train/train_3721.jpg,이 간판에서 제공하는 '매직' 시술의 가격은 얼마인가요?,60000원,50000원,35000원,55000원,b
train_3724.jpg,train/train_3724.jpg,이 이미지에 나온 문구 중 '하루종일 기운을 잃지 않게 도와' 다음에 나오는 내용은 무엇인가요?,취업 준비를 더욱 원활하게 해줄 것이오.,통밀빵에 스키피와 아보카도를 얹어.,한 입 먹으면 뇌에 좋은 기름이 흐르오.,집중력을 높여 주오.,a
train_3726.jpg,train/train_3726.jpg,사진 속 간판에 적힌 미용실 이름은 무엇인가요?,미스도로시 미용실,한솔학원,전기부동산,강북교회,a
train_3727.jpg,train/train_3727.jpg,방수용 기구함의 화재 시 소화전 사용방법 중 2단계는 무엇인가요?,밸브 열기,불 끄기,호스 빼내기,밸브 닫기,a
train_3729.jpg,train/train_3729.jpg,이 아파트 단지의 이름은 무엇인가요?,센트럴시티,센트럴하우스,센트럴파크,센트럴빌,c
train_3731.jpg,train/train_3731.jpg,사진에 보이는 'Enaak Extra' 라면의 맛은 무엇인가요?,치킨맛,해물맛,매운맛,김치맛,a
train_3732.jpg,train/train_3732.jpg,이 이미지에서 노란색 간판에 적힌 문구는 무엇인가요?,네일빛깔라,네일빚깔,네일빚깔라,네일빛깔,d
train_3733.jpg,train/train_3733.jpg,이 거리의 간판 중에서 '꼬마 김밥'이라는 글자가 적힌 간판은 어떤 색인가요?,노란색,빨간색,초록색,파란색,b
train_3735.jpg,train/train_3735.jpg,이 가게에서 판매하는 '호떡'의 가격은 얼마인가요?,"3,000원","5,000원","2,000원","4,000원",a
train_3737.jpg,train/train_3737.jpg,아메리카노 빅사이즈 2샷의 가격은 얼마인가요?,1500원,4500원,3900원,3500원,a
train_3738.jpg,train/train_3738.jpg,사진에 보이는 상점 간판 중 'QIAODAN' 옆에 있는 다른 상점의 이름은 무엇인가요?,LI-NING,NIKE,ADIDAS,PUMA,a
train_3739.jpg,train/train_3739.jpg,잘풀리는집 키친타월 한 팩에는 기본적으로 몇 롤이 들어있나요?,8롤,6롤,4롤,10롤,b
train_3740.jpg,train/train_3740.jpg,벽에 적힌 글자 중 상호명은 무엇인가요?,가파도소나이,일일농수산점,15,010-6821-3213,a
train_3741.jpg,train/train_3741.jpg,이 계단에 적힌 '을지다방'은 몇 층에 있나요?,4층,1층,2층,3층,c
train_3742.jpg,train/train_3742.jpg,이 지하철역 출입구의 역 이름은 무엇인가요?,부산역,해운대역,망미역,서면역,c
train_3743.jpg,train/train_3743.jpg,이 이미지 속에서 판매되는 상품의 가격은 얼마인가요?,"8,500엔","9,000엔","8,900엔","9,500엔",c
train_3744.jpg,train/train_3744.jpg,이 건물 벽에 그려진 그림에서 주인공이 입고 있는 옷에 적힌 글자는 무엇인가요?,チ?ズ,エステム,グリコ,ピップ,c
train_3745.jpg,train/train_3745.jpg,이 행사 참가자 명찰에 적힌 이름 중 옳지 않은 것은?,이수민,박수빈,서울시립대,최진영,a
train_3746.jpg,train/train_3746.jpg,이 책의 제목에 포함된 자격증 명칭은 무엇인가요?,정보처리기사,빅데이터분석기사,네트워크관리사,데이터분석준전문가,d
train_3747.jpg,train/train_3747.jpg,이 표지판에 따르면 식당 출구로 가려면 어떻게 해야 하나요?,계단으로 이동 후 19층 엘리베이터를 이용한다,19층으로 바로 이동한다,계단 대신 에스컬레이터를 이용한다,엘리베이터를 타고 1층으로 간다,a
train_3748.jpg,train/train_3748.jpg,다음 중 '자기소개서 심화 분석' 취업특강이 열리는 날짜는 언제인가요?,8월 25일(화),8월 20일(일),8월 15일(월),8월 30일(수),a
train_3749.jpg,train/train_3749.jpg,이 가게에서는 어떤 상품을 24시간 무인 할인 판매하고 있나요?,아이스펜,아이스크림,과자,음료수,b
train_3750.jpg,train/train_3750.jpg,이 트럭에 붙어 있는 '우회전시 주의' 표지판에서 주의하라고 하는 것은 무엇인가요?,사각지대 때문,화물 고정 미흡,과속 운전,적재물 낙하 위험,a
train_3751.jpg,train/train_3751.jpg,도로 건너편에 설치된 빨간색 구조물에 적힌 문구는 무엇인가요?,PEACE PEACE PEACE,HAPPY HAPPY HAPPY,SAFE SAFE SAFE,LOVE LOVE LOVE,d
train_3752.jpg,train/train_3752.jpg,이 이미지에서 SSAFY 16기 입학을 축하하는 문구 아래에 적힌 문구는 무엇인가요?,SSAFY와 함께하는 미래 비전,SSAFY와 함께하는 행복한 시간,SSAFY와 함께하는 성공 스토리,SSAFY와 함께 피어나는 새로운 여정,d
train_3753.jpg,train/train_3753.jpg,이 문구가 붙어 있는 방의 이름은 무엇입니까?,경고구역,알람밸브실,유수검지장치실,통제구역,b
train_3754.jpg,train/train_3754.jpg,메모 셔우드 오드퍼퓸 75ml의 가격은 얼마인가요?,"400,000원","398,000원","350,000원","370,500원",d
train_3755.jpg,train/train_3755.jpg,다음 중 이미지 속에 보이는 빵의 이름은 무엇인가요?,현세우유 허슬투 생크림빵,애플후르츠 젤리,초코칸쵸,허니버터칩,a
train_3756.jpg,train/train_3756.jpg,이 가게의 간판에 적힌 상호명은 무엇인가요?,요거트바,요아정,요거트 카페,동덕여대점,b
train_3757.jpg,train/train_3757.jpg,벽에 걸린 초록색 액자에 적힌 문구는 무엇인가요?,WE LOVE OUR COFFEE & DESSERTS FILL YOUR NIGHTS,A Twosome Place Presents Pleasant Coffee & Dessert Experience.,WE HOPE OUR COFFEE & DESSERTS FILL YOUR DAYS,A Twosome Place,c
train_3759.jpg,train/train_3759.jpg,이 식당 간판에 적힌 가게 이름은 무엇인가요?,대구짬뽕집,공짬뽕집,공현준식 대구 짬뽕,공짬뽕,d
train_3760.jpg,train/train_3760.jpg,이미지에 나온 '마그비 액티브' 제품이 개선하는 증상으로 옳지 않은 것은 무엇인가요?,어깨·목 결림,소화불량,운동 후 근육통,"근육경련, 눈떨림",b
train_3761.jpg,train/train_3761.jpg,"너구리 출몰 주의 안내문에 따르면, 야생 너구리는 보통 어떤 행동을 하나요?",사람에게 다가온다,사람을 공격한다,사람을 피하고 공격성이 없다,사람과 싸운다,c
train_3764.jpg,train/train_3764.jpg,이 식당의 간판과 메뉴판에 적힌 음식의 종류는 무엇인가요?,된장찌개,김치찌개,불고기,마라탕,d
train_3765.jpg,train/train_3765.jpg,사진에 보이는 간판 중 '원룸 아파트 오피스텔 상가 사무실 토지 빌딩'을 전문으로 하는 가게는 무엇인가요?,c들이다,소풍김밥,우리다,강남공인중개사사무소,d
train_3766.jpg,train/train_3766.jpg,이 이미지에서 '소화전 방수구'라는 문구가 적힌 곳의 의미는 무엇인가요?,소화전을 사용할 때 물이 나오는 곳,소화기 보관함,전기 설비가 있는 곳,화재 경보기가 설치된 곳,a
train_3767.jpg,train/train_3767.jpg,이 스티커에 적혀 있는 포켓몬의 번호와 이름은 무엇인가요?,0007 꼬부기,0015 파이리,0025 피카츄,0001 이상해씨,a
train_3769.jpg,train/train_3769.jpg,이 옷에 적힌 글자는 무엇인가요?,SSAFY,STYLE,SMART,SAFETY,a
train_3770.jpg,train/train_3770.jpg,이 건물 임대 문의 전화번호는 무엇인가요?,02) 6030-5034,02) 6003-5034,02) 6003-5043,02) 7003-5034,b
train_3771.jpg,train/train_3771.jpg,소화기 받침대에 적힌 글자는 무엇인가요?,비상구,소화기,소화전,화재경보기,b
train_3772.jpg,train/train_3772.jpg,"이 가게 유리에 적힌 문구 중 'Where little joys gather, adding a little happiness to everyday life.' 다음에 나오는 문구는 무엇인가요?",welcome,open daily,closed now,always open,d
train_3773.jpg,train/train_3773.jpg,초콜릿과 젤리의 가격은 각각 얼마인가요?,"초콜릿 1,000원, 젤리 1,000원","초콜릿 1,000원, 젤리 500원","초콜릿 1,500원, 젤리 1,000원","초콜릿 500원, 젤리 1,500원",a
train_3774.jpg,train/train_3774.jpg,이 사진 속 상점의 이름은 무엇인가요?,유니크,유니클로,유니코,유니큐로,b
train_3775.jpg,train/train_3775.jpg,'The 온' 더 온 소불고기 덮밥 제품에 표시된 칼로리는 얼마인가요?,450kcal,800kcal,500kcal,677kcal,d
train_3776.jpg,train/train_3776.jpg,이 건물의 2층에 입주해 있는 회사 이름은 무엇인가요?,니즈게임즈 주식회사,세븐일레븐,(주)에이전트에이아이랩스,connect 법무법인 커넥트,d
train_3777.jpg,train/train_3777.jpg,이 사진 속 파란색 표지판에 적힌 문구는 무엇인가요?,횡단보도,장신로,수원서울병원,주정차금지,a
train_3778.jpg,train/train_3778.jpg,사진 속 아이스크림 컵에 적힌 문구는 무엇인가요?,초코 아이스크림,바닐라 아이스크림,딸기 아이스크림,순두부 아이스크림,d
train_3780.jpg,train/train_3780.jpg,이 건물 안에 적힌 텍스트 중 올바른 상호명은 무엇인가요?,갤러리아 백화점,신세계 남산,현대 백화점,롯데 백화점,b
train_3781.jpg,train/train_3781.jpg,에스컬레이터 이용 시 어떤 행동이 금지되어 있나요?,반려견 동반,어린이 보호자 동반,"카트, 유모차 탑승 금지",노란색 라인 안에 탑승,c
train_3782.jpg,train/train_3782.jpg,이 도로 표지판에 적힌 문구 중 올바른 것은 무엇인가요?,주차금지,횡단보도,속도제한 30,주정차금지,d
train_3783.jpg,train/train_3783.jpg,사진 속 제품의 브랜드 이름은 무엇인가요?,monami,마카,모나미유성매직,유성마카,a
train_3784.jpg,train/train_3784.jpg,이 전시물에서 소개하고 있는 시리즈의 이름은 무엇인가요?,Star Wars: The Mandalorian,Star Trek,Avengers,Guardians of the Galaxy,a
train_3785.jpg,train/train_3785.jpg,이 사진에 보이는 꽃의 주요 색상은 무엇인가요?,빨간색과 노란색,파란색과 흰색,초록색과 갈색,분홍색과 보라색,a
train_3786.jpg,train/train_3786.jpg,이 역의 안내 표지판에 'Entry - Keep Left'와 함께 적혀 있는 태국어는 무엇인가요?,??????,????-???????,????????,???????,b
train_3787.jpg,train/train_3787.jpg,사진에 보이는 '크라운 옥수수' 포장지에 적혀 있는 내용 중 옳은 것은 무엇인가요?,Sweet Potato Snack,Super Sweet Corn,Crispy Fried Chicken,Extra Hot Corn,b
train_3788.jpg,train/train_3788.jpg,몽뤼 바게트(Montju Baguette)의 demi size(1/2) 가격은 얼마인가요?,3.5,5.5,2.0,4.5,a
train_3789.jpg,train/train_3789.jpg,이 가게의 간판에 적힌 음식 종류는 무엇인가요?,김밥,순두부,비빔밥,떡볶이,b
train_3790.jpg,train/train_3790.jpg,이 명찰에 적힌 학회 이름은 무엇인가요?,한국통계학회,한국컴퓨터과학회,한국정보기술학회,한국데이터정보과학회,d
train_3791.jpg,train/train_3791.jpg,이 제품의 에너지 소비효율 등급은 무엇인가요?,3,1,4,2,b
train_3792.jpg,train/train_3792.jpg,메뉴에 적힌 '캐비어와 달걀' 요리는 추가 비용이 얼마인가요?,"+55,000 for additional black truffle",추가 비용 없음,"+85,000 supplement","+100,000 supplement",c
train_3793.jpg,train/train_3793.jpg,왼쪽 포스터에 적힌 문구 중 옳은 것은 무엇인가요?,프로님 말씀을 잘듣자,프로님 말씀을 따르자,프로님 말씀을 잊지말자,프로님 말씀이 중요하다,a
train_3794.jpg,train/train_3794.jpg,이 식당에서 판매하는 메뉴가 아닌 것은 무엇인가요?,된장찌개,김밥,갈치찌개,동태찌개,b
train_3795.jpg,train/train_3795.jpg,이 간판에 적힌 가게 이름은 무엇인가요?,부평통야시장,부산깡통시장,서울깡통시장,부평깡통야시장,d
train_3796.jpg,train/train_3796.jpg,이 건물의 간판에 적힌 이름은 무엇인가요?,ESCAPES THE SUITE,SCAPES THE SUITE HOTEL,SCAPES THE SUITE,SCAPES THE SUIT,c
train_3797.jpg,train/train_3797.jpg,사진 속 영수증에 적힌 '아메리카노(ice)'의 가격은 얼마인가요?,"5,800원","5,000원","6,500원","10,800원",b
train_3798.jpg,train/train_3798.jpg,사진 속 도로 표지판에 적힌 '중부대로1299번길'은 어느 방향을 가리키고 있나요?,뒤쪽,오른쪽,직진,왼쪽,d
train_3799.jpg,train/train_3799.jpg,이 영화 예매권에 적힌 영화 제목은 무엇인가요?,스파이더맨: 브랜드 뉴 데이,배트맨: 다크 나이트,아이언맨: 퍼스트 클래스,어벤져스: 엔드게임,a
train_3800.jpg,train/train_3800.jpg,이 건물 2층에 위치한 병원의 진료과목이 아닌 것은 무엇인가요?,요로결석 치료,내과,피부과,비뇨기과,b
train_3802.jpg,train/train_3802.jpg,이 표지판에 적힌 '소방용수'는 몇 호인가요?,제214호,제421호,제241호,제124호,a
train_3803.jpg,train/train_3803.jpg,"이미지 속 문장에 따르면, 어떤 상황을 그려달라고 요청하고 있나요?",형제들이 함께 놀고 있는 모습을 그려달라,엄마가 아이들을 말리는 모습을 그려달라,아이가 혼자 놀고 있는 모습을 그려달라,여동생과 머리채 잡고 싸우는 모습을 그려달라,b
train_3804.jpg,train/train_3804.jpg,이 간판에 적힌 음료의 종류는 무엇인가요?,리얼 수박주스,리얼 포도주스,리얼 사과주스,리얼 오렌지주스,a
train_3805.jpg,train/train_3805.jpg,이 식당의 간판에 적힌 음식 이름은 무엇인가요?,매운찜갈비찜,매운찜갈비신,갈비찜매운찐신,찐신매운갈비찜,d
train_3807.jpg,train/train_3807.jpg,책장에서 보이는 '세계 철학 전집' 시리즈의 출판사는 어디인가요?,모모북,열린책들,민음사,문학동네,a
train_3809.jpg,train/train_3809.jpg,이 식당 간판에 적힌 '호박회수산물포차'에서 제공하지 않는 메뉴는 무엇인가요?,치킨볶음탕,활어회,왕새우소금구이,굴찜 무한리필,a
train_3811.jpg,train/train_3811.jpg,사진 속 나비 표본에서 '나모우나나방'의 학명은 무엇인가요?,Epicopla polydora,Erasmia pulchera,Amesia namouna,Chrysiridia rhipheus,c
train_3812.jpg,train/train_3812.jpg,사진 속 컵에 적힌 문구는 무엇인가요?,NINE COFFEE,COFFEE TIME,COFFEE NINE,COFFEE SHOP,c
train_3814.jpg,train/train_3814.jpg,의성역 건물에 적힌 문구 중 '고객과의 소중한 약속' 다음에 이어지는 내용은 무엇인가요?,"안전, 편리, 쾌적한 철도여행","편안, 빠른, 안전한 이동","친절, 신뢰, 만족 보장","신속, 정확, 친절한 서비스",a
train_3815.jpg,train/train_3815.jpg,이 가게 간판에 적힌 음식 메뉴가 아닌 것은 무엇인가요?,순대,소사골,김치찌개,육개장,c
train_3817.jpg,train/train_3817.jpg,[활용방안] 자기 이해와 분석 표에서 예술형 직업유형의 성격특징은 무엇인가요?,"자연 및 사회현상의 탐구, 이해, 해석 및 뜻풀이","경험에 대한 개방적 성격, 감성적 풍부, 자유로움, 독창성, 개성적","다른 사람을 돕는, 가르치는, 봉사하는, 돌보는","현실적, 신중함, 순종적, 성실, 근면, 규칙, 절제",b
train_3818.jpg,train/train_3818.jpg,포스터에 적힌 문구 중 '자체 OEM 제품 생산을 통해' 다음에 나오는 내용은 무엇인가요?,유통 마진을 줄인 합리적인 가격 제시!,24시간 신선하게 제조합니다.,친환경 재료로 만든 음료입니다.,고품질 원두만을 사용합니다.,a
train_3820.jpg,train/train_3820.jpg,이 사진에서 일반쓰레기와 재활용 쓰레기를 버리는 분리수거함에 적힌 문구 중 올바른 것은 무엇인가요?,일반쓰레기 General waste,일반쓰레기 Recycling,재활용 Recycle bin,재활용 General waste,a
train_3821.jpg,train/train_3821.jpg,이미지 속 'London Bagel Museum' 봉투에 적힌 문구 중 'fresh bagels'와 함께 제공되는 것은 무엇인가요?,homemade soup,fresh juice,hot coffee,green tea,a
train_3822.jpg,train/train_3822.jpg,이 건물의 2층에 입주해 있는 곳은 어디인가요?,센츄리부동산 매머드커피,연세 A+치과,한강종합게임랜드,옵티멈존 PC 카페,d
train_3824.jpg,train/train_3824.jpg,사진 속 책 중에서 제목이 '눈사람 아저씨'인 책은 어디에 있나요?,맨 오른쪽에서 첫 번째,맨 왼쪽에서 두 번째,맨 오른쪽에서 두 번째,맨 왼쪽에서 세 번째,d
train_3825.jpg,train/train_3825.jpg,이 경기 티켓에 적힌 팀 이름은 무엇인가요?,롯데 VS 두산,삼성 VS NC,LG VS 넥센,한화 VS KIA,d
train_3826.jpg,train/train_3826.jpg,8월 18일(화) 중식 메뉴에 포함되지 않은 음식은 무엇인가요?,비빔만두,김치 콩나물국,그린 샐러드,된장찌개,d
train_3827.jpg,train/train_3827.jpg,이 상자에 적힌 문구 중 맞는 것은 무엇인가요?,'주유 중 엔진정지'를 생활화 합시다.,'주유 중에는 휴대폰을 사용합시다.','자동차는 안전하게 주차합시다.','주유 시에는 담배를 피웁시다.',a
train_3829.jpg,train/train_3829.jpg,이 장소가 몇 층에 위치해 있는지 알려주는 표시는 무엇인가요?,5층,3층,4층,6층,a
train_3830.jpg,train/train_3830.jpg,사진 속 간판에 적힌 식당 이름은 무엇인가요?,양자강,회석완비,노래방,순남시래기,d
train_3831.jpg,train/train_3831.jpg,"지하철 객차 내 안내문에 따르면, 냉난방 온도는 어떻게 자동으로 조절되나요?",냉난방모드로 자동으로 설정되어 운행됩니다.,승객이 직접 온도를 조절할 수 있습니다.,냉방만 자동으로 조절됩니다.,온도는 항상 22도로 고정되어 있습니다.,a
train_3833.jpg,train/train_3833.jpg,이 건물의 이름은 무엇인가요?,SNUH 암병원,아산병원,서울대학교병원,삼성서울병원,a
train_3834.jpg,train/train_3834.jpg,"구로역에서 6, 7번 승강장이 폐쇄되어 있을 때, 승차하기 편리한 위치는 어디인가요?",1~7호차 앞쪽에서 승차하면 편리하다,8~10호차 뒷쪽에서 승차하면 편리하다,5~6호차 앞쪽에서 승차하면 편리하다,3~4호차 중간에서 승차하면 편리하다,a
train_3836.jpg,train/train_3836.jpg,이 조각상의 이름은 무엇인가요?,도쿄타워,스카이트리,백파오인남,아사쿠사 신사,c
train_3839.jpg,train/train_3839.jpg,이 건물 입구에 적힌 '육가온'은 무엇을 의미하나요?,카페 이름,고기의 중심,전자제품 매장,신선한 채소 가게,b
train_3840.jpg,train/train_3840.jpg,이 식당의 정기휴일은 언제인가요?,매주 금요일,매주 월요일,매주 수요일,매주 일요일,b
train_3841.jpg,train/train_3841.jpg,이 가게에서 제공하는 할인 혜택은 무엇인가요?,낮 12시부터 밤 10시까지 음식 30% 할인,밤 열시부터 아침까지 음료 50% 할인,주말에만 모든 메뉴 20% 할인,오전 9시부터 오후 6시까지 커피 무료 제공,b
train_3843.jpg,train/train_3843.jpg,민방위 훈련이 전국 동시에 실시되는 날짜와 시간은 언제인가요?,9월 1일(금) 오전 10시부터 1시간,8월 20일(목) 오후 2시부터 20분간,8월 15일(토) 오후 3시부터 30분간,7월 25일(월) 오후 5시부터 15분간,b
train_3844.jpg,train/train_3844.jpg,이 시 '저녁의 참기름'의 시인은 누구인가요?,고은,김종태,이상,윤동주,b
train_3847.jpg,train/train_3847.jpg,이 가게에서 '황별사탕'과 '레인보우플랜디'의 가격은 얼마인가요?,"각 2,000원",각 500원,"각 1,500원","각 1,000원",d
train_3849.jpg,train/train_3849.jpg,건물 입구에 있는 부동산 간판에 적힌 전화번호는 무엇인가요?,02-123-4567,02-557-7235,02-557-7239,02-999-8888,b
train_3850.jpg,train/train_3850.jpg,이 건물에 입주해 있는 치과 이름은 무엇인가요?,안경매니저,더바른치과의원,신호위너스 영수학원,24시 헬스,b
train_3852.jpg,train/train_3852.jpg,이 도로 표지판에서 '주정차금지' 표지판이 의미하는 것은 무엇인가요?,최대 속도 30km/h를 준수해야 한다,도로 구간이 100m 앞부터 시작된다,차를 주차하거나 정차할 수 없다,왼쪽 방향으로 100m 이동해야 한다,c
train_3855.jpg,train/train_3855.jpg,이 책 표지에 적힌 문구 중에서 저자가 더 이상 하지 않겠다고 한 행동은 무엇인가요?,책을 100만 부 이상 팔겠다,타인과 비교하며 작아지지 않겠다,350주 연속 베스트셀러가 되겠다,매일 글을 쓰겠다,b
train_3856.jpg,train/train_3856.jpg,이 박스에 적힌 제품 이름은 무엇인가요?,AirPods Max,AirPods 2세대,AirPods Pro,AirPods 3세대,c
train_3857.jpg,train/train_3857.jpg,이 태양광 발전 현황판에 표시된 '현재발전량'은 얼마입니까?,69.7 천원,55.0 Ton,0.0 kW,124.7 MWh,c
train_3858.jpg,train/train_3858.jpg,이 사진에 보이는 놀이기구의 이름은 무엇인가요?,정글 사파리,우주탐험,콜럼버스의 모험,해적선,c
train_3860.jpg,train/train_3860.jpg,이 표지판에 적힌 문구의 의미는 무엇인가요?,흡연 가능,흡연 금지,흡연 구역,흡연 권장,b
train_3861.jpg,train/train_3861.jpg,이 건물에 있는 '넘기정' 식당에서 제공하는 음식 종류가 아닌 것은 무엇인가요?,국가공인 조리기능장 인증 음식,한방 병원,떡갈비,퓨전 한정식,b
train_3862.jpg,train/train_3862.jpg,이 창문에 붙어 있는 포스터에 적힌 음료 메뉴는 무엇인가요?,vanilla bean frappe,cotton candy latte,strawberry smoothie,chocolate mocha,b
train_3863.jpg,train/train_3863.jpg,이미지에 나온 미트볼 꼬치의 맛은 무엇인가요?,카레맛,간장맛,매운맛,갈비양념맛,d
train_3864.jpg,train/train_3864.jpg,국제식 대대 쿠션 당구클럽은 몇 층에 있나요?,6층,5층,3층,4층,d
train_3865.jpg,train/train_3865.jpg,이 건물에 입주해 있는 학원의 이름은 무엇인가요?,이테리어,ABC미용실,센트럴 약국,썬탑 영수 전문학원,d
train_3868.jpg,train/train_3868.jpg,"사진 속 회색 박스에 붙어 있는 안내문에 따르면, 이 박스를 임의로 열거나 기계에 장난을 치면 어떤 처벌을 받게 되나요?",서울특별시 조례에 따라 처벌받는다,형사법에 따라 처벌받는다,도로교통법에 따라 처벌받는다,개인정보보호법에 따라 처벌받는다,c
train_3869.jpg,train/train_3869.jpg,롯데 자이언츠 경기 중단 사유는 무엇인가요?,선수 부상으로 인한 경기 중단,조명 고장으로 인한 경기 중단,콘서트 행사로 인한 불꽃 연기,우천으로 인한 경기 중단,c
train_3871.jpg,train/train_3871.jpg,다음 중 이미지에 적힌 학원에서 제공하는 서비스가 아닌 것은 무엇인가요?,학생부 관리,입시상담,운동 경기 중계,자기소개서,c
train_3873.jpg,train/train_3873.jpg,명가만두 메뉴판에 따르면 김치만두 5개의 가격은 얼마인가요?,"4,500원","5,500원","7,000원","6,000원",b
train_3874.jpg,train/train_3874.jpg,사진 속 책장에서 '기억' 시리즈 책은 몇 권이 있나요?,1권,3권,2권,4권,c
train_3875.jpg,train/train_3875.jpg,이 책 판매대의 할인 행사 조건은 무엇인가요?,"3개 10,000원","5개 20,000원","1개 5,000원","2개 15,000원",a
train_3876.jpg,train/train_3876.jpg,메뉴판에서 '체리콜라' 음료는 어느 종류에 속하나요?,MOJITO & ADE,JUICE & TEA,BROWN SUGAR,SMOOTHIE & FRAPPE,a
train_3877.jpg,train/train_3877.jpg,이 카페의 이름은 무엇인가요?,EDIYA COFFEE,HOLLYS COFFEE,A TWOSOME PLACE,STARBUCKS,c
train_3878.jpg,train/train_3878.jpg,이 열차 내부에서 'Bug is over'라는 문구가 적힌 광고 판넬에 적힌 회사 이름은 무엇인가요?,SHIFT,SHIFTS,SHIIFT,SHIF,a
train_3879.jpg,train/train_3879.jpg,사진 속 간판에 적힌 문구 중 '튀는여자'와 함께 쓰인 문자는 무엇인가요?,T=Woman,T=Lady,T=Girl,T=Boy,c
train_3880.jpg,train/train_3880.jpg,이 식당의 상호명은 무엇인가요?,대구곱창명가,강남곱창전문점,용림곱창막창맛집,서울막창맛집,c
train_3881.jpg,train/train_3881.jpg,보배반점이 2025년에 수상한 브랜드 대상 부문은 무엇인가요?,양식 프랜차이즈 부문 대상,중식 프랜차이즈 부문 대상,일식 프랜차이즈 부문 대상,한식 프랜차이즈 부문 대상,b
train_3882.jpg,train/train_3882.jpg,생활 쓰레기 수거가 휴가로 인해 중단되는 기간은 언제부터 언제까지인가요?,7월 29일(수)부터 8월 2일(일)까지,7월 31일(금)부터 8월 2일(일)까지,8월 1일(토)부터 8월 3일(월)까지,7월 30일(목)부터 8월 1일(토)까지,d
train_3883.jpg,train/train_3883.jpg,이 사진 속 화장실 표지판에 적힌 문구는 무엇인가요?,화장실,출입문,회의실,휴게실,a
train_3884.jpg,train/train_3884.jpg,이미지에 보이는 '본가 밀면 전문점'에서 판매하는 밀면의 종류로 올바른 것은?,콩국수와 칼국수,냉면과 칼국수,된장찌개와 김치찌개,물밀면과 비빔밀면,d
train_3886.jpg,train/train_3886.jpg,사진 속 식당 간판에 적혀 있는 식당 이름은 무엇인가요?,도시락 배달 가능,보금자리 가족 반찬,셀프 보금자리 식당,그림과 액자,b
train_3887.jpg,train/train_3887.jpg,영수증에 적힌 매장 주소는 어디인가요?,부산광역시 해운대구 우동,서울특별시 강남구 역삼동,대전광역시 유성구 봉명동,경북 안동시 용상동 송천1,d
train_3888.jpg,train/train_3888.jpg,이 가게들의 간판 중에서 '찜전통맛집'이라고 적힌 간판은 어느 가게에 붙어 있나요?,녹색 문이 있는 가게,파란색 간판이 있는 가게,흰색 바탕에 주황색 글씨가 있는 가게,자전거가 세워진 가게,a
train_3889.jpg,train/train_3889.jpg,이 사진에 보이는 가게 이름은 무엇인가요?,연희네 카페,연희네 다방,연희슈퍼,연희마트,b
train_3892.jpg,train/train_3892.jpg,맥스웰하우스 커피믹스 오리지날 50개입의 가격은 얼마인가요?,"5,000원","7,500원","8,200원","6,850원",d
train_3893.jpg,train/train_3893.jpg,16기 7월 취업특강 안내에서 언급된 취업특강 날짜 중에 없는 날짜는 무엇인가요?,7월 30일,7월 27일,7월 28일,7월 29일,a
train_3896.jpg,train/train_3896.jpg,사진 속 상호명 중 'APT 리모델링' 서비스를 제공하는 곳은 어디인가요?,주거공간 상업공간,청송 양동 사과 도소매,현대인테리어,테성 건설 산업,c
train_3897.jpg,train/train_3897.jpg,이 건물 2층의 간판에 적힌 업종은 무엇인가요?,노래 연습장,법무사 사무소,맥주 판매점,커피 전문점,a
train_3898.jpg,train/train_3898.jpg,이 닌텐도 스위치 박스에 적힌 모델 이름은 무엇인가요?,Nintendo Switch OLED 모델 스플래툰 3 에디션,Nintendo Switch OLED 모델 마리오 에디션,Nintendo Switch 라이트 모델 스플래툰 2 에디션,Nintendo Switch 기본 모델 젤다 에디션,a
train_3900.jpg,train/train_3900.jpg,이 이미지에 보이는 음료 캔에 적힌 문구 중 옳은 것은 무엇인가요?,당신의 건강을 위해 설탕이 첨가되었습니다.,본 제품은 학교 판매 가능 음료입니다.,지금 석약하세요?,이 음료는 알코올이 포함되어 있습니다.,b
train_3901.jpg,train/train_3901.jpg,이 사진 속 기차에 적혀 있는 이름은 무엇인가요?,THE RED TRAIN,THE BLUE TRAIN,THE GOLDEN TRAIN,THE SILVER TRAIN,c
train_3902.jpg,train/train_3902.jpg,이 안내문에 따르면 SSAFY 교육생이 삼성 스마트폰을 구입할 때 받을 수 있는 혜택은 무엇인가요?,학생 할인 혜택 제공,무료 액세서리 증정,무이자 할부 혜택 제공,임직원 동일 혜택 구입 가능,d
train_3903.jpg,train/train_3903.jpg,다음 중 이미지에 보이는 간판 이름이 아닌 것은 무엇인가요?,드림수학학원,커피빈,유미카츠,좋은날 헤어팡팡,b
train_3904.jpg,train/train_3904.jpg,사진 속 간판에 적힌 서점 이름은 무엇인가요?,청계천서점,헌책사고팝니다,만물상,만물점,a
train_3905.jpg,train/train_3905.jpg,사진에 보이는 '주차금지' 표지판에 적힌 문구는 무엇인가요?,승용차만 주차금지,모든차량 주차금지,내부차량 주차금지,외부차량 주차금지,d
train_3906.jpg,train/train_3906.jpg,이 전철역의 이름은 무엇인가요?,화서,세류,병점,수원,d
train_3907.jpg,train/train_3907.jpg,사진 속 통에 뚜껑 색깔은 무엇인가요?,노란색,파란색,빨간색,초록색,b
train_3909.jpg,train/train_3909.jpg,이 책장에 꽂혀 있는 책들 중 파이썬 관련 책 제목이 아닌 것은 무엇인가요?,파이썬으로 배우는 딥러닝 입문,누구나 파이썬,컴퓨터 구조와 운영체제,파이썬 자동화,c
train_3910.jpg,train/train_3910.jpg,"사진 속 현수막에 따르면, 소상공인·중소기업 대상 정부정책자금 금리는 얼마부터 시작하나요?",1%,5%,3%,2%,d
train_3911.jpg,train/train_3911.jpg,이 버스 정류장은 어느 역 6번 출구에 위치해 있나요?,역삼역 6번 출구,삼성역 2번 출구,강남역 3번 출구,선릉역 1번 출구,a
train_3912.jpg,train/train_3912.jpg,이 영화관 상영관 번호는 무엇인가요?,5,10,3,7,a
train_3913.jpg,train/train_3913.jpg,"이 자전거 대여소 안내문에 따르면, 1시간 동안 자전거를 대여하는 비용은 얼마인가요?","KRW 5,000","KRW 2,000","KRW 3,000","KRW 1,000",d
train_3914.jpg,train/train_3914.jpg,이 도로 표지판에 적힌 도로 이름은 무엇인가요?,국회의사당로,여의서로,KBS로,의원회관로,b
train_3915.jpg,train/train_3915.jpg,다음 중 이미지에 보이는 안내 표지판의 내용으로 맞는 것은 무엇인가요?,보행자 전용 구역,자전거 주차 금지,자전거도로 및 산책로 시점,자동차 전용 도로 시작,c
train_3916.jpg,train/train_3916.jpg,이 미용실의 이름은 무엇인가요?,아르보,헤어살롱,도고헤어,이쁘머리,c
train_3917.jpg,train/train_3917.jpg,이 동상 받침대에 적힌 글자는 무엇인가요?,TEAMMATES,PLAYERS,CHAMPIONS,FRIENDS,a
train_3919.jpg,train/train_3919.jpg,이곳은 어느 구를 나타내는 표지판인가요?,마포구,송파구,강남구,서초구,c
train_3920.jpg,train/train_3920.jpg,이 건물 벽에 붙어 있는 CCTV 설치 안내문에 적힌 촬영 장소가 아닌 곳은 어디인가요?,출입구,주차장,엘리베이터 내부,승강기 내,c
train_3921.jpg,train/train_3921.jpg,사진 속 간판에 적힌 가게 이름은 무엇인가요?,숯불갈비,다온카페,대도식당,정우당,d
train_3922.jpg,train/train_3922.jpg,이 사진 속 도로 표지판에 적힌 제한 속도는 얼마인가요?,30km/h,50km/h,20km/h,40km/h,a
train_3923.jpg,train/train_3923.jpg,메뉴판에서 '바닐라 라떼'의 가격은 얼마인가요?,7.0,6.5,5.5,6.0,b
train_3924.jpg,train/train_3924.jpg,이 건물 입구 벽면의 금연구역 표지판에 적힌 내용은 무엇인가요?,금연구역,출입금지,흡연구역,주차금지,a
train_3925.jpg,train/train_3925.jpg,엘리베이터에서 현재 눌린 층은 몇 층인가요?,1층,3층,7층,2층,d
train_3926.jpg,train/train_3926.jpg,이 터널 벽면에 적힌 거리 안내문에 따르면 화성시까지의 거리는 얼마인가요?,1km,100m,108m,81m,d
train_3928.jpg,train/train_3928.jpg,이 건물 앞에 붙어 있는 안내문에 따르면 무엇이 절대 금지되어 있나요?,흡연,음주,쓰레기 투기,주차,a
train_3930.jpg,train/train_3930.jpg,구미시 안내판에 적혀 있지 않은 곳은 어디인가요?,구미종합사회복지관,소나무유치원,미래로청원,구미소망교회,c
train_3932.jpg,train/train_3932.jpg,이 맥주잔에 적힌 브랜드 이름은 무엇인가요?,SAPPORO,KIRIN,ASAHI,HITE,a
train_3934.jpg,train/train_3934.jpg,사진 속에서 보이는 '홈런볼' 과자의 맛은 무엇인가요?,초코,바닐라,딸기,카라멜,a
train_3935.jpg,train/train_3935.jpg,이미지 속 블랙 아메리카노 음료에 적힌 내용 중 옳은 것은 무엇인가요?,450 mL (12 kcal),600 mL (20 kcal),350 mL (10 kcal),500 mL (15 kcal),d
train_3936.jpg,train/train_3936.jpg,"이 사진 속 교통 통제 안내문에 따르면, 교통 통제가 예정된 날짜는 언제인가요?",2025년 3월 6일,2025년 4월 6일,2024년 4월 6일,2024년 3월 6일,b
train_3937.jpg,train/train_3937.jpg,2025년 외교 공공데이터 활용 경진대회 시상식은 언제 열리나요?,2025년 9월 11일 목요일 15시,2025년 10월 11일 금요일 14시,2024년 9월 11일 목요일 15시,2025년 9월 12일 금요일 16시,a
train_3938.jpg,train/train_3938.jpg,이 현수막에서 제공하는 무료 서비스는 무엇을 대상으로 하나요?,초등학생,전 교직원·학생,기업 고객,일반 시민,b
train_3939.jpg,train/train_3939.jpg,이 식당에서 사용하는 찹쌀누룽지는 어떤 장점이 있나요?,설탕이 첨가되어 달콤하다,트랜스지방이 제거되어 건강하게 먹을 수 있다,기름에 튀겨 바삭하다,밀가루로 만든 누룽지이다,b
train_3940.jpg,train/train_3940.jpg,사진 속 아이스크림의 맛으로 올바른 것은 무엇인가요?,블루베리,초콜릿,딸기,치즈,c
train_3941.jpg,train/train_3941.jpg,"화면에 적힌 내용 중, ① KPI에 해당하는 질문은 무엇인가요?",CHANGE UP,"나는 OO 직무를 지원하는 취업 준비생인데, OO 경험을 OOO KPI와 연결하려고 해. 이때 KPI에 기반하여 나올 수 있는 결과물을 수치화와 함께 추천해줘.","내가 OO 경험이 있어. OO 직무를 지원하려고 하는데, 이 경험으로 OO 직무에 지원하기에 객관적으로 가장 좋은 KPI를 추천해줘.",출석 코드: jekfs102,c
train_3942.jpg,train/train_3942.jpg,이 인형 상자에 붙어 있는 문구는 무엇이라고 적혀 있나요?,암컷입니다 사랑해 주세요,수컷입니다 사랑해 주세요,수컷입니다 귀여워해 주세요,암컷입니다 귀여워해 주세요,c
train_3943.jpg,train/train_3943.jpg,타코야키 메뉴 중 크랩 앤 치즈의 가격은 얼마인가요?,58,90,40,85,b
train_3944.jpg,train/train_3944.jpg,이 건물에 입점해 있는 학원 이름으로 옳은 것은 무엇인가요?,에르샤몽 미용학원,웨일수학학원,서울베스트 이의 건강검진센터,헤르카몬 성형외과,b
train_3945.jpg,train/train_3945.jpg,이 건물 입구에 적힌 관리실 위치는 어디인가요?,관리실은 1층 있습니다,관리실은 5층 있습니다,관리실은 3층 있습니다,관리실은 지하 1층 있습니다,b
train_3946.jpg,train/train_3946.jpg,이 도로 표지판에 따르면 인천공항으로 가려면 어떤 도로 번호를 따라가야 합니까?,99,77,110,120,c
train_3947.jpg,train/train_3947.jpg,이 건물에 입주한 학원 중에서 '유라클학원'이 전문적으로 가르치는 과목은 무엇인가요?,체육과 건강,과학과 사회,음악과 미술,영어와 수학,d
train_3949.jpg,train/train_3949.jpg,이 사진에 보이는 도로명 표지판에 적힌 도로 이름은 무엇인가요?,신길로,대림삼거리로,동작세무서로,사도동길,a
train_3950.jpg,train/train_3950.jpg,이 사진에 보이는 파란색 간판의 상호명은 무엇인가요?,숙성 김밥,김밥 칼국수,모더니스트,PC방,c
train_3951.jpg,train/train_3951.jpg,이 버스에 적혀 있는 노선 번호는 무엇인가요?,365,362,360,363,c
train_3952.jpg,train/train_3952.jpg,가방에 적힌 영어 문구는 무엇인가요?,REMEMBER MAYBE,REMEMBER MAY,REMEMBER DAY,MEMBER MAY,b
train_3954.jpg,train/train_3954.jpg,이 방의 이름은 무엇인가요?,EPS-D,EPS-B,EPS-C,EPS-A,b
train_3956.jpg,train/train_3956.jpg,이 영화 포스터에 적힌 영화 제목은 무엇인가요?,업,토이 스토리,인사이드 아웃 2,인사이드 아웃,c
train_3957.jpg,train/train_3957.jpg,이 가게의 상호명은 무엇인가요?,photoism,photism,photoism BOX,photism BOX,c
train_3958.jpg,train/train_3958.jpg,이 건물 1층에 입점해 있는 커피 브랜드는 무엇인가요?,LLOYDBOMB,HOLLYS COFFEE,Gong cha,Outback,c
train_3959.jpg,train/train_3959.jpg,"엘리베이터 안전수칙에 따르면, 반려동물을 엘리베이터에 탈 때 주의할 점은 무엇인가요?",반려동물을 꼭 목줄 없이 타십시오.,반려동물을 위해 엘리베이터 문을 열어두십시오.,반려동물을 혼자 태우지 마십시오.,반려동물은 반드시 안고 타십시오.,d
train_3960.jpg,train/train_3960.jpg,이미지에 적힌 '플렉스 라이트' 안경의 가격은 얼마인가요?,"\20,000","\15,000","\25,000","\18,500",d
train_3962.jpg,train/train_3962.jpg,사진에 보이는 큰 현수막에 적힌 문구 중 올바른 것은 무엇인가요?,수퍼스타를 키우는 곳 서울대학교,수퍼스타를 키우는 곳 고려대학교,수퍼스타를 키우는 곳 연세대학교,수퍼스타를 키우는 곳 전주대학교,d
train_3963.jpg,train/train_3963.jpg,책에 설명된 프로그래밍 언어는 무엇인가요?,Python,C++,Java,JavaScript,c
train_3964.jpg,train/train_3964.jpg,레이즈 클래식 감자칩 한 봉지의 무게는 얼마인가요?,184g,320g,150g,67g,a
train_3965.jpg,train/train_3965.jpg,이 주차장 출입구에서 '출차'와 '입차'는 각각 어느 쪽에 위치해 있나요?,출차와 입차 모두 왼쪽,"출차는 왼쪽, 입차는 오른쪽","출차는 오른쪽, 입차는 왼쪽",출차와 입차 모두 오른쪽,b
train_3966.jpg,train/train_3966.jpg,녹색 교통봉사 장소 중 '이디야카페' 앞에 관한 안내문에 적힌 내용은 무엇인가요?,학교 정문 앞 횡단보도,주왕토파스나카 앞,하나의 도로 입 마을교차로 앞,이디야 카페 주차장 주차금지,d
train_3967.jpg,train/train_3967.jpg,경사면 주차 시 경고문에 따르면 이 지역에 설치된 장치가 아닌 것은 무엇인가요?,고임목,자동 주차 요원 배치,조향장치(핸들) 가장자리 돌려놓기 구역,주차브레이크 잠금 장치,b
train_3968.jpg,train/train_3968.jpg,이 표지판은 어떤 층을 안내하고 있나요?,3층,1층,4층,2층,a
train_3969.jpg,train/train_3969.jpg,이 제품의 맛은 무엇인가요?,말차 맛,딸기 맛,바닐라 맛,초콜릿 맛,a
train_3970.jpg,train/train_3970.jpg,사진 속 손에 들린 카드 팩에 적힌 문구는 무엇인가요?,EXCLUSIVE TRADING CARD,LIMITED EDITION CARD,SPECIAL PROMOTIONAL CARD,RANDOM COLLECTIBLE CARD,d
train_3971.jpg,train/train_3971.jpg,"효성한의원 문에 붙어 있는 안내문에 따르면, 이 한의원에서 치료하는 내용은 무엇인가요?",관절 치료합니다,탈모 치료합니다,감기 치료합니다,무통 치료합니다,b
train_3972.jpg,train/train_3972.jpg,이 가게에서 제공하는 서비스는 무엇인가요?,음식 배달,구두수선 및 열쇠 제작,자동차 세차,컴퓨터 수리,b
train_3973.jpg,train/train_3973.jpg,이 교통 표지판에서 '운남지구'는 어느 방향을 가리키고 있나요?,뒤,직진,오른쪽,왼쪽,c
train_3974.jpg,train/train_3974.jpg,이 표지판에 있는 'KHARUEF'의 TT 번호는 무엇인가요?,TT.414,TT.192,TT.100,TT.279,b
train_3975.jpg,train/train_3975.jpg,이 카페에서 제공하는 무료 Wi-Fi의 ID는 무엇인가요?,cafe_free_wifi,g0428223778,그린브라우니,brownie1234,c
train_3976.jpg,train/train_3976.jpg,이 과자의 이름은 무엇인가요?,홈런볼,초코파이,마가렛트,오레오,c
train_3978.jpg,train/train_3978.jpg,이미지 속 제품 포장지에 적힌 내용 중 이 제품이 없는 성분은 무엇인가요?,설탕,보존료,합성향료,인공색소,a
train_3979.jpg,train/train_3979.jpg,이 이미지에 나온 뮤지컬 '그날들' 공연 기간은 언제인가요?,9.1(금) ~ 9.10(일),10.10(토) ~ 10.17(일),11.5(토) ~ 11.12(토),12.1(목) ~ 12.8(목),b
train_3980.jpg,train/train_3980.jpg,이 사진 속 조명으로 밝혀진 대형 글자의 내용은 무엇인가요?,창경궁,경복궁,덕수궁,창덕궁,c
train_3982.jpg,train/train_3982.jpg,이 포스터에서 홍보하는 공연은 언제 열리나요?,2024년 3월 1일 오후 6시,2024년 2월 27일 오후 7시 30분,2024년 2월 28일 오후 8시,2024년 2월 26일 오후 7시,b
train_3983.jpg,train/train_3983.jpg,이 이미지는 무엇에 관한 내용인가요?,산호초와 해파리의 생태,수중 소음 측정 방법,해양 쓰레기 문제,흑동고래와 해저 생물들의 모습,d
train_3984.jpg,train/train_3984.jpg,이 이미지에 있는 간판의 문구 중 음식과 관련된 내용은 무엇인가요?,음식 남기기,플라스틱 다이어트,플라스틱 사용하기,음식 남기지 않기,d
train_3985.jpg,train/train_3985.jpg,사진에 나온 '베트남 쌀국수' 가격은 얼마인가요?,"5,000원","3,000원","7,500원","10,000원",a
train_3986.jpg,train/train_3986.jpg,이 이미지에 있는 상가 임대 안내에서 1층의 임대 면적은 얼마인가요?,160㎡,304㎡,200㎡,158㎡ + 20㎡,d
train_3987.jpg,train/train_3987.jpg,THE DAILY GRIND BAKERY의 아침 식사 스페셜 메뉴 중에서 가장 비싼 음식은 무엇인가요?,Croissant,Avocado Toast & Egg,Sourdough Toast,Pain au Chocolat,b
train_3988.jpg,train/train_3988.jpg,사진 속 음식점의 이름은 무엇인가요?,박영희 Restaurant,이재모 Pizza,김철수 Bakery,홍길동 Cafe,b
train_3989.jpg,train/train_3989.jpg,영수증에 적힌 구매한 상품은 무엇인가요?,초코파이,새콤달콤복숭아,바나나킥,포카칩,b
train_3990.jpg,train/train_3990.jpg,이 지하철 출구 안내에서 '해운대 해수욕장' 방향은 몇 번 출구인가요?,4번 출구,3번 출구,1번 출구,2번 출구,b
train_3993.jpg,train/train_3993.jpg,이 간판에 적힌 가게 이름은 무엇인가요?,농민 식자재 마트,동백 슈퍼마켓,행운 식품점,산들마을 마트,a
train_3994.jpg,train/train_3994.jpg,이 사진에 보이는 가게 간판에 적힌 상호명은 무엇인가요?,1059-3 BAGEL & COFFEE HOUSE,1059-3 BAGEL & TEA HOUSE,1059-3 DONUT & TEA HOUSE,1059-3 BAKERY & COFFEE SHOP,a
train_3995.jpg,train/train_3995.jpg,이 건물에 있는 '소호헤어' 가게의 상태는 무엇인가요?,이사했다,휴무이다,영업 중이다,예약만 받는다,c
train_3997.jpg,train/train_3997.jpg,이 역에서 1호선을 타려면 어디로 가야 하나요?,화장실 옆으로 가야 한다,직진해야 한다,계단을 내려가야 한다,엘리베이터를 타야 한다,c
train_3998.jpg,train/train_3998.jpg,이미지 속 원형 종이 받침에 적힌 문구는 무엇인가요?,취하니까 얼마나 좋아요!,건강을 위해 한잔!,오늘도 힘내자!,술 한잔 하자!,a
train_3999.jpg,train/train_3999.jpg,사진 속 포스터에 적힌 영화관 리뉴얼 오픈 날짜는 언제인가요?,2025.12.25,2024.11.11,2026.07.31,2027.01.01,c
train_4000.jpg,train/train_4000.jpg,이 게시물에 따르면 말굽센서 제조사는 어디인가요?,삼성전자,OMRON,LG전자,현대자동차,b
train_4001.jpg,train/train_4001.jpg,이 건물에 입점해 있는 상점의 이름은 무엇인가요?,K-POP STAGE,SOONSIKI,THE BODY SHOP,OLIVE YOUNG,d
train_4003.jpg,train/train_4003.jpg,대전캠퍼스 셔틀 3호차가 정차하는 정류장 중에 없는 곳은 어디인가요?,한양공작아파트,관저네거리,도안수목로아파트,봉명네거리 승강장,a
train_4004.jpg,train/train_4004.jpg,이 장소의 입구에 크게 적힌 글자는 무엇인가요?,JAWS,AMITY,OCEAN,SHARK,a
train_4005.jpg,train/train_4005.jpg,이 사진에 보이는 두 가게의 상호명은 무엇인가요?,"플러스 약국, 하삼동 커피","플러스 병원, 하삼동 차","플러스 약국, 하남동 커피","삼성 약국, 하남동 커피",a
train_4006.jpg,train/train_4006.jpg,"사진 속 노트에 적힌 수식 중, cosθ에 관한 식으로 옳은 것은 무엇인가요?",cosθ = a × b,cosθ = a·b / |a||b|,cosθ = a - b,cosθ = a + b,b
train_4009.jpg,train/train_4009.jpg,이곳에 세울 수 없는 차에 대해 안내하는 표지판에 적힌 내용은 무엇인가요?,주정차금지 견인지역,주차가능 지역,차량통행금지,주차장 입구,a
train_4010.jpg,train/train_4010.jpg,이 사진에 보이는 매장은 무엇인가요?,KFC,버거킹,롯데리아,맘스터치,c
train_4011.jpg,train/train_4011.jpg,이 식당의 간판에 적힌 상호명은 무엇인가요?,한식전문점,육회비빔밥집,생고기전문점,갈비탕전문점,c
train_4012.jpg,train/train_4012.jpg,이 건물의 2층에 위치한 세무법인의 이름은 무엇인가요?,세무법인 해인,해인세무법인,세무법인 한울경,세무법인 한울,b
train_4013.jpg,train/train_4013.jpg,3층(3F)에는 어떤 종류의 상품이 있나요?,"전자제품, 가구, 스포츠용품","인테리어용품, 취미, 공구, 문구, 완구, 홈데코, 식품","미용, 패션, 시즌상품","욕실, 청소, 세탁, 주방용품, 도자기",d
train_4014.jpg,train/train_4014.jpg,이 가게의 전화번호는 무엇인가요?,1111-2222,1234-5678,6648-8929,9876-5432,c
train_4015.jpg,train/train_4015.jpg,이 광고판에 적힌 문구 중 '제로 슈거'와 관련된 문구는 무엇인가요?,이슬같이 깨끗한 다음날,이슬같은 깨끗함 참이슬,제로 슈거 더 초깔끔할껍!,제로 슈거는 맛있다!,c
train_4016.jpg,train/train_4016.jpg,이미지에 보이는 건강기능식품 중에서 '면역애 아연츄어블'의 1일 섭취량 당 아연 함량은 얼마인가요?,12mg,5mg,8.5mg,10mg,c
train_4017.jpg,train/train_4017.jpg,책 『착각에 빠진 리더들』에서 다루는 리더십 전략의 수는 몇 가지인가요?,10가지,5가지,8가지,12가지,c
train_4018.jpg,train/train_4018.jpg,이 무인카페에서 '자리를 비울 땐' 무엇을 부탁하고 있나요?,자리를 깨끗이 청소해 주세요,음식을 먹지 말아 주세요,음료 주문은 매너를 지켜 주세요,다른 손님이 사용 할 수 있도록 자리정리 부탁드립니다,d
train_4019.jpg,train/train_4019.jpg,이 전시회는 언제까지 열리나요?,2024.3.1. ~ 6.30.,2023.5.1. ~ 8.31.,2025.1.1. ~ 4.30.,2025.4.1. ~ 7.3.,d
train_4020.jpg,train/train_4020.jpg,사진 속 현수막에 적힌 문구는 무엇인가요?,입학을 환영합니다! 메가캠퍼스 in 강남,졸업을 축하합니다! 메가캠퍼스 in 강남,졸업을 축하합니다! 메가캠퍼스 in 홍대,입학을 환영합니다! 메가캠퍼스 in 홍대,d
train_4021.jpg,train/train_4021.jpg,사진 속 간판에 적힌 공인중개사의 상호명은 무엇인가요?,미래 공인중개사,한솔 공인중개사,삼성 공인중개사,다원 공인중개사,d
train_4022.jpg,train/train_4022.jpg,이 벽화에 나오는 조선 시대 인물들이 타고 있는 탈것은 무엇인가요?,자전거,말,기차,자동차,b
train_4023.jpg,train/train_4023.jpg,엠지씨 텀블러의 가격은 얼마인가요?,"\15,000","\21,500","\25,000","\19,800",d
train_4024.jpg,train/train_4024.jpg,이 건물 간판에 적힌 상호명은 무엇인가요?,nyunyu Boys,nyunyu Girls,nyunyu Adults,nyunyu Kids,b
train_4025.jpg,train/train_4025.jpg,사진 속 두 개의 쇼핑백에 적힌 상호명은 무엇인가요?,성심원,삼성당,성심당,성산당,c
train_4028.jpg,train/train_4028.jpg,이 이미지에서 '식당 출구입니다.' 안내문에 따르면 식당 출구로 가려면 어떻게 해야 하나요?,엘리베이터를 바로 이용한다,계단으로 이동 후 19층 엘리베이터를 이용한다,직진하여 1층으로 내려간다,통역실 옆 문을 통해 나간다,b
train_4029.jpg,train/train_4029.jpg,이 간판에 적힌 업소 이름은 무엇인가요?,한라산농장,지리산육묘장,설악산농원,백두산육묘장,b
train_4030.jpg,train/train_4030.jpg,이 건물 4층에 위치한 사무실의 이름은 무엇인가요?,킹스다운 침대,금성침대,TS검시장,이광준 세무회계,d
train_4031.jpg,train/train_4031.jpg,이 표지판에서 너구리 출몰 지역에서 지켜야 할 행동으로 올바른 것은 무엇인가요?,너구리 근처에서 큰 소리를 낸다,너구리에게 먹이를 주어 친해진다,너구리와 직접 접촉한다,너구리를 발견해도 만지거나 먹이를 주지 않는다,d
train_4032.jpg,train/train_4032.jpg,다음 중 막차가 가장 늦게 출발하는 행선지는 어디인가요?,광운대 행,동묘앞 행,노량진 행,청량리 행,b
train_4033.jpg,train/train_4033.jpg,왼쪽 제품의 이름은 무엇인가요?,크레미 몬스터,몬스터크랩 크레미,몬스터 크랩,몬스터크랩,d
train_4034.jpg,train/train_4034.jpg,이 슬라이드에서 설명하는 램버트의 법칙(Lambert's Law)에 관한 내용으로 옳은 것은 무엇인가요?,램버트 법칙은 반사된 빛의 세기가 입사광과 상관없다고 말한다,램버트 법칙은 반사각에 의존한다,반사된 빛의 세기는 표면과 입사광 방향 사이 각도의 코사인에 비례한다,반사된 빛의 세기는 입사광 세기에 무관하다,c
train_4035.jpg,train/train_4035.jpg,사진 속 포스터에 소개된 도넛의 이름은 무엇인가요?,딸기 도넛,꿀 꽈배기,초코 도넛,시나몬 롤,b
train_4036.jpg,train/train_4036.jpg,사진 속 카페 'AVANT BAKERY' 유리창에 적힌 문구 중 '봄'과 관련된 단어가 아닌 것은 무엇인가요?,설레나,꽃을 보고자 하는 가슴에는 어디에나 꽃이 피어있다.,봄,가을,d
train_4037.jpg,train/train_4037.jpg,다음 중 이미지에 보이는 과자의 이름이 아닌 것은 무엇인가요?,빅파이,오레오,가스타드,초코하임,b
train_4038.jpg,train/train_4038.jpg,"장덕로 표지판에 따르면, 하남산단(산업단지)은 어느 방향으로 가야 합니까?",직진,오른쪽,왼쪽,유턴,c
train_4040.jpg,train/train_4040.jpg,이 세탁소의 간판에 적힌 영어 문구는 무엇인가요?,LAUNDRY EXPRESS,SELF CARD LAUNDRY SHOP,LAUNDRY SERVICE,CLEAN LAUNDRY,b
train_4041.jpg,train/train_4041.jpg,이 이미지 속에서 '콘푸로스트' 제품에 적힌 문구 중 맞는 것은 무엇인가요?,보여줘! 너의 호랑이 기운!,맛있는 아침식사,자연에서 온 순수한 맛,건강한 하루를 위한 선택,a
train_4042.jpg,train/train_4042.jpg,이 사진에 보이는 포켓몬 행사 이름은 무엇인가요?,포켓몬 느긋느긋 바캉스,포켓몬 신나는 모험,포켓몬 마스터 대회,포켓몬 월드 챔피언십,a
train_4044.jpg,train/train_4044.jpg,사진 속 맥도날드 버거의 이름은 무엇인가요?,불고기 버거,치즈버거,빅맥,크림치즈 비프 버거,d
train_4046.jpg,train/train_4046.jpg,이 간판에 적힌 내용 중 무엇을 알 수 있나요?,영업 시간이 적혀 있다는 것,주차장 입구가 있다는 것,전화번호가 적혀 있다는 것,음식 메뉴판이라는 것,b
train_4047.jpg,train/train_4047.jpg,이 건강기능식품의 이름은 무엇인가요?,비타민C 플러스,오메가-3 피쉬오일,프로바이오틱스,듀얼+ 이뮨 멀티비타민 & 미네랄,d
train_4049.jpg,train/train_4049.jpg,이 간판에 적힌 상호명은 무엇인가요?,옥수농악보존회,고려EM영어수학,금호빌딩,대구광역시무형문화재,a
train_4052.jpg,train/train_4052.jpg,사진 속 세 권의 책 중 '김다리의 데일리 뜨개' 책 표지에 나와 있는 인물의 특징은 무엇인가요?,목도리를 하고 있다,안경을 쓰고 있다,모자를 쓰고 있다,머리에 헤어밴드를 하고 있다,d
train_4054.jpg,train/train_4054.jpg,이 건물에 입주해 있는 병원이나 클리닉 이름으로 올바른 것은 무엇인가요?,리앤웰성형외과의원,서울중앙내과,청춘피부과,강남한의원,a
train_4055.jpg,train/train_4055.jpg,이 사진에서 볼 수 있는 학교 이름은 무엇인가요?,서울중앙초등학교,광주서부초등학교,대전목동초등학교,부산남부초등학교,c
train_4056.jpg,train/train_4056.jpg,이 그림에 적힌 문구 중에서 '수리수리 마수리' 다음에 나오는 말은 무엇인가요?,호이호이 호이호이,마수리 마수리,짜짜 짜짜,호이짜 호이짜,d
train_4057.jpg,train/train_4057.jpg,이 사진에서 보이는 상점의 이름은 무엇인가요?,LOTTIE,HARIBO,M&M'S,KINDER,b
train_4058.jpg,train/train_4058.jpg,사진 속 노란색 표지판에 적힌 문구는 무엇인가요?,잠깐! 보행자 횡단,경고! 출입 금지,주의! 차량 통행,안내! 주차 가능,a
train_4060.jpg,train/train_4060.jpg,이 간판에서 보이는 음식 메뉴는 무엇인가요?,쭈꾸미 샤브샤브,생꼬치,불고기,삼겹살,a
train_4061.jpg,train/train_4061.jpg,이 별 모양 표지에 적힌 이름은 무엇인가요?,HANS ZIMMER,HARRY POTTER,STEVEN SPIELBERG,JOHN WILLIAMS,a
train_4062.jpg,train/train_4062.jpg,이 안내문에 따르면 이 문을 나가면 어떤 일이 발생합니까?,직원 출입구입니다,재진입이 불가합니다,입장이 가능합니다,수하물을 찾을 수 있습니다,b
train_4063.jpg,train/train_4063.jpg,이미지에 나온 '부산밀면'에서 제공하지 않는 메뉴는 무엇인가요?,새우쭈꾸미,삼겹쭈꾸미,보쌈,돼지국밥,c
train_4064.jpg,train/train_4064.jpg,이 건물 6층에 위치한 의원은 무엇인가요?,김은영내과의원,청담진의원,명인통증의학과,소중한이치과의원,a
train_4065.jpg,train/train_4065.jpg,이 사진 속에서 리처드 오스만(Richard Osman)의 책 가격은 얼마인가요?,$24.99,$29.99,$19.99,$22.99,d
train_4066.jpg,train/train_4066.jpg,이 건물 2층에 위치한 필라테스 센터의 이름은 무엇인가요?,로망 필라테스,기구필라테스,GS25,바른 커피,a
train_4067.jpg,train/train_4067.jpg,이 사진에 있는 안내판에 적힌 다리 이름은 무엇인가요?,낙동강철교,금강철교,대동강철교,한강철교,c
train_4068.jpg,train/train_4068.jpg,이 주차장 출입구 안내문에 적힌 출입구 이름은 무엇인가요?,후문 출입구,정문 출입구,별관 출입구,본당 출입구,d
train_4069.jpg,train/train_4069.jpg,이 식당에서 여름철 별미로 추천하는 메뉴는 무엇인가요?,콩국수,김치찌개,비빔밥,칼국수,a
train_4070.jpg,train/train_4070.jpg,"이 이미지에 보이는 LCK 경기 중, KT 팀의 선수 이름이 아닌 것은 무엇인가요?",BDD,CUZZ,FAKER,KIN,c
train_4071.jpg,train/train_4071.jpg,엘포트몰에 방문한 손님에게 환영 인사를 하는 문구는 무엇인가요?,엘포트몰에 방문을 환영합니다,엘포트몰에 오신 것을 환영합니다,엘포트몰에 방문해 주셔서 감사합니다,엘포트몰에 감사합니다,c
train_4072.jpg,train/train_4072.jpg,이 카페의 이름은 무엇인가요?,코메다 커피,이디야 커피,커피빈,스타벅스,a
train_4073.jpg,train/train_4073.jpg,사진에 보이는 두 과자의 공통된 맛은 무엇인가요?,초콜릿 맛,딸기 맛,바닐라 맛,치즈 맛,d
train_4074.jpg,train/train_4074.jpg,이 사진에서 1층으로 올라가는 곳과 주차장으로 내려가는 곳은 어디에 있나요?,앞쪽,오른쪽,뒤쪽,왼쪽,d
train_4075.jpg,train/train_4075.jpg,사진 속 간판에 적힌 '현대문화사'에서 제공하는 서비스가 아닌 것은 무엇인가요?,출력,음식 배달,복사,인쇄,b
train_4077.jpg,train/train_4077.jpg,이 공원의 이름은 무엇인가요?,은평공원,서울숲,한강공원,남산공원,a
train_4078.jpg,train/train_4078.jpg,이 병 맥주의 이름은 무엇인가요?,Brewing Company,DUCHESSE DE BOURGOGNE,The Hand and Malt,Hand Malt,b
train_4079.jpg,train/train_4079.jpg,"이 가게의 메뉴 중에서 4,500원에 판매되는 음식은 무엇인가요?",모카롤(치즈),말랑소시지,감자핫도그,콘치즈핫도그,c
train_4080.jpg,train/train_4080.jpg,"헤이리 예술마을 안내판에 따르면, '한국근현대사박물관'은 몇 번으로 표시되어 있나요?",15번,5번,10번,1번,d
train_4081.jpg,train/train_4081.jpg,이 건물 창문에 붙어 있는 '임대문의' 안내문에 적힌 연락처 번호는 무엇인가요?,02-9468-1233,010-5678-1234,010-9468-1233,010-1234-5678,c
train_4082.jpg,train/train_4082.jpg,메뉴판에 적힌 '杯裝' 600cc 음료의 기본 가격은 얼마인가요?,55元,70元,140元,75元,b
train_4083.jpg,train/train_4083.jpg,사진 속 간판에 적힌 문구 중에서 올바른 것은 무엇인가요?,새대열 Local Party 지향 새로운 부산을 열자는,새대열 Local Party 지향 새로운 대구를 열자는,새대열 Local Party 지향 새로운 서울을 열자는,새대열 Local Party 지향 새로운 인천을 열자는,b
train_4085.jpg,train/train_4085.jpg,이 음료수 병의 라벨에 적힌 제품 이름은 무엇인가요?,게토레이,델몬트,파워에이드 제로,포카리스웨트,c
train_4086.jpg,train/train_4086.jpg,이미지에 등장하는 '하이터'의 설명 중 올바른 내용은 무엇인가요?,모험 중에는 항상 큰 도움이 되었다.,힘펠과는 적대적인 관계이다.,술을 매우 좋아하는 탓에 주변을 애먹이는 '애주가 성직자'이다.,말년에는 마법을 포기하였다.,c
train_4089.jpg,train/train_4089.jpg,"이 장소에 붙어 있는 안내문에 따르면, 이곳은 어떤 구역인가요?",쓰레기 투기 금지 구역,주차 금지 구역,음주 운전 단속 구역,흡연신고 상습구역,d
train_4090.jpg,train/train_4090.jpg,이 장소는 어디인가요?,파리 디즈니랜드,홍콩 디즈니랜드 리조트,디즈니월드 플로리다,도쿄 디즈니랜드,b
train_4091.jpg,train/train_4091.jpg,이 장바구니에 담긴 라면 봉지에 적힌 브랜드 이름은 무엇인가요?,비빔면,너구리,신라면,진라면,a
train_4092.jpg,train/train_4092.jpg,오른쪽에 있는 삼양 불닭볶음면의 맛은 무엇인가요?,치즈 맛,순한 맛,화끈한 매운맛,짜장 맛,c
train_4093.jpg,train/train_4093.jpg,"이미지에 나온 버스 노선 안내에 따르면, 직행 2번 버스의 정류장 위치는 어디인가요?",동대구역복합환승센터앞 (260M),동대구역복합환승센터건너 (260M),"동구1-1(그랜드호텔, 수성시장네거리)",동대구역복합환승센터앞 (220M),d
train_4095.jpg,train/train_4095.jpg,이 건물 1층에 있는 식당 이름은 무엇인가요?,Little Asia,해안 노래주점,서강 김밥,김밥천국,d
train_4096.jpg,train/train_4096.jpg,이 곳에서 제공하지 않는 서비스는 무엇인가요?,음식 배달,컵 소독기,음수대,손 세정대,a
train_4097.jpg,train/train_4097.jpg,이 화면에서 안내하는 오류 내용 중 맞는 것은 무엇인가요?,랭크게임 승패가 자동으로 결정된다.,랭크게임 결과가 반영되지 않는 오류가 있어 담당자가 확인 중이다.,관전 모드가 영구적으로 비활성화되었다.,게임 실행이 불가능하다는 오류이다.,b
train_4099.jpg,train/train_4099.jpg,사진 속 스티커 세트 중 '50 조각 틴케이스 스티커 세트'에 포함된 디자인 종류는 무엇인가요?,레트로 스타일 스티커 20가지 디자인 x 5개입,빈티지 무드 화지 스티커북 25장의 리믹스 디자인 x 4매,"오브젝트 10가지 디자인 x 4개입, 프레임 5가지 디자인 x 2개입",플라워 패턴 스티커 15가지 디자인 x 3개입,c
train_4100.jpg,train/train_4100.jpg,이 제품의 이름은 무엇인가요?,에이스)후쿠오카밀크푸딩,에이스)도쿄저지푸딩,에이스)홋카이도저지푸딩,에이스)홋카이도밀크푸딩,c
train_4101.jpg,train/train_4101.jpg,성심당에서 포장 주문 시 배달이 가능한 음식은 무엇인가요?,빙수,케이크,빵,커피,a
train_4102.jpg,train/train_4102.jpg,이 광고에서 'Torri den' 수분 세럼이 강화한 성분은 무엇인가요?,콜라겐 5배 강화,비타민 C 3배 강화,녹차 추출물 함유,히알루론산 2배 강화,d
train_4103.jpg,train/train_4103.jpg,사진에 보이는 과자 중 '버터구이' 맛이 적혀 있는 제품은 무엇인가요?,제철 생초감자칩 어니언,오징어집 매운맛,오징어집 버터구이,제철 생초감자칩 핫,c
train_4104.jpg,train/train_4104.jpg,벽에 붙어 있는 포스터에 반복적으로 적혀 있는 문구는 무엇인가요?,WELCOME TO OUR RESTAURANT.,ENJOY YOUR MEAL.,"IT'S A JOKE, NOT A DICK. DON'T TAKE IT SO HARD.",HAVE A NICE DAY.,c
train_4105.jpg,train/train_4105.jpg,이 제품의 이름은 무엇인가요?,홈런볼 소금,홈런볼 초코,홈런볼 딸기,홈런볼 바닐라,b
train_4106.jpg,train/train_4106.jpg,"이 배너에 따르면, 삼성과 5대 은행이 동행하는 목적은 무엇인가요?",청년들의 취업경쟁력 제고 및 디지털 인재 육성,환경 보호를 위한 캠페인 진행,신제품 금융 서비스 홍보,고객 대상 금융 상담 서비스 제공,a
train_4107.jpg,train/train_4107.jpg,유리병에 붙어 있는 라벨에 적힌 글자는 무엇인가요?,진열용,원두용,보관용,시음용,a
train_4108.jpg,train/train_4108.jpg,이 사진에 나온 현수막에 적혀 있는 단체명은 무엇인가요?,한국 고양이 협회,한국 앵무새 협회,한국 강아지 협회,한국 조류 협회,b
train_4109.jpg,train/train_4109.jpg,이 건물의 이름은 무엇인가요?,성심모텔,성심펜션,성실모텔,성심호텔,a
train_4110.jpg,train/train_4110.jpg,이 건물에 있는 간판에 적힌 상호명은 무엇인가요?,daiso,emart,muji,lotte,a
train_4111.jpg,train/train_4111.jpg,"이 와인 프로모션 안내문에 따르면, 'FRANCLIZER' 와인의 알코올 도수는 얼마인가요?",5.0%,7.5%,12.5%,0.0%,d
train_4112.jpg,train/train_4112.jpg,이미지에 보이는 에너지 음료 캔의 맛은 무엇인가요?,복숭아 맛,사과 맛,파인애플 맛,포도 맛,d
train_4113.jpg,train/train_4113.jpg,온치과의원은 어느 층에 위치해 있나요?,2층,4층,5층,1층,b
train_4114.jpg,train/train_4114.jpg,이 간판에서 '광양본가' 예약문의 전화번호는 무엇인가요?,567-1662,555-4849,555-8494,567-6162,c
train_4115.jpg,train/train_4115.jpg,"이 지하철 출구 안내판에 따르면, 4번 출구 방향으로 나가면 어떤 장소로 갈 수 있나요?",자양동 면허시험장,건국대학교,서울숲,어린이대공원,b
train_4116.jpg,train/train_4116.jpg,사진 속 약국의 이름은 무엇인가요?,최경호 약국,봄약국,부동산,가정의학과,b
train_4117.jpg,train/train_4117.jpg,"이 흡연장 이용안내문에 따르면, 바닥에 두지 말아야 할 것은 무엇인가요?",침,담배갑,재떨이,꽁초,a
train_4119.jpg,train/train_4119.jpg,"이 편의점 출입문에 붙어 있는 할인 행사 안내문에 따르면, 신영 피치우롱티 소주는 얼마에 판매되고 있나요?","3,800원","3,000원","4,000원","3,300원",d
train_4120.jpg,train/train_4120.jpg,'소편&라이프쇼 특별관 라인업'에 포함된 브랜드가 아닌 것은 무엇인가요?,쿠팡,메르세데스-벤츠,나이키,스타벅스,c
train_4122.jpg,train/train_4122.jpg,2026년 아파트 힐링원 프로그램 참여자 모집 공고에서 신청 기간은 언제부터 언제까지인가요?,5월 1일 ~ 5월 15일,3월 5일 ~ 3월 15일,3월 1일 ~ 3월 10일,4월 1일 ~ 4월 15일,b
train_4123.jpg,train/train_4123.jpg,이 건물 1층에 위치한 음식점은 무엇인가요?,피자헛,맘스터치,파파존스,버거킹,a
train_4124.jpg,train/train_4124.jpg,사진에 보이는 'ONE STEP AWAY'는 무엇과 관련된 행사명인가요?,이경준 사진전 부산,한국 미술 전시회,부산 국제 영화제,서울 패션 박람회,a
train_4125.jpg,train/train_4125.jpg,이 건물 외벽에 크게 적혀 있는 브랜드 이름은 무엇인가요?,DIOR,PRADA,GUCCI,CHANEL,a
train_4127.jpg,train/train_4127.jpg,이 건물에 있는 병원 이름은 무엇인가요?,한길산부인과,에버마리 산부인과,소아과 산후조리원,삼일로 산부인과,b
train_4128.jpg,train/train_4128.jpg,사진 속 할인 가격표에서 원래 가격이 ￦3190일 때 50% 할인된 가격은 얼마인가요?,￦1585,￦1600,￦1595,￦1590,c
train_4130.jpg,train/train_4130.jpg,가운데 가게의 이름은 무엇인가요?,모통이 카페,모두 카페,오후 커피,라온 카페,c
train_4131.jpg,train/train_4131.jpg,이 건물 4층에 위치한 업체 이름은 무엇인가요?,우대빵 부동산,관리사무실,아이엠이엔에이,강남 부동산,a
train_4133.jpg,train/train_4133.jpg,이미지에 보이는 상가 중에서 '헤어띠'를 판매하는 곳의 상호명은 무엇인가요?,태영 공인중개사 사무소,으뜸 이매공인중개사,양리윤 헤어띠,아름 공인중개사무소,c
train_4134.jpg,train/train_4134.jpg,이 냉장고의 에너지소비효율등급은 무엇인가요?,5등급,3등급,1등급,2등급,d
train_4135.jpg,train/train_4135.jpg,이 간판에 적힌 음식 메뉴는 무엇인가요?,쭈짱수 김복상,쭈짱수 킥복싱,쭈짱수 김복싱,쭈짱수 킥복상,b
train_4136.jpg,train/train_4136.jpg,이 건물 명판에 적힌 사업명은 무엇인가요?,강남 스타타워,현대 아파트,서울시청,삼성 멀티 캠퍼스,d
train_4137.jpg,train/train_4137.jpg,축구장 광고판에 적힌 병원 이름은 무엇인가요?,LG에너지솔루션,미담한우,신한카드,강철병원,d
train_4138.jpg,train/train_4138.jpg,빨간색 포장지에 적힌 아이스크림의 맛은 무엇인가요?,바닐라,딸기,녹차,밀크초코,d
train_4140.jpg,train/train_4140.jpg,이 교차로에서 보이는 도로명 표지판 중 하나는 무엇인가요?,여의나루로 6길,을지로 3가,국제금융로7길,한강대로,a
train_4142.jpg,train/train_4142.jpg,BBQ 고추튀김 2개의 가격은 얼마인가요?,"12,000원","5,000원","15,000원","9,000원",d
train_4143.jpg,train/train_4143.jpg,이 행사 포스터에 따르면 'International COFFEE HOUR' 행사는 언제 열리나요?,"August 20, 1 PM-3 PM","September 5, 12 PM-2 PM","October 10, 3 PM-5 PM","September 15, 10 AM-12 PM",b
train_4144.jpg,train/train_4144.jpg,이 건물에 있는 커피숍의 이름은 무엇인가요?,TOM N TOMS COFFEE,EDIYA COFFEE,HOLLYS COFFEE,STARBUCKS COFFEE,a
train_4145.jpg,train/train_4145.jpg,승차권에 적힌 출발역과 도착역은 어디인가요?,대전 → 동대구,서울 → 부산,동대구 → 대전,부산 → 서울,c
train_4147.jpg,train/train_4147.jpg,"삼성역 확장 공사로 인해 임시 출입구로 이용하라는 안내문에 따르면, 기존 출입구 중 어떤 번호를 사용하는 사람들은 임시 출입구 5번을 이용해야 하나요?","기존 출입구 3번, 4번","기존 출입구 7번, 8번","기존 출입구 1번, 2번","기존 출입구 5번, 6번",d
train_4148.jpg,train/train_4148.jpg,이 가게는 매월 몇째 주 월요일과 매주 어느 날을 휴무로 정하고 있나요?,매월 둘째 주 화요일과 매주 토요일,매월 둘째 주 월요일과 매주 토요일,매월 첫째 주 화요일과 매주 일요일,매월 첫째 주 월요일과 매주 일요일,d
train_4149.jpg,train/train_4149.jpg,화면에 표시된 411번 주문 번호의 주문 상태는 무엇인가요?,주문 대기,메뉴 준비중,배달 중,제조완료,d
train_4150.jpg,train/train_4150.jpg,이 음료 캔에 적힌 총 내용량은 얼마인가요?,500 ml,355 ml,250 ml,400 ml,b
train_4153.jpg,train/train_4153.jpg,"사진 속 도로 안내 표지판에 따르면, '성산'과 '세화' 방향으로 가려면 어느 도로 번호를 따라야 하나요?",1150,1200,1132,1100,c
train_4154.jpg,train/train_4154.jpg,사진 속 '오일내' 가게에서 소주 한 병 가격은 얼마인가요?,"1,900원","5,000원","2,500원","11,000원",a
train_4155.jpg,train/train_4155.jpg,이 건물 입구에 적힌 상호명은 무엇인가요?,일원스타,롯데마트,삼성전자,스타벅스,a
train_4156.jpg,train/train_4156.jpg,이 경기장에서 은퇴식을 가진 롯데 자이언츠 선수의 등번호는 무엇인가요?,9,7,8,10,a
train_4158.jpg,train/train_4158.jpg,이 식당의 간판에 적힌 상호명은 무엇인가요?,큰맘할매순대,할매순대국,작은맘할매순대,큰맘할매국밥,a
train_4159.jpg,train/train_4159.jpg,사진 속 빨간색 표지판에 적힌 문구는 무엇인가요?,주차금지,진입금지,주차가능,출입금지,a
train_4161.jpg,train/train_4161.jpg,다음 중 '노은 일침 한의원' 안내문에 적힌 전화번호는 무엇인가요?,892-9,042-710-7770,825-9969,822-7588,d
train_4162.jpg,train/train_4162.jpg,사진 속 아파트 건물에 적힌 아파트 이름은 무엇인가요?,롯데,노블랜드,대방,한강,c
train_4163.jpg,train/train_4163.jpg,이 선반에 진열된 치약 중에서 '무그린 치석케어' 제품의 가격은 얼마인가요?,"8,900원","6,800원","8,300원","9,800원",d
train_4164.jpg,train/train_4164.jpg,사진 속 음료 캔에 적힌 문구 중 올바른 것은 무엇인가요?,ZERO SUGAR,SUGAR ZERO,SUGAR FREE,NO SUGAR ADDED,a
train_4166.jpg,train/train_4166.jpg,이 이미지 속 'No Brand' 제품 중에서 물비빔막국수의 가격은 얼마인가요?,"3,500원","6,200원","4,480원","5,980원",c
train_4168.jpg,train/train_4168.jpg,3층 안내판에 적힌 마사지 관련 업소가 아닌 것은 무엇인가요?,K-라인 스포츠마사지,맘스터치 (치킨&버거),유성스포츠마사지,수피아 마사지 (남여24시),b
train_4169.jpg,train/train_4169.jpg,이 지하철역 기둥에 적혀 있는 문구는 무엇인가요?,포켓몬 카드 게임,포켓몬스터 게임,포켓몬 카드 판매,포켓몬 카드 모음,a
train_4170.jpg,train/train_4170.jpg,이 접시에 적힌 문구 중 올바른 것은 무엇인가요?,PETER'S PASTA HOUSE,WELCOME TO PETER,TO FIND PETER,"Dear Peter, Where are you now?",c
train_4171.jpg,train/train_4171.jpg,이 건물 2층에 위치한 학원의 이름은 무엇인가요?,필그림 미용학원,우리동네 슈퍼,슈퍼마트,필그림 음악학원,d
train_4174.jpg,train/train_4174.jpg,왼손에 들고 있는 과자 포장지에 적힌 맛은 무엇인가요?,Spicy Chicken Chip,Sweet Honey Cookie,Cheese Flavor Snack,Black Truffle Tomato Cracker,d
train_4175.jpg,train/train_4175.jpg,이 배너에 따르면 '이재모 피자'는 언제 개업하나요?,5월 5일,5월 1일,6월 5일,4월 5일,a
train_4176.jpg,train/train_4176.jpg,이 가게에서 서귀포 감귤 한 봉지의 가격은 얼마인가요?,"12,000원","8,000원","5,000원","10,000원",b
train_4177.jpg,train/train_4177.jpg,이 가게에서 판매하는 '히레 소주'의 가격은 얼마인가요?,"7,500원","10,000원","13,000원","4,500원",a
train_4178.jpg,train/train_4178.jpg,이 그림의 제목은 무엇인가요?,가을,겨울,봄,여름,c
train_4179.jpg,train/train_4179.jpg,사진 속 '더블픽 원데이' 렌즈 가격은 얼마인가요?,"50,000원","33,000원","20,000원","10,000원",b
train_4180.jpg,train/train_4180.jpg,ICCES2026 컨퍼런스에서 점심 식사가 제공되는 장소는 어디인가요?,The Hong Kong Polytechnic University Cafeteria,City Center Food Court,"Conference Hall 3, Main Building","VA Student Canteen (The Forest) G/F, Shaw Amenities Building",d
train_4181.jpg,train/train_4181.jpg,이 사진에 보이는 건물의 간판 중에서 '하늘공인중개사'의 전화번호는 무엇인가요?,1234-5678,473-7878,010-1234-5678,070-4230-9691,b
train_4182.jpg,train/train_4182.jpg,다음 중 이 냉장고에 진열된 크림 치즈 종류가 아닌 것은 무엇인가요?,Chocolate cream cheese,Fig cream cheese,Scallion cream cheese,Peach cream cheese,a
train_4184.jpg,train/train_4184.jpg,이 영수증에서 '황제소갈비살 6'의 가격은 얼마인가요?,"48,000원","56,900원","1,000원","6,900원",a
train_4185.jpg,train/train_4185.jpg,사진 속 상가 임대 광고에 적힌 전화번호 중 하나가 아닌 것은?,010-1234-5678,062-434-6666,010-3920-8111,010-5700-3138,a
train_4186.jpg,train/train_4186.jpg,이 가게의 대표 음식 이름은 무엇인가요?,소고기국밥,비빔밥,닭갈비,돼지국밥,d
train_4187.jpg,train/train_4187.jpg,이 표지판의 노란색 안내문에 적힌 내용 중 맞는 것은 무엇인가요?,교량 위로 물이 넘칠 때는 건너도 된다.,교량 위로 물이 넘칠 때는 위험하니 건너지 마시오.,교량 위로 물이 넘치면 안전하니 건너시오.,교량 위에 물이 넘쳐도 통행금지와는 상관없다.,b
train_4188.jpg,train/train_4188.jpg,사진 속 간판에 적힌 수학 학원의 이름은 무엇인가요?,신고수 수학 학원,대방천로 181-1,예수남처럼예닮교회,신풍 주짓수 MMA,a
train_4189.jpg,train/train_4189.jpg,이 책의 제목은 무엇인가요?,컴퓨터활용생산,수원하이텍고등학교 안내서,GV CNC 사용 설명서,CNC선반 프로그램과 가공,d
train_4190.jpg,train/train_4190.jpg,이 공간에서 제공하는 무료 와이파이 접속 ID는 무엇인가요?,무선 인터넷,hollys0778,HOLLYS5G,FREE WIFI ZONE,c
train_4191.jpg,train/train_4191.jpg,이 시장 입구에 적혀 있는 문구 중 '중앙시장' 바로 아래에 적힌 문구는 무엇인가요?,출입구 3,Coffee Lovers,가득가득 담아가세요!,맛있게! 얼려먹게!,c
train_4192.jpg,train/train_4192.jpg,이 화장실 문에 붙어 있는 안내문에 따르면 화장실 전등 전원에 대해 어떤 행동을 해서는 안 되나요?,전등 전원을 점멸시켜야 한다,전등 전원을 교체해야 한다,전등 전원을 꺼도 된다,전등 전원을 끄지 말아야 한다,d
train_4195.jpg,train/train_4195.jpg,덕천빌딩에 입주해 있는 회사나 기관 중 '특허법률사무소'는 무엇인가요?,세븐일레븐,이재화 / 예준국제 특허법률사무소,(주)에이전트에이아이랩스,니즈게임즈 주식회사,b
train_4196.jpg,train/train_4196.jpg,사진 속 컵에 붙어 있는 노란색 스티커에 적힌 문구는 무엇인가요?,한정 수량 판매 중,고객님의 리뷰는 사랑입니다,신선한 재료만 사용,최고의 맛을 자랑합니다,b
train_4198.jpg,train/train_4198.jpg,이 건물에 있는 상호명 중 '치과'와 관련된 상호명은 무엇인가요?,마음치과,파동아동말날센터,전지만한의원,상아치과,d
train_4201.jpg,train/train_4201.jpg,이 사진 속 가게의 이름은 무엇인가요?,Coffee Bean,Tom N Toms,Gong cha,Starbucks,c
train_4203.jpg,train/train_4203.jpg,이 사진 속 카페에서 볼 수 있는 상호명은 무엇인가요?,PLASTIC,selfcafe,wells,Samsung,b
train_4204.jpg,train/train_4204.jpg,이 건물에 위치한 학원 중 일본어 회화를 전문으로 하는 곳은 몇 층에 있나요?,1층,4층,2층,3층,d
train_4205.jpg,train/train_4205.jpg,이 노란색 배송차량에 적힌 문구 중 올바른 내용은 무엇인가요?,오늘 주문하면 내일 도착,"빠른 배송, 안전한 포장",원하는 걸 원하는 시간에 쓱배송,믿고 사는 즐거움 SSG.COM,c
train_4207.jpg,train/train_4207.jpg,"'하리보리안의 방' 안내문에 따르면, 하리보리안은 무엇을 수집하는 사람인가요?",하리보 공장을 운영하는 사람,하리보 광고를 디자인하는 사람,곰젤리 굿즈를 수집하는 사람,하리보 인형을 만드는 사람,c
train_4209.jpg,train/train_4209.jpg,건물에 있는 '굿윌치과병원' 간판에서 안내하는 진료과목은 무엇인가요?,소아과 전문의 진료,구강내과 전문의 진료,정신과 전문의 진료,일반 내과 진료,b
train_4211.jpg,train/train_4211.jpg,부산시민공원에서 5월 17일부터 운영하는 임시주차장 이용 가능 시간은 언제인가요?,08:00~17:00,11:00~20:00,10:00~19:00,09:00~18:00,c
train_4212.jpg,train/train_4212.jpg,이 건물에 입주해 있는 학원은 무엇입니까?,노래레슨센터,퍼스트부동산,A+스피치학원,디벨세무법인,c
train_4213.jpg,train/train_4213.jpg,이 건물의 2층에 있는 시설이 아닌 것은 무엇인가요?,L/C센터,노래방,3식당,모바일샵,d
train_4214.jpg,train/train_4214.jpg,이 가게의 상호명은 무엇인가요?,제일금거래소,제이금거래소,더원금거래소,금나라거래소,a
train_4215.jpg,train/train_4215.jpg,사진 속 파란색 과자 봉지에 적힌 브랜드 이름은 무엇인가요?,Oishi,Crown,Orion,Lotte,a
train_4216.jpg,train/train_4216.jpg,이 광고에서 판매하는 제품의 이름은 무엇인가요?,ONE DAY BUBBLE CHEW,ONE DAY CHEW,PET CHEW TOY,BUBBLE GUM,a
train_4218.jpg,train/train_4218.jpg,"이 가게 유리문에 붙어 있는 CCTV 설치 안내문에 따르면, CCTV 촬영 시간은 언제인가요?",오후 6시부터 오전 9시까지,오전 9시부터 오후 6시까지,24시간 연속 촬영,촬영 시간 없음,c
train_4219.jpg,train/train_4219.jpg,다음 중 이 도로 표지판에 적힌 방향이 아닌 것은 무엇인가요?,청명역,경희대학교,서울역,황곡초교,c
train_4220.jpg,train/train_4220.jpg,사진 속 'Oishi Pillows' 과자 봉지에 적힌 맛은 무엇인가요?,딸기맛,초코맛,치즈맛,쿠키와 바닐라 맛,d
train_4222.jpg,train/train_4222.jpg,이 지하철역 출입구 번호는 무엇인가요?,4번,3번,2번,1번,c
train_4225.jpg,train/train_4225.jpg,회색 SUV 차량 후면 유리창에 붙어 있는 파란색 스티커에 적힌 문구는 무엇인가요?,초보운전,안전운전,속도제한,차량점검,a
train_4226.jpg,train/train_4226.jpg,"이 책의 목차에 따르면, '리눅스 일반' 파트에서 다루지 않는 내용은 무엇인가요?",리눅스의 설치,리눅스의 기본 명령어,리눅스 운영 및 관리,리눅스의 이해,c
train_4227.jpg,train/train_4227.jpg,사진 속 가게 이름은 무엇인가요?,SUNG SIM DANGG,SUNG SIM DONG,SUNG SIM DANGK,SUNG SIM DANG,d
train_4228.jpg,train/train_4228.jpg,이 간판에 적힌 상호명은 무엇인가요?,노루페인트,Anycolor System,그린페인트,칠,a
train_4229.jpg,train/train_4229.jpg,이 건물 1층에 있는 편의점의 이름은 무엇인가요?,GS25,CU,7-Eleven,Ministop,b
train_4230.jpg,train/train_4230.jpg,이 건물의 간판에 적힌 은행 이름은 무엇인가요?,부산국민은행,경남은행,대구은행,부산은행,d
train_4232.jpg,train/train_4232.jpg,사진 속 치킨팝 과자의 가격은 얼마인가요?,"1,800원","1,300원","1,200원","1,700원",c
train_4233.jpg,train/train_4233.jpg,작은 봉지에 적힌 문구 중에서 '먹지 마세요'는 어떤 언어로 적혀 있나요?,한국어,영어,중국어,일본어,a
train_4234.jpg,train/train_4234.jpg,이 사진에 보이는 역 이름은 무엇인가요?,광주역,대전역,부산역,서울역,c
train_4235.jpg,train/train_4235.jpg,이 전철역 안내판에서 '1번 승강장'은 어디 방향으로 가는 열차를 안내하고 있나요?,"오사카, 쿄바시 방향","후쿠오카, 하카타 방향","도쿄, 신주쿠 방향","교토, 나라 방향",a
train_4236.jpg,train/train_4236.jpg,제품의 전원을 끄기 위해서는 어떻게 해야 하나요?,위 버튼을 1번 눌러 ON,아래 버튼을 2초 길게 눌러 ON/OFF,후면 토글을 우측으로(ON) 전환,위 버튼을 2초간 눌러 OFF,d
train_4238.jpg,train/train_4238.jpg,사진 속 큰 건물에 적힌 글자 중 영화관을 의미하는 것은 무엇인가요?,CGV,MEGABOX,롯데시네마,SCREEN,d
train_4239.jpg,train/train_4239.jpg,다음 중 사진 속 잼 병에 적힌 이름이 아닌 것은 무엇인가요?,Milk Jam,Chocolate Milk Jam,Black Sesame Jam,Strawberry Jam,d
train_4240.jpg,train/train_4240.jpg,이미지 속 뉴스 제목 중 AI와 관련된 내용은 무엇인가요?,"""35명 중 32명 낙제"" 시험지에 'AI 합정' 판 교수의 한 수",의대생 '당돌' 발언에 '싸늘',"""20대가 가장 심각"" 암울한 대한민국 전망",요즘 대기업 합격하는 진짜 스펙,a
train_4243.jpg,train/train_4243.jpg,이 과자 봉지에 적힌 과자의 이름은 무엇인가요?,홈런볼 초코,홈런볼 딸기,홈런볼 오리지널,홈런볼 바닐라,a
train_4244.jpg,train/train_4244.jpg,건물에 붙어 있는 '임대문의' 간판에 적힌 연락처 번호는 무엇인가요?,02-123-4567,010-9876-5432,010-3411-7087,010-1234-5678,c
train_4245.jpg,train/train_4245.jpg,안도리냐 유기농 엑스트라버진 올리브유(500ML)의 할인 가격은 얼마인가요?,"10,980원","15,980원","3,000원","12,980원",d
train_4247.jpg,train/train_4247.jpg,이 표지판에 적힌 문구는 무엇인가요?,출입금지,주차금지,통행금지,금연구역,b
train_4248.jpg,train/train_4248.jpg,이 사진 속 간판에 적힌 도시는 어디인가요?,멜라카,조지 타운,페낭,쿠알라룸푸르,a
train_4252.jpg,train/train_4252.jpg,이 명찰에 적힌 이름은 무엇인가요?,지 민 혁,박 준 호,김 태 형,이 수 민,a
train_4253.jpg,train/train_4253.jpg,메뉴판에 따르면 고추튀김의 가격은 얼마인가요?,1000,1400,900,2000,d
train_4254.jpg,train/train_4254.jpg,이 이미지에서 벽에 붙어 있는 안전 관련 포스터에 적힌 내용은 무엇인가요?,안전은 선택이 아닌 필수,안전모 착용 필수,안전장비 착용 권장,헬멧착용 안전제일,d
train_4255.jpg,train/train_4255.jpg,이 결과 화면에서 1위 선수의 점수는 얼마인가요?,101,66,102,70,c
train_4256.jpg,train/train_4256.jpg,이 도로 표지판에 적힌 출구 번호는 무엇인가요?,출구 20,출구 10,출구 15,출구 5,b
train_4257.jpg,train/train_4257.jpg,"이 금연 구역 표지판에 따르면, 금연 구역은 어린이집 시설의 경계선으로부터 몇 미터 이내인가요?",5m 이내,20m 이내,15m 이내,10m 이내,d
train_4258.jpg,train/train_4258.jpg,이 건물 벽에 붙어 있는 표지판에 적힌 내용으로 알맞은 것은 무엇인가요?,4층 서림통상 전용 주차,3층 서림통상 출입 금지,4층 서림통상 출입 금지,3층 서림통상 전용 주차,a
train_4259.jpg,train/train_4259.jpg,이미지 속 태그에 적힌 '체크 소프트 헤어리 머플러'의 색상과 가격은 무엇인가요?,"SKY BLUE, 39000원","RED, 45000원","WHITE, 40000원","BLACK, 35000원",a
train_4260.jpg,train/train_4260.jpg,빨간색 간판에 적힌 뼈해장국의 가격은 얼마인가요?,"13,000원","8,000원","10,000원","9,000원",d
train_4261.jpg,train/train_4261.jpg,이 가게의 전문 메뉴는 무엇인가요?,양갈비 전문점,된장찌개 전문점,김치찌개 전문점,삼겹살 전문점,a
train_4262.jpg,train/train_4262.jpg,사진 속 노란 간판에 적힌 약국 이름은 무엇인가요?,우리약국,시민약국,아페약국,동네약국,c
train_4263.jpg,train/train_4263.jpg,소화전 사용 방법 중 '3번'에 해당하는 내용은 무엇인가요?,불 끄기,밸브열기,호스 빼내기,밸브닫기,a
train_4264.jpg,train/train_4264.jpg,이 건물의 가게 이름은 무엇인가요?,맛있는 라멘,이치란,도쿄 라멘,라멘천국,b
train_4265.jpg,train/train_4265.jpg,7월 14일 화요일 도시락 메뉴에 포함되지 않은 것은 무엇인가요?,떡갈비파스타샐러드,훈제오리,미트볼조림,매운어묵국,a
train_4266.jpg,train/train_4266.jpg,이 이미지에 보이는 가게는 어떤 브랜드인가요?,맥도날드,스타벅스,SUBWAY,파리바게뜨,c
train_4267.jpg,train/train_4267.jpg,이 사진에서 보이는 도로명 표지판에 적힌 도로명은 무엇인가요?,강남대로 10길,테헤란로 34길,삼성로 22길,역삼로 15길,b
train_4268.jpg,train/train_4268.jpg,사진 속 과자 상자에 적힌 '% 초콜릿 함량'은 얼마인가요?,45%,70%,58%,30%,c
train_4269.jpg,train/train_4269.jpg,이 사진에 보이는 음식점의 이름은 무엇인가요?,정석,참제육,여수집,부러니,c
train_4270.jpg,train/train_4270.jpg,사진 속 문에 적힌 문구 중 'Move the City'와 함께 나타난 마스코트가 소속된 기관은 어디인가요?,서울시립도서관,대한민국 경찰청,서울교통공사,한국철도공사,c
train_4271.jpg,train/train_4271.jpg,이 차량에 적혀 있는 회사 이름은 무엇인가요?,대한통운,한진택배,롯데택배,CJ대한통운,d
train_4272.jpg,train/train_4272.jpg,사진 속 상점 간판에 적힌 상호명은 무엇인가요?,한술,고려아파트,미래부동산,대영종합설비,d
train_4275.jpg,train/train_4275.jpg,사진 속 건물에 적혀 있는 한국어 문구는 무엇인가요?,도쿄역 출구,말로는 할 수 없는 가치를 에모이함,오늘은 좋은 날입니다,사랑해요,b
train_4276.jpg,train/train_4276.jpg,이 전시회의 기간은 언제부터 언제까지인가요?,2023.4.22.(수) ~ 7.31.(금),2026.4.22.(수) ~ 7.31.(금),2025.4.22.(수) ~ 7.31.(금),2026.3.1.(월) ~ 6.30.(수),b
train_4277.jpg,train/train_4277.jpg,이 건물에 입주해 있는 업체 중 하나인 '믿음의 교회'의 슬로건은 무엇인가요?,행복을 나누는 교회,사랑과 희망의 믿음,세상을 이기는 승리는 이것이니 우리의 믿음이니라,믿음과 진리의 공동체,c
train_4278.jpg,train/train_4278.jpg,이 빼빼로 제품의 맛은 무엇인가요?,초코맛,아몬드맛,화이트쿠키,딸기맛,c
train_4279.jpg,train/train_4279.jpg,사진 속 키링에 적힌 문구는 무엇인가요?,I'm driving. 나는 드라이브 중이다.,I'm dividing. 나는 디비지는 중이다.,I'm diving. 나는 다이빙 중이다.,I'm deciding. 나는 결정하는 중이다.,b
train_4281.jpg,train/train_4281.jpg,참조은오리 가게에서 오리 한 마리 가격은 얼마인가요?,"10,000원","20,000원","16,000원","18,000원",d
train_4282.jpg,train/train_4282.jpg,이 건물에 있는 미용실의 이름은 무엇인가요?,진주미용실,인동전당포,On 미용실,인동전문점,a
train_4283.jpg,train/train_4283.jpg,"소화전 사용법에 따르면, 소화전밸브를 어떻게 개방해야 하나요?",밸브를 당겨서 개방한다,오른쪽으로 돌려서 개방한다,위로 들어 올려서 개방한다,왼쪽으로 돌려서 개방한다,d
train_4284.jpg,train/train_4284.jpg,사진 속 제품의 맛은 무엇인가요?,딸기맛 쫀득찹쌀떡,카다이프초코 바닐라맛,카다이프초코 쫀득찹쌀떡,초코맛 찹쌀떡,c
train_4285.jpg,train/train_4285.jpg,이 공사장 출입문 위에 적혀 있는 주소는 무엇인가요?,역삼동 700번지 신축공사,역삼동 710번지 신축공사,역삼동 717번지 신축공사,역삼동 717번지 재개발,c
train_4286.jpg,train/train_4286.jpg,이 도시락 세트에 포함된 반찬으로 알맞지 않은 것은 무엇인가요?,샐러드,라면,닭갈비,김치,d
train_4287.jpg,train/train_4287.jpg,이 사진에 보이는 꽃 모양 장식의 얼굴 표정은 무엇인가요?,행복한 얼굴,슬픈 얼굴,무표정,화난 얼굴,a
train_4288.jpg,train/train_4288.jpg,이 길 표지판에 적힌 도로 이름은 무엇인가요?,강남대로,삼성로,논현로86길,청담동길,c
train_4289.jpg,train/train_4289.jpg,지인산부인과의원 광고에서 함께 일하는 의학박사는 누구인가요?,박지인,정미경,김정연,이수연,c
train_4290.jpg,train/train_4290.jpg,"'SSAFY SW Certificate'에 따르면, 교육 기간은 언제부터 언제까지인가요?",2025.07.08 - 2026.06.30,2024.01.01 - 2024.12.31,2023.03.01 - 2024.02.28,2026.07.01 - 2027.06.30,a
train_4292.jpg,train/train_4292.jpg,이 건물에 있는 학원 간판 중에서 '멘토미술학원'과 함께 적혀 있는 내용은 무엇인가요?,컴퓨터 프로그래밍 전문,"수학, 논술, 미술 전문",영어회화 전문,외국어 통번역 전문,b
train_4294.jpg,train/train_4294.jpg,주차장 입구에 적힌 제한 높이는 얼마인가요?,2.5M,2.2M,2.0M,1.8M,b
train_4295.jpg,train/train_4295.jpg,엠지씨 텀블러의 용량은 얼마인가요?,850 ml,750 ml,500 ml,650 ml,d
train_4296.jpg,train/train_4296.jpg,사진 속 음료수 병에 적힌 맛은 무엇인가요?,딸기맛,포도맛,바나나맛,사과맛,c
train_4297.jpg,train/train_4297.jpg,"냉장고 문에 붙어 있는 안내문에 따르면, 냉장고 사용 후에 해야 할 일은 무엇인가요?",관계자 외 누구나 사용 가능,사용후 반드시 시건장치함,냉장고 온도를 -10도로 유지한다,냉장고 문을 항상 열어둔다,b
train_4298.jpg,train/train_4298.jpg,이 간판에 적힌 가게 이름은 무엇인가요?,그리나,예그린,반려견편집샵,예그리나,d
train_4299.jpg,train/train_4299.jpg,사진 속 건물 옥상에 적혀 있는 문구는 무엇인가요?,문산동 선도지구 확정,신규 아파트 분양,도시재생 뉴딜사업,교통 편리한 주거지,a
train_4300.jpg,train/train_4300.jpg,사진 속 상품 '재래김 / 파래김 (16봉) 각'의 가격은 얼마인가요?,"5,680원","7,100원","10,000원","16,000원",a
train_4301.jpg,train/train_4301.jpg,이 이미지에서 '黑色?惑'라고 적힌 흰색 포장지의 가격은 얼마인가요?,2.20 €,4.50 €,1.00 €,3.50 €,a
train_4306.jpg,train/train_4306.jpg,CU 편의점 출입문은 어디에 있나요?,편의점 뒤편에 있습니다,건물 입구에 있습니다,편의점 오른쪽 벽에 있습니다,편의점 왼쪽 벽에 있습니다,b
train_4307.jpg,train/train_4307.jpg,사진 속에 있는 PC방 이름은 무엇인가요?,PC ZONE,PC WORLD,PC POP,PC CAFE,c
train_4308.jpg,train/train_4308.jpg,상봉먹자골목에서 매달 열리는 축제 중 9월에 개최되는 축제 이름은 무엇인가요?,로컬 메인 축제,상시 축제,별이 빛나는 밤,야장시그널,a
train_4309.jpg,train/train_4309.jpg,왼쪽 가게의 간판에 적힌 상호명은 무엇인가요?,HANZO SUSHI,KATSU HOUSE,HANZO KATSU,HANZO CAFE,c
train_4310.jpg,train/train_4310.jpg,이 사진에서 보이는 쇼핑 아케이드 입구의 이름은 무엇인가요?,WE GO,富山?品,心?橋筋 (SHINSAIBASHI-SUJI),マツモトキヨシ,c
train_4311.jpg,train/train_4311.jpg,젤라또 가게에서 판매하는 맛이 아닌 것은 무엇인가요?,망고 (Mango),제주 감귤 (Tangerine),더블 초코 (Chocolate),청사과 (Green apple),a
train_4312.jpg,train/train_4312.jpg,버스 뒷면에 적혀 있는 버스 번호는 무엇인가요?,115,118,115-1,1821,c
train_4313.jpg,train/train_4313.jpg,사진 속 분홍색 봉지에 적힌 맛은 무엇인가요?,오리지널 맛,복숭아 맛,아사이-보울 맛,딸기 맛,c
train_4316.jpg,train/train_4316.jpg,이 사진에 보이는 도로명 표지판에 적힌 도로명은 무엇인가요?,테헤란로 34길,테헤란로 40길,테헤란로 30길,테헤란로 50길,a
train_4317.jpg,train/train_4317.jpg,'밥티말빵'의 가격은 얼마인가요?,"3,500원","5,000원","6,000원","4,000원",b
train_4320.jpg,train/train_4320.jpg,계단에 적혀 있는 문구 중 '심장 박동이 살아있어요!'라는 문구가 적힌 계단의 칼로리 소모량은 얼마인가요?,16.6 kcal,15.8 kcal,16.2 kcal,16.4 kcal,c
train_4322.jpg,train/train_4322.jpg,이 도로 표지판에 적힌 글자는 무엇인가요?,자전거전용도로,양보,안전운전,횡단보도,d
train_4323.jpg,train/train_4323.jpg,이 화면에 나타난 회사 이름은 무엇인가요?,파인테크,오케이포스,엘지전자,삼성전자,b
train_4325.jpg,train/train_4325.jpg,이 지하철 출입문에 적힌 카드 게임의 이름은 무엇인가요?,매직 더 게더링,디지몬 카드 게임,유희왕 카드 게임,포켓몬 카드 게임,d
train_4326.jpg,train/train_4326.jpg,이 도로 표지판에서 제한 속도는 얼마인가요?,40km/h,50km/h,22km/h,30km/h,d
train_4327.jpg,train/train_4327.jpg,이 건물의 2층에 위치한 학원의 이름은 무엇인가요?,기린영수학원,기린음악학원,고기촌 음식집,고기의 달인,a
train_4328.jpg,train/train_4328.jpg,이 컵에 적힌 음료 주문 내역 중 포함된 재료가 아닌 것은 무엇인가요?,복숭아 우롱 밀크티,얼음 보통,레몬 슬라이스,당도 보통,c
train_4329.jpg,train/train_4329.jpg,이 건물 3층에 위치한 병원은 무엇인가요?,송정동 등지,본치과 클리닉,본치과 의원,본왕족발,c
train_4330.jpg,train/train_4330.jpg,이 건물 벽에 붙어 있는 큰 파란색 표지판에 적힌 문구는 무엇인가요?,주차 금지 구역,출입금지 구역,CCTV작동중,소화기 위치 안내,c
train_4331.jpg,train/train_4331.jpg,건물 외벽의 노란색 간판에 적힌 내용으로 알맞은 것은 무엇인가요?,별PC 바둑이·포커 포커 맞고 슬롯,별PC 홀덤 맞고 슬롯 바둑이·포커,별PC 바둑이·포커 홀덤 맞고 슬롯,별PC 슬롯 맞고 홀덤 바둑이·포커,c
train_4332.jpg,train/train_4332.jpg,사진에 보이는 '아동안전지킴이집' 안내문에 적힌 긴급전화 번호 중 학교폭력 신고 전화번호는 무엇인가요?,119,112,117,182,c
train_4333.jpg,train/train_4333.jpg,건물 1층에 위치한 '아이나비' 매장의 전화번호는 무엇인가요?,02) 123-4567,054) 457-6896,475-5533,031) 987-6543,b
train_4334.jpg,train/train_4334.jpg,이 거리에서 볼 수 있는 중국 요리 전문점 간판에 적힌 메뉴는 무엇인가요?,탕수육,짜장면,짬뽕,짬뽕24,d
train_4335.jpg,train/train_4335.jpg,이 음료수 중 '아침햇살' 음료에 적힌 맛 종류는 무엇인가요?,말차,초코,바닐라,딸기,a
train_4336.jpg,train/train_4336.jpg,사진 속 손목에 찬 팔찌에 적힌 그룹 명칭은 무엇인가요?,D GROUP,B GROUP,A GROUP,C GROUP,b
train_4338.jpg,train/train_4338.jpg,이미지 속 가격표에 적힌 봄베이 브램블 700ml의 가격은 얼마인가요?,"35,000원","30,000원","34,580원","40,000원",c
train_4340.jpg,train/train_4340.jpg,이 가게 간판에 적힌 전화번호는 무엇인가요?,360-6080,010-9876-5432,031-360-6080,02-1234-5678,a
train_4341.jpg,train/train_4341.jpg,사진 속 흰색 배너에 적힌 글귀는 무엇인가요?,오늘의 메뉴,시원한 커피,눈꽃빙수,신선한 과일,c
train_4342.jpg,train/train_4342.jpg,이 벽에 적힌 교회 이름은 무엇인가요?,강남중앙교회,서울순복음교회,역삼동성당,청담성당,c
train_4343.jpg,train/train_4343.jpg,사진 속 간판 중 '숯불닭구이 전문점'이라고 적힌 가게의 이름은 무엇인가요?,신세계,OK 도매횟집,다신 159,한우 3.6.9,a
train_4344.jpg,train/train_4344.jpg,이 울타리에 붙어 있는 노란색 표지판에 적힌 글자는 무엇인가요?,통제구역,안전구역,주의,출입금지,a
train_4345.jpg,train/train_4345.jpg,'복싱 GYM'이 위치한 층과 호수는 무엇인가요?,1층 105호,4층 303호,3층 101호,2층 202호,d
train_4346.jpg,train/train_4346.jpg,사진 속 간판에 적힌 '김영천수학학원'의 문의 전화 번호는 무엇인가요?,T.959-2550,T.123-4567,T.961-913,T.888-9999,a
train_4351.jpg,train/train_4351.jpg,이 안내판에 적힌 건물명은 무엇인가요?,테헤란빌딩,태광타워,강남빌딩,서울타워,b
train_4352.jpg,train/train_4352.jpg,이 간판에서 임대를 알리고 있는 상가의 용도가 아닌 것은 무엇인가요?,프랜차이즈 전문점,사무실,탕구장,식당/주점,c
train_4355.jpg,train/train_4355.jpg,사진 속 '마이타민' 제품에 포함된 성분이 아닌 것은 무엇인가요?,비타민D,나이아신,비타민B,칼슘,d
train_4356.jpg,train/train_4356.jpg,머그컵에 적힌 커피숍 이름은 무엇인가요?,E.C.C.,Jongro Coffee,Bukguno Coffee,High Heels,a
train_4357.jpg,train/train_4357.jpg,이 야구장에 부착된 광고판 중 '마트킹'이라는 상호가 적힌 광고판의 배경색은 무엇인가요?,파란색,빨간색,노란색,초록색,b
train_4359.jpg,train/train_4359.jpg,아래 그림 중 '슬픔'을 나타내는 캐릭터의 이름은 무엇인가요?,DISGUST,SADNESS,ANGER,JOY,b
train_4360.jpg,train/train_4360.jpg,이 사진 속 김밥집에서 판매하는 만두의 가격은 얼마인가요?,"7,000원","5,000원","3,000원","8,000원",b
train_4362.jpg,train/train_4362.jpg,이 엘리베이터 문에 붙어 있는 주의 사항 중 '기대면 추락 위험'이라는 문구가 적혀 있는 경고는 무엇을 주의하라는 의미인가요?,엘리베이터 문에 손을 대면 감전 위험이 있다,엘리베이터 문에 기대어도 안전하다,엘리베이터 문을 세게 밀면 문이 고장난다,엘리베이터 문에 기대면 문이 열리면서 추락할 위험이 있다,d
train_4363.jpg,train/train_4363.jpg,이 명찰에 적혀 있는 이름은 무엇인가요?,박현호,이현호,김영호,김현호,d
train_4364.jpg,train/train_4364.jpg,이 봉지에 들어있는 제품 중에서 '足すっきりシ?ト休足時間'은 어떤 용도의 제품인가요?,헤어 케어 제품,맛있는 간식,청소용 티슈,피로를 풀어주는 시트,d
train_4365.jpg,train/train_4365.jpg,이 건강기능식품 병에 적힌 주성분이 아닌 것은 무엇인가요?,마그네슘,칼슘,비타민D,비타민C,d
train_4366.jpg,train/train_4366.jpg,이 표지판에 적힌 문구는 무엇인가요?,보행자 전용,횡단보도,주차금지,속도 제한,b
train_4368.jpg,train/train_4368.jpg,사진에 보이는 '태흥 목욕탕' 간판 아래에 적힌 전화번호는 무엇인가요?,010 1234 5678,987 6543,123 4567,559 4300,d
train_4369.jpg,train/train_4369.jpg,빨간색 간판에 적힌 운동 종목이 아닌 것은 무엇인가요?,KICKBOXING,GRAPPLING,BOXING,에어로빅,d
train_4370.jpg,train/train_4370.jpg,이미지 속 허브티 상품 중 '페퍼민트' 허브티는 어떤 색상의 상자에 담겨 있나요?,갈색 상자,하늘색 상자,보라색 상자,연두색 상자,b
train_4371.jpg,train/train_4371.jpg,"이 음료수 캔에 적힌 문구 중, 실제로 들어있는 성분에 대해 설명한 내용은 무엇인가요?",비타민C가 풍부해요,설탕이 많이 들어있어요,레몬 향만 첨가되어 있어요,진짜 레몬 슬라이스가 들어있어요!!,d
train_4372.jpg,train/train_4372.jpg,사진 속 수건에 적혀 있는 회사 이름은 무엇인가요?,GitHub,Google,Microsoft,Apple,a
train_4373.jpg,train/train_4373.jpg,이 도시락 세트의 원래 가격은 얼마였나요?,"5,000원","6,500원","4,190원","5,990원",d
train_4374.jpg,train/train_4374.jpg,이 간판에 적힌 'うめる 스프카레'의 의미 중 옳은 것은 무엇인가요?,일본의 유명한 관광지 이름,특정한 야채를 사용한 카레,할인 이벤트를 알리는 문구,채움을 뜻하는 말로 가득 채우겠다는 의미,d
train_4376.jpg,train/train_4376.jpg,에스컬레이터 앞에 설치된 안내문에 적힌 문구는 무엇인가요?,정지 E-STOP,안전 제일! 위험!,조금 늦더라도... 제대로 고치겠습니다,정비완료 예정일: 년 월 일 (요일),c
train_4377.jpg,train/train_4377.jpg,이 간판에서 판매하는 음식은 무엇인가요?,소고기 국밥과 무침,해물탕과 밥,닭고기 백숙과 무침,돼지고기 국밥과 김치,a
train_4378.jpg,train/train_4378.jpg,오로렌티스G7 제품은 하루에 몇 정을 복용하나요?,1일 4정,1일 3정,1일 1정,1일 2정,c
train_4380.jpg,train/train_4380.jpg,이 사진에 적혀 있는 문구는 무엇인가요?,쓸데없는 자책 권장,쓸데없는 자책 허용,과한 생각 금지,과한 생각 허용,c
train_4381.jpg,train/train_4381.jpg,이 쓰레기통 중 재활용품을 버리는 곳은 어디입니까?,아래쪽 바닥,오른쪽 하얀색 쓰레기통,양쪽 모두,왼쪽 초록색 쓰레기통,d
train_4382.jpg,train/train_4382.jpg,컴퓨터 화면 오른쪽 아래에 표시된 날짜는 무엇인가요?,2023-10-01,2024-01-15,2025-12-31,2026-08-18,d
train_4383.jpg,train/train_4383.jpg,이 이미지에 보이는 글자는 무엇인가요?,SSAAY,SSAFY,SSAFI,SASFY,b
train_4384.jpg,train/train_4384.jpg,이 가게의 상호명은 무엇인가요?,보문회수산,쌀드마트,우리,서울약국센터,a
train_4386.jpg,train/train_4386.jpg,사진 속 대형 전광판에 크게 적혀 있는 단어는 무엇인가요?,매진,롯데월드타워,클라우드,유키스,a
train_4389.jpg,train/train_4389.jpg,이 건물의 이름은 무엇인가요?,김대중문화센터,광주무역센터,김대중컨벤션센터,광주화랑,c
train_4390.jpg,train/train_4390.jpg,"사진 속 문에 붙어 있는 문구에 따르면, 출입하기 위해서 무엇을 해야 하나요?",문을 세게 밀어 열어주세요,경비시스템 작동중 해제 후 출입하세요,비밀번호를 입력하세요,출입구를 통해 뛰어 들어가세요,b
train_4391.jpg,train/train_4391.jpg,다음 중 'ORGANIST 히말라야 핑크솔트 바디워시'에 적혀 있지 않은 내용은 무엇인가요?,자극과 걱정없이 피지 & 노폐물 세정,FOR YOUR SKIN,MINT SCENT,러블리 & 로맨틱 퍼퓸 컨디셔너,d
train_4392.jpg,train/train_4392.jpg,벽면에 적힌 스누피 명언 중 영어 문장에 포함되지 않은 내용은 무엇인가요?,'SNOOPY','탁 트인 곳으로 나오면 너의 삶을 다른 시각에서 볼 수 있어.','Life is like a box of chocolates','GETTING OUT INTO THE OPEN LIKE THIS MAKES YOU LOOK AT LIFE DIFFERENTLY',c
train_4393.jpg,train/train_4393.jpg,이 게시판에 적힌 '담당자 연락처' 중 '선물세트상담팀장'의 전화번호는 무엇인가요?,010-5134-6139,010-4493-6139,010-1234-5678,010-9876-5432,b
train_4394.jpg,train/train_4394.jpg,이 거리에서 볼 수 있는 간판 중 '달밤포차'라는 상호는 무엇을 의미하나요?,서점,카페,술집이나 포장마차,영화관,c
train_4395.jpg,train/train_4395.jpg,"냉장고 문에 붙어 있는 안내문에 따르면, 사용 후 반드시 해야 하는 것은 무엇인가요?",시건장치함 사용,음식물 확인,온도 조절,청소하기,a
train_4396.jpg,train/train_4396.jpg,이 건물 외벽에 적힌 지역 이름은 무엇인가요?,송파구,서초구,강남구,마포구,c
train_4397.jpg,train/train_4397.jpg,건물 2층에 위치한 '봄 아로마' 가게의 영업 시간은 어떻게 표시되어 있나요?,오전 9시부터 오후 9시까지,24시,주말 휴무,평일만 영업,b
train_4398.jpg,train/train_4398.jpg,이 경기의 선발 투수 중 '곽빈' 선수의 등번호는 무엇인가요?,10,21,33,47,d
train_4399.jpg,train/train_4399.jpg,사진 속 하나은행 광고판에 적힌 세 가지 준비 사항 중 '목돈마련'과 함께 적힌 다른 준비 사항은 무엇인가요?,부동산 투자,대출 상담,세액공제,연금저축,c
train_4400.jpg,train/train_4400.jpg,"이 휴지통에 붙어 있는 안내문 중, 휴지통에 넣으라고 적힌 것은 무엇인가요?",쓰레기만 넣어주세요,휴지만 넣어주세요,음식물만 넣어주세요,플라스틱만 넣어주세요,b
train_4401.jpg,train/train_4401.jpg,이 건물 2층에 위치한 한의원의 전화번호는 무엇인가요?,1644-7328,575-2184,576-1075,02-572-0300,c
train_4402.jpg,train/train_4402.jpg,이 주유소의 이름은 무엇인가요?,내트럭플러스,SK에너지 주유소,서울주유소,목포농협주유소,d
train_4403.jpg,train/train_4403.jpg,이 부동산 중개사무소의 전화번호는 무엇인가요?,987-6543,721-7558,123-4567,555-1234,b
train_4404.jpg,train/train_4404.jpg,캔에 그려진 햄스터가 착용하고 있는 것은 무엇인가요?,헤드폰,귀마개,안경,모자,a
train_4405.jpg,train/train_4405.jpg,피난계획도에 따르면 화재 발생 시 무엇을 먼저 해야 하나요?,즉시 대피하세요.,물건을 챙기세요.,엘리베이터를 타세요.,경보 버튼을 누르세요.,d
train_4406.jpg,train/train_4406.jpg,이미지에서 설명하는 활성화 함수(activation function) 중 ReLU 함수의 수식은 무엇인가요?,a(x) = Linear(z) = z,a(x) = Sigmoid(z) = 1 / (1 + e^(-z)),"a(x) = ReLU(z) = { 0, z < 0 / z, z ≥ 0 }",a(x) = Tanh(z) = (e^z - e^(-z)) / (e^z + e^(-z)),c
train_4407.jpg,train/train_4407.jpg,이미지 속 문구 중 '함부로 가볍게 움직이지 말고 태산같이 조용하고 신중하라'는 말은 누구의 명언인가요?,이순신,김구,장영실,세종대왕,a
train_4408.jpg,train/train_4408.jpg,사진 속 가게에서 판매하거나 서비스하는 브랜드는 무엇인가요?,Nike,Samsung,Fissler,LG,c
train_4410.jpg,train/train_4410.jpg,'베스트 힐링 약국'에서 제공하지 않는 서비스는 무엇인가요?,일반 의약품,피부 미용 시술,건강기능식품,처방전 조제,b
train_4411.jpg,train/train_4411.jpg,이 건물에 입주해 있는 병원 중 피부과 진료를 하는 곳은 어디인가요?,근로복지공단 구미의원,법무법인 로하스,블리비의원,스핀볼링,c
train_4412.jpg,train/train_4412.jpg,이 사진에서 '피난계획도'는 몇 층을 안내하고 있나요?,20층,19층,21층,17층,b
train_4413.jpg,train/train_4413.jpg,이 표지판에 적힌 문구 중 올바른 내용은 무엇인가요?,소방용수 사용 금지,지상식 차량 출입 금지,5m 이내 주·정차 금지,주차 가능 구역입니다,c
train_4414.jpg,train/train_4414.jpg,이 간판에 적힌 전화번호 중 예약 문의 전화번호는 무엇인가요?,567-6163,555-8494,555-8493,567-6162,b
train_4415.jpg,train/train_4415.jpg,사진 속 건물 2층에 위치한 '차이나' 식당에서 판매하는 음식은 무엇인가요?,치킨,피자,양꼬치,햄버거,c
train_4417.jpg,train/train_4417.jpg,사진 속 제품 중에서 고양이와 관련된 내용이 적힌 제품은 무엇인가요?,BLACKMORES LUTEIN DEFENCE,COMVITA MANUKA HONEY UMF 10+,T2 Paws for Tea Cat Lover's Edition,Swisse MEN'S MULTIVITAMIN,c
train_4418.jpg,train/train_4418.jpg,이 음식점에서 전문으로 하는 음식은 무엇인가요?,피자,곱창 구이,삼겹살,대게 요리,d
train_4420.jpg,train/train_4420.jpg,이 건물 1층에 있는 가게 이름이 아닌 것은 무엇인가요?,필라테스,달콤한 하루,세탁소 크린토피아,THE LITER,a
train_4422.jpg,train/train_4422.jpg,이 지하철 칸 안에 붙어 있는 안내문 중 '이렇게 타요!'에 해당하지 않는 내용은 무엇인가요?,음식을 섭취를 자제해주세요,큰 소리로 통화는 삼가주세요,자리를 양보하지 않아도 됩니다,내리실 분 먼저 승차해주세요,c
train_4423.jpg,train/train_4423.jpg,이 건물에서 2층에 위치한 공간은 무엇인가요?,Next Academy Project Zone,SSAFY Classroom 4,Next Academy Classroom 1-3,Next Academy Study Zone,c
train_4425.jpg,train/train_4425.jpg,이 사진 속 파란색 표지판에 적힌 강 이름은 무엇인가요?,무심천,한강,낙동강,영산강,a
train_4426.jpg,train/train_4426.jpg,이 커피 원두 블렌드에 포함된 나라가 아닌 것은?,브라질,콜롬비아,에티오피아,탄자니아,c
train_4427.jpg,train/train_4427.jpg,오른쪽 컵에 붙어 있는 스티커에 적힌 오늘의 운세 행운지수는 얼마인가요?,75,88,99,100,c
train_4428.jpg,train/train_4428.jpg,이 표지판에 적힌 지하철역 번호는 무엇인가요?,718,178,817,187,d
train_4430.jpg,train/train_4430.jpg,이 가게의 이름은 무엇인가요?,카페 모카,동경 다방,커피 하우스,서울 커피숍,b
train_4431.jpg,train/train_4431.jpg,사진 속 대형 슬롯머신 간판에 적힌 글자는 무엇인가요?,Walgreens,Fremont Street,SLOTZILLA,POLICE,c
train_4433.jpg,train/train_4433.jpg,이 이미지에 적힌 'HELLO KITTY' 아래 문구는 무엇인가요?,WELCOME TO HELLO KITTY,HELLO WORLD,HELLO KITTY FRIENDS,IT'S A WONDERFUL WORLD,d
train_4434.jpg,train/train_4434.jpg,더에스주차장의 평일 주차장 운영시간은 언제부터 언제까지인가요?,06:30 ~ 20:30,07:00 ~ 21:40,08:00 ~ 22:00,09:00 ~ 21:40,b
train_4435.jpg,train/train_4435.jpg,사진 속 카페 이름은 무엇인가요?,카페모나,카페하루,카페솔라,카페온나,d
train_4436.jpg,train/train_4436.jpg,이 사진 속 간판에서 볼 수 있는 음식점 이름은 무엇인가요?,뼈해장국,돈뼈 해장국,돈뼈다구,해장국,c
train_4438.jpg,train/train_4438.jpg,이 음료의 제품명은 무엇인가요?,광동 밀싹 차,광동 밀싹 보리차,광동 보리차,밀싹 보리차,b
train_4439.jpg,train/train_4439.jpg,이 건물의 이름은 무엇인가요?,신웅타워 빌딩,신웅타워,신용타워 빌딩,신용타워,b
train_4440.jpg,train/train_4440.jpg,이 안내판에 따르면 6층에는 어떤 시설이 있나요?,프론트,대욕탕,레스토랑,나이트클럽 88,c
train_4441.jpg,train/train_4441.jpg,이 세탁소의 이름은 무엇인가요?,コインランドリ?,WASH ハウス,クリ?ニング屋,ホ?ムランドリ?,b
train_4443.jpg,train/train_4443.jpg,이 건물 주차장 입구에 적힌 최대 높이 제한은 얼마인가요?,3.5M,2.0M,2.3M,1.8M,c
train_4445.jpg,train/train_4445.jpg,사진 속 가격표에 적힌 'ORIHRO 과일 곤약 젤리'의 가격은 얼마인가요?,"13,490원","15,490원","14,900원","16,490원",b
train_4447.jpg,train/train_4447.jpg,이미지 속 문구에서 'SSAFY'가 의미하는 것은 무엇인가요?,성공을 향한 끝없는 도전,미래를 여는 열쇠,꿈을 현실로 만드는 시작,함께하는 성장과 발전,c
train_4448.jpg,train/train_4448.jpg,"이 기계에 붙어 있는 경고문에 따르면, 이 제어기 함을 함부로 열거나 기계를 만지면 어떤 법에 따라 처벌받나요?",소방기본법에 의거 처벌받는다,형법 제123조에 의거 처벌받는다,산업안전보건법에 의거 처벌받는다,도로 교통법 제68조에 의거 처벌받는다,d
train_4449.jpg,train/train_4449.jpg,이 카페 메뉴판에 적힌 '케키트'의 카페 가격은 얼마인가요?,4.5,6.0,4.0,6.5,b
train_4452.jpg,train/train_4452.jpg,"해당 표지판에 따르면, 주차장까지의 거리는 얼마인가요?",0.2km,2.0km,0.8km,1.3km,a
train_4453.jpg,train/train_4453.jpg,이 건물 1층에 위치한 카페 이름은 무엇인가요?,MBC 아파트,MONA CAFE,MBC 아카데미,MONA K-Clinic,b
train_4454.jpg,train/train_4454.jpg,이 건강기능식품 제품에서 '원스데일리' 라벨 아래에 적혀 있는 영문 문구는 무엇인가요?,DAILY HEALTH,MULTI VITAMINS,VITAMIN COMPLEX,OMNI POTENCY,d
train_4455.jpg,train/train_4455.jpg,이 건물의 주소는 무엇인가요?,테헤란로 222,테헤란로 333,테헤란로 111,테헤란로 122,a
train_4456.jpg,train/train_4456.jpg,사진 속 제품 중 나이아신아마이드 성분이 포함된 제품은 무엇인가요?,나이아신아마이드 10% 세럼,어성초 77% 진정 토너,순한 폼클렌징,수분 진정 크림,a
train_4457.jpg,train/train_4457.jpg,이 건물에 입점해 있는 커피 전문점의 이름은 무엇인가요?,ASIA No.1,롯데렌터카,헌혈의집,STARBUCKS COFFEE,d
train_4458.jpg,train/train_4458.jpg,이 이미지에 보이는 'THE DALMORE' 위스키 상자에 적힌 숙성 기간은 얼마인가요?,18 YEARS,12 YEARS,15 YEARS,10 YEARS,c
train_4459.jpg,train/train_4459.jpg,사진 속 과자 중에서 '찹쌀선과'는 어떤 브랜드의 제품인가요?,해태,롯데,오리온,크라운,d
train_4460.jpg,train/train_4460.jpg,이 키보드에서 한/영 전환 키는 어떤 키인가요?,Caps Lock 키,한/영 키,Shift 키,Ctrl 키,b
train_4462.jpg,train/train_4462.jpg,위 사진에 보이는 'HTML5 + CSS3 + Javascript 웹 프로그래밍' 책의 저자는 누구인가요?,이민호,김철수,한경태,홍길동,c
train_4464.jpg,train/train_4464.jpg,이 건물에 있는 간판 중에서 맞춤 양복을 전문으로 하는 곳은 어디인가요?,WIND STRING,양복 BESPOKE TAILOR,숨꽃피움 사이코드라마연구소,주짓수 MAD TEAMMAD,b
train_4465.jpg,train/train_4465.jpg,이 점수판에서 25C의 최종 점수는 얼마인가요?,100,90,106,200,d
train_4466.jpg,train/train_4466.jpg,사진 속 건물의 붉은색 간판에 적힌 문구는 무엇인가요?,百十四銀行,Daiso,다이소,you me,d
train_4467.jpg,train/train_4467.jpg,붕어빵과 슈크림의 가격은 각각 얼마인가요?,"붕어빵 4개 1,000원, 슈크림 4개 1,000원","붕어빵 4개 1,000원, 슈크림 3개 1,000원","붕어빵 3개 1,000원, 슈크림 4개 1,000원","붕어빵 4개 2,000원, 슈크림 4개 1,000원",a
train_4469.jpg,train/train_4469.jpg,이 건물 입구 옆에 세워진 간판에 적힌 글자는 무엇인가요?,정보통신센터,교육지원센터,지식산업센터,기술연구센터,c
train_4470.jpg,train/train_4470.jpg,포스트잇에 적힌 문구는 무엇인가요?,오늘도 좋은 하루 되세요!,내일은 더 좋은 날이 올 거예요!,힘내세요! 당신은 할 수 있어요!,벌써 화요일! 조금만 더 파이팅합시다!!,d
train_4471.jpg,train/train_4471.jpg,이미지 속 버스 요금 계좌이체 안내에 적힌 은행명은 무엇인가요?,우리은행,신한은행,농협은행,국민은행,c
train_4472.jpg,train/train_4472.jpg,사진 속 삼각김밥의 속재료는 무엇인가요?,불고기,매콤 닭갈비,튀긴 닭고기,참치마요,c
train_4473.jpg,train/train_4473.jpg,이미지에 나온 음식 중 '얼큰한'이라는 문구가 적힌 음식은 무엇인가요?,콩국수,갈비탕,냉모밀,육개장,d
train_4474.jpg,train/train_4474.jpg,2026년 4월 7일부터 전면 통제되는 구간은 어디인가요?,한강공원 일대,광화문 광장,잠실주경기장 인근,봉은교와 탄천동로,d
train_4475.jpg,train/train_4475.jpg,위 이미지에서 세탁기의 건조 모드 중 '標準'은 무엇을 의미하나요?,표준,울코스,고온,저온,a
train_4477.jpg,train/train_4477.jpg,이 광고에서 반려동물 종합영양식품의 이름은 무엇인가요?,냥냥영양제,울애기쌩쌩,펫헬스케어,강아지밥,b
train_4478.jpg,train/train_4478.jpg,이미지에 보이는 벽돌에 적힌 회사명 중 하나가 아닌 것은 무엇인가요?,LG전자,Samsung,Micron,SK hynix,a
train_4480.jpg,train/train_4480.jpg,사진 속에 보이는 과자의 이름은 무엇인가요?,초코칩 쿠키,누텔라 스틱,초코칩 블랙 화이트 쿠키,오리지널 바닐라 쿠키,c
train_4481.jpg,train/train_4481.jpg,사진 속 간판 '후한의원'에서 제공하는 진료 항목이 아닌 것은 무엇인가요?,교통 사고,다이어트,여드름 흉터,치과 치료,d
train_4482.jpg,train/train_4482.jpg,사진 속 간판에 적힌 음식점 '금성'에서 전문으로 하는 음식이 아닌 것은 무엇인가요?,비빔밥,청국장,손두부,토종닭,a
train_4483.jpg,train/train_4483.jpg,이 가게의 간판에 적힌 상호명은 무엇인가요?,BAN CAC MON AN BINH DAN,TIEM COM V?N L?C,HIEUTU COFFEE,TIEM BAN HIEUTU,b
train_4484.jpg,train/train_4484.jpg,사진 속 건물에 있는 '삼성외과'에서 야간 진료가 가능한 시간은 언제인가요?,오후 6시까지,오후 7시까지,오후 8시까지,오후 9시까지,c
train_4485.jpg,train/train_4485.jpg,이 사진 속 표지판에 적힌 목적지는 어디인가요?,평택 고용복지 센터,인천 공항,서울 시청,부산역,a
train_4487.jpg,train/train_4487.jpg,왼쪽 위 칸에 있는 피규어 박스에 적힌 글자는 무엇인가요?,ポケモンカ?ド 151,Re:ゼロから始める異世界生活,GLITTER&GLAMOURS SPECIAL ver.,KING OF ARTIST THE LUFFY,c
train_4488.jpg,train/train_4488.jpg,이 건물에 입주해 있는 학원 이름은 무엇인가요?,하이큐 국영수,아이샘 소아청소년과의원,눈높이 러닝센터,PRIME ENGLISH,a
train_4490.jpg,train/train_4490.jpg,이미지 속에서 'SALE' 표시가 붙은 제품의 가격은 얼마인가요?,338엔,298엔,238엔,328엔,b
train_4491.jpg,train/train_4491.jpg,이 가게에서 판매하는 음료에 대해 설명한 문구로 옳지 않은 것은 무엇인가요?,리얼 수박주스는 신선합니다.,100% 리얼 수박주스입니다.,리얼 수박주스는 달콤하고 시원합니다.,리얼 수박주스는 인공 첨가물이 들어있습니다.,d
train_4492.jpg,train/train_4492.jpg,이미지 속 향수 샘플 상자에 적힌 향수 이름은 무엇인가요?,SCENTICA,DEWY GARDEN,PILLOW MIST,PERFUME SOLEIL NUD,a
train_4493.jpg,train/train_4493.jpg,다음 중 '닭 동 가 리' 가게에서 판매하는 음식이 아닌 것은 무엇인가요?,오돌갈비,닭발,와비사비,통닭,c
train_4494.jpg,train/train_4494.jpg,메뉴판에 적힌 해물파전의 가격은 얼마인가요?,"18,000원","23,000원","10,000원","17,000원",b
train_4495.jpg,train/train_4495.jpg,이 사진에 있는 노란색 안내판에 적힌 내용은 무엇인가요?,조양방직 가시는 길 ←,조양방직 가시는 길 ↑,조양방직 가시는 길 ↓,조양방직 가시는 길 →,d
train_4496.jpg,train/train_4496.jpg,이 주차장 안내판에 표시된 B2~B6 구역의 주차 상태는 무엇인가요?,B2~B6 모두 빈 곳이 있습니다.,B2~B6 모두 만차(FULL)입니다.,주차장 상태가 표시되어 있지 않습니다.,"B2~B6 중 일부는 만차, 일부는 빈 곳이 있습니다.",b
train_4497.jpg,train/train_4497.jpg,사진에 보이는 선반 제품 OMAR의 가격은 얼마인가요?,"\17,000","\60,000","\25,000","\34,000",d
train_4498.jpg,train/train_4498.jpg,이 장소에서 제공하는 Wi-Fi 비밀번호는 무엇인가요?,CongAL_KT_5G,Wi-Fi 비밀번호: 12345678,c0428236699,KT_WiFi_5G,c
train_4499.jpg,train/train_4499.jpg,명동칼국수 메뉴판에 적힌 보쌈정식의 가격은 얼마인가요?,"12,000","13,000","9,000","10,000",a
train_4500.jpg,train/train_4500.jpg,서면역 9번 출구에 적힌 주소는 무엇인가요?,동래구 명륜로 23,부산진구 서면문화로 4,부산진구 서면대로 9,해운대구 센텀로 50,b
train_4501.jpg,train/train_4501.jpg,화장실 비밀번호 중 여성용 비밀번호는 무엇인가요?,5202,2025,5678,1234,a
train_4502.jpg,train/train_4502.jpg,이 건물 3층에 위치한 가게는 무엇인가요?,한의원,퍼스널 트레이닝 클럽,성인용품점,노래방,d
train_4503.jpg,train/train_4503.jpg,이 사진에 보이는 식당의 이름은 무엇인가요?,풍천장어 맛집,홍가네 장어,우이정 풍천장어,우이정 장어집,c
train_4504.jpg,train/train_4504.jpg,다음 중 산림 내에서 금지된 행위는 무엇인가요?,낙하물 주의,서행 운전,흡연 금지,애완동물 출입 금지,c
train_4505.jpg,train/train_4505.jpg,이 사진에 보이는 간판에 적힌 글자는 무엇인가요?,그릴라 캠핑,그릴라 캠핑카,그릴라 캠핑용품,그릴라 캠핑장,a
train_4506.jpg,train/train_4506.jpg,메뉴판에 적힌 짜장면의 가격은 얼마인가요?,"10,000원","8,000원","7,000원","6,000원",d
train_4508.jpg,train/train_4508.jpg,자전거에 붙어 있는 안내문에 적힌 민원신고 전화번호는 무엇인가요?,1833-5748,1544-5678,1600-1234,1899-0000,a
train_4510.jpg,train/train_4510.jpg,화장실에 가려면 어떻게 가야 하나요?,직진해서 공차 옆을 지나간다,건물 뒤 주차장으로 가서 계단 끝까지 간다,건물 오른쪽으로 돌아간다,건물 앞쪽 문으로 바로 들어간다,b
train_4511.jpg,train/train_4511.jpg,이 표지판에 적혀 있는 문구는 무엇인가요?,차량 진입 금지,횡단보도,보행자 전용,자전거 도로,b
train_4512.jpg,train/train_4512.jpg,"이 버스 시간표에 따르면, 성읍 문화마을에서 출발하는 첫 번째 버스는 몇 시에 출발합니까?",7:20,13:40,9:00,10:50,a
train_4513.jpg,train/train_4513.jpg,'더난 종합설비' 간판에 나와 있지 않은 항목은 무엇인가요?,냉동 냉기,수중 펌프,전기 공사,고철,d
train_4514.jpg,train/train_4514.jpg,이 사진에 보이는 간판 중 2층에 위치한 가게의 이름은 무엇인가요?,연탄 불고기,역삼 생등심,미담재,TG,b
train_4515.jpg,train/train_4515.jpg,무인 택배함 이용 안내에 따르면 보관 기간은 얼마나 됩니까?,10일입니다,1일입니다,7일입니다,3일입니다,d
train_4516.jpg,train/train_4516.jpg,이 엘리베이터 패널에 붙어 있는 손글씨 메모에 적힌 내용은 무엇인가요?,따뜻한 차 당구장,시원한 리커 당구장,맛있는 간식 당구장,신나는 음악 당구장,b
train_4517.jpg,train/train_4517.jpg,이 사진에 보이는 식당의 이름은 무엇인가요?,청담기사식당,한강식당,목화기사식당,서울식당,c
train_4519.jpg,train/train_4519.jpg,왼쪽 가게 간판에 적힌 음식은 무엇인가요?,McDonald's,Burger King,"Philly, Philly. CHEESE STEAK",Pizza Hut,c
train_4520.jpg,train/train_4520.jpg,이 초콜릿 제품의 이름은 무엇인가요?,초코크런치,가평란,킨더부에노,밀크초콜릿,c
train_4521.jpg,train/train_4521.jpg,2026년 4월 7일부터 잠실주경기장 인근의 봉은교와 탄천동로 구간에 대해 어떤 조치가 시행되나요?,부분 통제,통행 제한 없음,주차 허용,전면 통제,d
train_4522.jpg,train/train_4522.jpg,이미지에 보이는 조명 글자 중 'ACE' 앞에 어떤 글자가 부분적으로 보이나요?,PL,PE,SP,PA,c
train_4523.jpg,train/train_4523.jpg,사진 속 전철 승강장에 붙어 있는 경고문에는 어떤 내용이 적혀 있나요?,전기 위험,출입 금지,안전 수칙 준수,화재 위험,a
train_4524.jpg,train/train_4524.jpg,이 제품의 에너지 소비 효율 등급은 무엇인가요?,2등급,1등급,4등급,3등급,c
train_4526.jpg,train/train_4526.jpg,사진 속 라면 진열대에서 '짜파게티' 라면의 올리브유 버전 가격은 얼마인가요?,"6,900원","5,900원","5,250원","5,000원",b
train_4527.jpg,train/train_4527.jpg,락 노래연습장은 몇 층에 있나요?,4층,6층,5층,3층,c
train_4528.jpg,train/train_4528.jpg,사진 속 가게의 전화번호는 무엇인가요?,547-6035,543-7142,547-7142,543-6035,b
train_4529.jpg,train/train_4529.jpg,이 건물에 있는 학원의 주요 과목으로 올바른 것은 무엇인가요?,음악과 미술,체육과 영어,과학과 역사,수학과 영어,d
train_4530.jpg,train/train_4530.jpg,위 이미지에 나오는 시스템에서 가정한 K 값은 얼마인가요?,K=3,K=0,K=2,K=1,d
train_4531.jpg,train/train_4531.jpg,이 장소에 입점해 있지 않은 상호명은 무엇인가요?,CGV IMAX,다이소,스타벅스,TRADERS WHOLESALE CLUB,c
train_4532.jpg,train/train_4532.jpg,이 식당에서 짜장면의 가격은 얼마인가요?,"3,000원","5,000원","7,000원","10,000원",b
train_4534.jpg,train/train_4534.jpg,이 건물에 위치한 '웰라인 휘트니스'는 어떤 종류의 전문 클럽인가요?,퍼스널 트레이너 전문 클럽,피아노 전문 클럽,독서 전문 클럽,요가 전문 클럽,a
train_4535.jpg,train/train_4535.jpg,이미지에 보이는 'SALON DE MIGNON' 간판 밑에 적힌 작은 글자는 무엇인가요?,살롱 드 미뇽,미건점,펫헬스케어아카데미협회,살롱 드 미뇽 미건점,a
train_4537.jpg,train/train_4537.jpg,초코파이 옆에 있는 과자는 무엇인가요?,골든 링 쿠키,오레오,초코파이 클래식,허니버터칩,a
train_4538.jpg,train/train_4538.jpg,SysCore Lab.에서 모집하는 겨울방학 인턴 모집 인원은 몇 명인가요?,2명,4명,1명,3명,a
train_4539.jpg,train/train_4539.jpg,이 건물에 있는 한식당의 이름은 무엇인가요?,이라이라 숯불갈비,숯불구이 전문점,스모키 바베큐,갈비천왕,a
train_4540.jpg,train/train_4540.jpg,이미지에 나온 '캐치! 티니핑' 제품 가격은 얼마인가요?,"\5,000","\3,000","\7,000","\10,000",a
train_4541.jpg,train/train_4541.jpg,이 사진에서 가장 큰 글씨로 적힌 깃발의 내용은 무엇인가요?,MOSK SURFING CLUB,PENTAPORT ROCK FESTIVAL,퇴사,CHERRY FILTER,c
train_4542.jpg,train/train_4542.jpg,이 빌딩의 이름은 무엇인가요?,KT텔레캅빌딩,서울빌딩,경희빌딩,테헤란빌딩,c
train_4543.jpg,train/train_4543.jpg,사진 속 나무판에 적힌 글귀는 무엇인가요?,친구들 자리...,여친들 자리...,가족들 자리...,남친들 자리...,d
train_4544.jpg,train/train_4544.jpg,이 식당의 영업시간 중 브레이크 타임은 언제인가요?,오전 11시부터 오후 3시까지,오전 9시 30분부터 오후 11시까지,오후 4시 30분부터 오후 9시 30분까지,오후 3시부터 오후 4시 30분까지,d
train_4545.jpg,train/train_4545.jpg,이 건물의 간판에 적힌 상호명은 무엇인가요?,남경옛날비양찌개,삼일로비양찌개,남경옛날순두부,삼일로옛날비양찌개,a
train_4546.jpg,train/train_4546.jpg,케이라인 스포츠 마사지에서 제공하지 않는 서비스는 무엇인가요?,두통,오십견,요통,근막이완,c
train_4547.jpg,train/train_4547.jpg,이 사진 속 빨간색 원형 표지판에 적힌 문구는 무엇인가요?,횡단보도,주정차금지,주차가능,속도제한,b
train_4549.jpg,train/train_4549.jpg,이 책 제목은 무엇인가요?,엘코시마노 장편소설,애들 아빠만 아니면 넌 내 손에 죽었어,어쩌다 킬러,이번 한 번은 살려드립니다,d
train_4550.jpg,train/train_4550.jpg,이 비석에 새겨진 진도-해남 농촌용수 연결사업 기념비를 세운 날짜는 언제인가요?,2020년 3월 20일,2019년 5월 15일,2022년 4월 1일,2021년 7월 12일,c
train_4551.jpg,train/train_4551.jpg,갓샐러드 인동점에서 주차는 몇 시간까지 무료인가요?,3시간,2시간,1시간,4시간,b
train_4552.jpg,train/train_4552.jpg,사진 속 책꽂이에 보이는 책 제목 중 컴퓨터와 관련된 책은 무엇인가요?,동양 철학 개론,QUANTUM COMPUTING,현대 한국 문학선,기하학의 역사,b
train_4553.jpg,train/train_4553.jpg,이 키보드 제품 박스에 적힌 모델명은 무엇인가요?,FC750RET,FC750RT,FC850RET,FC750RBT,d
train_4554.jpg,train/train_4554.jpg,이 사진 속 표지판에 적힌 내용으로 옳은 것은 무엇인가요?,자동차 출입금지,자전거 출입금지,"오토바이, 킥보드 출입금지",보행자 출입금지,c
train_4555.jpg,train/train_4555.jpg,이 이미지에 보이는 쿠키 제품의 이름은 무엇인가요?,Chocolate Chip Cookies,Chip Cookies,Chocochip Cookies,Choco Cookies,c
train_4556.jpg,train/train_4556.jpg,이 장소의 이름은 무엇인가요?,Sunshine Plaza,Central Park,cabot circus,City Mall,c
train_4557.jpg,train/train_4557.jpg,2026 하계 창업역량강화 프로그램 'AI 기반 창업 창의력 Jump-Up' 프로그램의 교육 기간은 언제부터 언제까지인가요?,2026. 7. 1.(목) ~ 7. 25.(일),2026. 6. 1.(화) ~ 6. 30.(수),2026. 7. 27.(월) ~ 8. 20.(목),2026. 8. 1.(월) ~ 8. 31.(수),c
train_4558.jpg,train/train_4558.jpg,이 사진에 보이는 간판에 적힌 글자는 무엇인가요?,HOLLYS,COFFEE BEAN,TOUS LES JOURS,STARBUCKS,a
train_4559.jpg,train/train_4559.jpg,사진 속 농구 게임 화면에서 21등의 점수는 얼마인가요?,30점,173점,190점,1696점,c
train_4560.jpg,train/train_4560.jpg,사진 속 가게의 상호명은 무엇인가요?,원조 청일 식당,청일 원조집,원조 청일집,청일집 원조,c
train_4561.jpg,train/train_4561.jpg,식당 출입 시 손 소독에 대해 안내문에 적힌 내용은 무엇인가요?,손 소독제는 입에 닿지 않도록 주의해주세요,손 소독은 1시간마다 해주세요,손 소독은 식사 후에 해주세요,손 소독제는 눈에 닿지 않도록 주의하여 사용해주세요,d
train_4562.jpg,train/train_4562.jpg,사진 속 비상인터폰에 적힌 글귀는 무엇인가요?,안전벨,비상인터폰,도움요청,긴급전화,b
train_4563.jpg,train/train_4563.jpg,이 광고에서 '압구정 탑라인'이 보유하고 있다고 한 지방흡입 케이스는 몇 건 이상인가요?,4만 건 이상,5만 건 이상,2만 건 이상,3만 건 이상,a
train_4564.jpg,train/train_4564.jpg,사진 속 상점 간판에 적힌 편의점 이름은 무엇인가요?,GS25,7-Eleven,emart24,CU,c
train_4566.jpg,train/train_4566.jpg,이 표지판은 어디로 안내하고 있나요?,출구,매장 입구,주차장,화장실,c
train_4567.jpg,train/train_4567.jpg,사진에 보이는 책 제목 중 '한국의 ___'에 들어갈 단어는 무엇인가요?,꽃,산,동물,나비,d
train_4568.jpg,train/train_4568.jpg,지하주차장 내에서 '705동'이 위치한 방향은 어디인가요?,오른쪽,뒤쪽,왼쪽,앞쪽,c
train_4569.jpg,train/train_4569.jpg,이 사진에서 'LOTTE Mart'와 'LOTTE OUTLETS'가 함께 안내한 품목이 아닌 것은 무엇인가요?,전자제품,의류잡화,홈퍼니싱,스포츠,a
train_4570.jpg,train/train_4570.jpg,이 사진 속 통에 붙어 있는 안내문에는 무엇을 어디에 두라고 적혀 있나요?,신발은 여기에 벗어주세요,우산은 여기에 꽂아주세요,쓰레기는 여기에 버려주세요,물건은 여기에 놓아주세요,b
train_4571.jpg,train/train_4571.jpg,이 간판들 중에서 '맛있어요!'라는 문구가 적혀 있는 음식은 무엇인가요?,불고기,박세희,김치찌개,음식과 술,c
train_4573.jpg,train/train_4573.jpg,"사진 속 기둥에 붙어 있는 노란색 안내문에 따르면, 어떤 행위가 금지되어 있나요?",자전거 주차 금지,외부인 출입 금지,가게 앞 주차 금지,음식물 쓰레기 투기 금지,c
train_4574.jpg,train/train_4574.jpg,사진 속 푸른색 도로 표지판에 적힌 도로 이름은 무엇인가요?,성진여객,전주한옥마을,완산경찰서,전라감영로,d
train_4575.jpg,train/train_4575.jpg,이 자판기에서 1000원으로 살 수 없는 음료는 무엇인가요?,옥수수 수염차,밀키스 제로,레쓰비 카페티오 라떼,한석봉 HORROR,a
train_4577.jpg,train/train_4577.jpg,이 건물 입구에 적힌 호텔 이름은 무엇인가요?,HARBORPARK,MOUNTAININN,OCEANVIEW,CITYHOTEL,a
train_4579.jpg,train/train_4579.jpg,이 장소는 어떤 영화 시리즈의 스튜디오 투어를 홍보하고 있나요?,어벤져스,스타워즈,해리포터,반지의 제왕,c
train_4580.jpg,train/train_4580.jpg,사진 속 책 중 '에듀윌 취업 기출 금융경제 상식' 책의 표지에 적힌 문구는 무엇인가요?,최신 5개년 핵심 기출 키워드 기출문제 수록,2주 만에 완성하기,15일 완성 PLAN,출제유형모의고사,a
train_4583.jpg,train/train_4583.jpg,책 표지에 나온 작품의 제목은 무엇인가요?,봄,여름,겨울,가을,b
train_4584.jpg,train/train_4584.jpg,사진에 보이는 '기봉이 김밥' 가게의 전화번호는 무엇인가요?,1899-8758,826-2241,010-8480-6356,1577-8080,b
train_4585.jpg,train/train_4585.jpg,사진 속 담배갑에 적힌 금연 경고 문구는 무엇인가요?,담배는 중독성이 강합니다,남을 병들게 하는 길,흡연은 폐에 좋지 않습니다,건강을 지키는 첫걸음,b
train_4586.jpg,train/train_4586.jpg,사진 속 흰색 옷에 적힌 글자는 무엇인가요?,THAMES TAMES,THAMES TIDES,THAMES TIMES,THAMES TIMES SQUARE,c
train_4587.jpg,train/train_4587.jpg,이 도로 표지판에 따르면 '서울역' 방향으로 가려면 어느 도로 번호를 따라야 합니까?,31 퇴계로 방향,50 광화문 방향,60 시청 방향,21 서울역 방향,d
train_4588.jpg,train/train_4588.jpg,이 표지판에 적힌 글자는 무엇인가요?,진입금지,소방차전용,소화전,주차금지,c
train_4589.jpg,train/train_4589.jpg,이 장소에서 제공하는 무료 Wi-Fi의 비밀번호는 무엇인가요?,9cxd0ff753,KT_GIGA_1E2C,Free Wi-Fi,ECO FRIENDLY,a
train_4590.jpg,train/train_4590.jpg,협조문에 따르면 승강기 내에서 삼가야 할 행동은 무엇인가요?,큰 소리로 통화하는 행동,승강기 문을 손으로 막는 행동,음식을 먹거나 흡연하는 행동,"가래나 오줌, 애완동물의 배변 등으로 다른 주민에게 불쾌감을 주는 행동",d
train_4591.jpg,train/train_4591.jpg,이 가게의 간판에 적힌 상호명은 무엇인가요?,돌불순육,테라마사지,우진기사,태슬뚝두부,c
train_4593.jpg,train/train_4593.jpg,이 건물 3층에 위치한 센터의 이름은 무엇인가요?,부산임플란트센터,대동병원센터,부산틀니센터,동의의료원센터,c
train_4594.jpg,train/train_4594.jpg,이 사진에 보이는 간판에 적힌 상호명은 무엇인가요?,청림조경,서울조경,송림조경,한림조경,c
train_4595.jpg,train/train_4595.jpg,이 간판에서 제공하는 음식 종류는 무엇인가요?,피자 배달,김밥 분식,한식 뷔페,치킨 전문점,b
train_4596.jpg,train/train_4596.jpg,이 트랙터에 적혀 있는 문구 중 '작동 주의' 경고문에 포함된 내용이 아닌 것은 무엇인가요?,작동 전 안전장치를 확인한다,작동 중 손을 넣지 않는다,운전 중 휴대전화를 사용한다,안전모를 반드시 착용한다,c
train_4597.jpg,train/train_4597.jpg,이 지하철 역의 다음 목적지는 어디인가요?,U1 Stephansplatz,U2 Karlsplatz,U3 Ottakring,U4 H?tteldorf,d
train_4599.jpg,train/train_4599.jpg,사진에 보이는 모니터의 브랜드는 무엇인가요?,델,삼성,애플,LG,b
train_4600.jpg,train/train_4600.jpg,메뉴판에 따르면 '보리밥정식'의 가격은 얼마인가요?,"14,000","20,000","10,000","17,000",a
train_4601.jpg,train/train_4601.jpg,이 문구에서 '관계자외 출입금지'라는 의미는 무엇인가요?,누구나 자유롭게 출입할 수 있다,출입문을 항상 열어 두어야 한다,출입문 앞에 물건을 쌓아도 된다,허가받은 사람만 출입할 수 있다,d
train_4602.jpg,train/train_4602.jpg,사진 속 포켓몬 카드에 적혀 있는 포켓몬 이름은 무엇인가요?,피카츄,고오스,이브이,뮤츠,b
train_4603.jpg,train/train_4603.jpg,이 거리 입구에 설치된 간판에 적힌 영어 문구는 무엇인가요?,Takeshita Street,Enjoy shopping with Visa.,Hand Drip Hoshino Coffee,Welcome to Takeshita Street,b
train_4604.jpg,train/train_4604.jpg,이 버스정류장에서 1100번 버스가 도착하는 데 걸리는 예상 시간은 얼마인가요?,4분,18분,3분,27분,a
train_4605.jpg,train/train_4605.jpg,사진 속에 보이는 'Sh 수협은행'의 해양플라스틱 예금 이자율 중 가장 높은 것은 얼마인가요?,0.35%,3.26%,3.61%,2.50%,c
train_4606.jpg,train/train_4606.jpg,추석 선물세트 사전예약 기간은 언제부터 언제까지인가요?,2025.7.15(금) ~ 2025.8.31(일),2026.8.6(목) ~ 2026.9.16(수),2024.9.1(일) ~ 2024.10.10(목),2023.8.1(화) ~ 2023.9.30(토),b
train_4607.jpg,train/train_4607.jpg,사진 속에 보이는 붉은색 표지판에 적힌 문구는 무엇인가요?,주차 안내,주차 허용,주차 금지,주차 가능,c
train_4608.jpg,train/train_4608.jpg,이 가게에서 '아삭이' 고추의 가격은 얼마인가요?,"5,000원","2,000원","3,000원","1,000원",b
train_4609.jpg,train/train_4609.jpg,이 사진 속 간판에서 '비타민 노래방'은 어느 층에 위치해 있나요?,1층,2층,B1층,3층,c
train_4610.jpg,train/train_4610.jpg,이 가게의 이름은 무엇인가요?,88 빈터베이커리,88 빈터키친,88 빈터커피,77 빈터키친,b
train_4612.jpg,train/train_4612.jpg,이 이미지에 보이는 'SSAFY' 게시판에 안내된 주요 내용은 무엇인가요?,16기 7월 취업특강 안내,삼성전자 신입사원 모집 공고,AI 교육 일정 변경 공지,SW 교육 과정 등록 안내,a
train_4613.jpg,train/train_4613.jpg,사진 속 손팻말에 적힌 내용 중 옳은 것은 무엇인가요?,생일기념 인생 세 번째 직관,생일기념 인생 네 번째 직관,생일기념 인생 첫 직관,생일기념 인생 두 번째 직관,c
train_4614.jpg,train/train_4614.jpg,사진 속 빨간색 포장지에 적힌 과일 이름은 무엇인가요?,Banana,Apple,Grape,Strawberry,d
train_4615.jpg,train/train_4615.jpg,이미지 속 제품 중 'LACTO PORE LIFTING' 제품의 용량은 얼마인가요?,60 pads / 150 mL / 5.0 fl. oz.,55 pads / 160 mL / 5.5 fl. oz.,45 pads / 130 mL / 4.0 fl. oz.,50 pads / 140 mL / 4.73 fl. oz.,d
train_4616.jpg,train/train_4616.jpg,에스컬레이터 이용 시 지켜야 할 안전 수칙 중 올바른 내용은 무엇인가요?,안전선 밖에 서주세요,캐리어는 하행시 앞에 위치해주세요,걷거나 뛰세요,손잡이를 꼭 잡으세요,d
train_4617.jpg,train/train_4617.jpg,강아지 집에 붙어 있는 파란색 안내문에 적힌 강아지 이름은 무엇인가요?,초롱이,맹철이,행복이,바둑이,b
train_4620.jpg,train/train_4620.jpg,이 이미지에 나온 현수막에 적힌 문구는 무엇인가요?,메이플스토리 이벤트 안내,행복한 하루를 보내세요!,귀엽지만 위험한 생명체가 잠입했다!,롯데월드 어드벤처에 오신 것을 환영합니다,c
train_4622.jpg,train/train_4622.jpg,왼쪽 출입문 유리에 적힌 문구 중 출입 제한 사유는 무엇인가요?,음식물 반입 금지,"노록밴드, 마스크 미착용 시 출입 불가",주차 금지 구역,출입 시 신분증 제시 필수,b
train_4624.jpg,train/train_4624.jpg,이 편의점 유리창에 적힌 문구 중 맞는 것은 무엇인가요?,저유가 지원금 사용 불가,저유가 지원금 사용 가능,고유가 지원금 사용 불가,고유가 지원금 사용 가능,d
train_4625.jpg,train/train_4625.jpg,사진 속에 붙어 있는 문구 중 '시끄럽게 하는 게 어때서'와 함께 적힌 다른 단어는 무엇인가요?,어색하다,재밌다,무섭다,아니다,b
train_4626.jpg,train/train_4626.jpg,이 표지판에 적힌 내용 중 옳은 것은 무엇인가요?,강아지를 만지지 말라.,안에 들어가도 괜찮다.,강아지가 친절하다.,안에 들어가도 강아지가 물지 않는다.,a
train_4627.jpg,train/train_4627.jpg,이 이미지에 적힌 스페인냉동대패삼겹살 1kg의 가격은 얼마인가요?,"15,000","19,800","22,980","17,980",d
train_4628.jpg,train/train_4628.jpg,이 상자에 적힌 제조국은 어디인가요?,한국,일본,중국,미국,c
train_4629.jpg,train/train_4629.jpg,이 책의 제목은 무엇인가요?,포뮬러 원 드라이버,F1 더 포뮬러,F1 레이싱 이야기,F1 세계 챔피언,b
train_4630.jpg,train/train_4630.jpg,이 사진에 보이는 간판의 이름은 무엇인가요?,MILLAC THE MARKET,MARKET MILLAC,MILLAC THE STORE,THE MILLAC STORE,a
train_4631.jpg,train/train_4631.jpg,에너지바 제품의 이름은 무엇인가요?,에너지바 무설탕,에너지바 저당,에너지바 일반,에너지바 고당,b
train_4632.jpg,train/train_4632.jpg,사진 속에서 '오징어채' 1봉지의 가격은 얼마인가요?,"8,000","5,000","6,000","4,500",b
train_4633.jpg,train/train_4633.jpg,"이 약 복용 안내서에 따르면, 하루에 몇 회 약을 복용해야 하나요?",3회,1회,2회,4회,a
train_4634.jpg,train/train_4634.jpg,이 가게의 이름은 무엇인가요?,김밥천사,김밥나라,김밥천국,김밥천왕,c
train_4635.jpg,train/train_4635.jpg,"사진에 보이는 표지판에 따르면, 한밭대학교 수련원은 어디에 있나요?",50m 방향으로 오른쪽,100m 방향으로 왼쪽,50m 방향으로 왼쪽,100m 방향으로 오른쪽,c
train_4636.jpg,train/train_4636.jpg,이 도로 표지판에 적힌 도로 이름은 무엇인가요?,녹산산업대로,해운대로,서부산로,동부산로,a
train_4638.jpg,train/train_4638.jpg,이 버스의 앞쪽에 적혀 있는 한자는 무엇인가요?,대한민국관광,부산광역시,뉴釜山觀光,서울시민버스,c
train_4639.jpg,train/train_4639.jpg,이 에스컬레이터 옆에 붙어 있는 노란색 안내문에 적힌 내용으로 맞는 것은 무엇인가요?,음식물 반입 금지,큰 소리로 통화 금지,걷거나 뛰지 마세요,휴대폰 사용 금지,c
train_4641.jpg,train/train_4641.jpg,천장에 설치된 기기의 브랜드는 무엇인가요?,EPSON,SONY,LG,SAMSUNG,a
train_4642.jpg,train/train_4642.jpg,이곳에서 판매하는 연잎 아이스크림의 가격은 얼마인가요?,"5,000원","6,000원","3,000원","4,000원",d
train_4643.jpg,train/train_4643.jpg,사진 속 초코파이(Choco Pie) 제품의 가격은 얼마인가요?,"9,000원","24,000원","16,000원","21,000원",d
train_4644.jpg,train/train_4644.jpg,사진 속 간판에 적힌 '구미 가구몰'의 크기는 몇 평이라고 적혀 있나요?,1000평,500평,1500평,2000평,a
train_4645.jpg,train/train_4645.jpg,사진에 보이는 간판들 중 '법무법인 수안'이 위치한 층은 어디인가요?,10층,6층,8층,4층,b
train_4646.jpg,train/train_4646.jpg,이 도로 표지판에 적힌 문구는 무엇인가요?,차량 진입 금지,속도 제한 구역,횡단보도,보행자 전용,c
train_4647.jpg,train/train_4647.jpg,이 역에서 3번과 4번 승강장이 향하는 방향으로 올바른 것은 무엇인가요?,대전·대구 방면,순천·광주·목포 방면,인천·수원 방면,서울·부산 방면,b
train_4649.jpg,train/train_4649.jpg,서랍 속에 보이는 과자 중 초록색 포장지에 적힌 과자 이름은 무엇인가요?,가스타드,초코파이,마가렛트,오레오,a
train_4650.jpg,train/train_4650.jpg,"이미지 바닥에 적힌 '금연구역' 표지판에 따르면, 금연구역의 범위는 어디까지인가요?",지하철역 출입구 10m 이내,공원 입구 5m,학교 정문 15m,버스 정류장까지 20m,a
train_4652.jpg,train/train_4652.jpg,이 간판에서 '왕 당구장'이 있는 층은 어디인가요?,지하 1층,3층,2층,1층,c
train_4653.jpg,train/train_4653.jpg,이 가게 간판에 적힌 상호명은 무엇인가요?,생감자떡,강원도감자떡,마켓189호,대구상회,d
train_4654.jpg,train/train_4654.jpg,이 단백질바의 중량은 얼마인가요?,50g,12g,48g,3g,a
train_4655.jpg,train/train_4655.jpg,이 표지판에 적힌 내용은 무엇인가요?,회의실,출입금지,남자화장실,여자화장실,d
train_4656.jpg,train/train_4656.jpg,사진 속에 보이는 일본어 간판에 적힌 내용은 무엇인가요?,駐車場は?車です,駐車ご遠慮ください,駐車場出入口につき駐車ご遠慮願います,入口付近に駐車禁止,c
train_4658.jpg,train/train_4658.jpg,방수용 기구함에 적힌 화재 시 소화전 사용 방법 중 첫 번째 단계는 무엇인가요?,벨브닫기,벨브열기,불 끄기,호스 빼내기,d
train_4659.jpg,train/train_4659.jpg,사진에 보이는 간판 중 '야키토리'라고 적힌 간판은 무엇을 의미하나요?,중국식 국수 전문점,이탈리아식 피자 전문점,일본식 꼬치구이 전문점,한국식 바비큐 전문점,c
train_4660.jpg,train/train_4660.jpg,사진 속 종이봉투에 적힌 문구 중 맞는 것은 무엇인가요?,551 HORIA,551 HO RAI,551 HORAI,551 HORAI ENJOY THE REAL TASTE,c
train_4661.jpg,train/train_4661.jpg,소셜팅 노래방 입구에 적힌 문구 중 옳지 않은 것은 무엇인가요?,최신음향·최신시설 완비,무료 주차 가능,노래 손님 대 환영,단체 손님 대환영,b
train_4662.jpg,train/train_4662.jpg,이 전시 공간에서 '정약용의 도시'로 소개된 도시는 어디인가요?,남양주,대전,서울,부산,a
train_4663.jpg,train/train_4663.jpg,도로 위에 흰색 원 안에 쓰여진 숫자는 무엇인가요?,70,90,30,50,d
train_4664.jpg,train/train_4664.jpg,이 사진 속에서 '탁월한 물기제거 유리닦이'의 가격은 얼마인가요?,"\2,000","\1,000",\500,"\1,500",b
train_4665.jpg,train/train_4665.jpg,사진 속 상자들 중에 'TOKYO BANANA'라고 적힌 상자의 색상은 무엇인가요?,분홍색,초록색,노란색,파란색,c
train_4667.jpg,train/train_4667.jpg,이 건물에 적힌 회사 이름은 무엇인가요?,TECHNIQUE Technologies Ltd,TECHNIQUE Solutions Ltd,TECHNIQUE Services Ltd,TECHNIQUE Industries Ltd,c
train_4668.jpg,train/train_4668.jpg,길설's 슈톨렌에 대해 설명한 문구 중 옳은 것은 무엇인가요?,슈톨렌은 즉시 먹는 것이 가장 맛있다.,슈톨렌은 밀가루만으로 만들어진 빵이다.,슈톨렌은 보관하지 않고 바로 폐기해야 한다.,슈톨렌은 크리스마스를 기다리며 숙성시키는 독일 전통빵이다.,d
train_4671.jpg,train/train_4671.jpg,이 간판에 적힌 가게의 종류는 무엇인가요?,양식 카페,일식 레스토랑,한식 뷔페,중식 전문점,c
train_4672.jpg,train/train_4672.jpg,이 사진에서 볼 수 있는 거리 이름은 무엇인가요?,강남대로 15길,역삼로 10길,테헤란로 28길,삼성로 5길,c
train_4673.jpg,train/train_4673.jpg,꼬깔콘 과자 중에서 매운맛이 나는 맛은 무엇인가요?,매콤달콤 맛,메이플버터 맛,고소한 맛,군옥수수 맛,a
train_4674.jpg,train/train_4674.jpg,이미지 속 스위치 박스에 적힌 경고 문구는 무엇인가요?,조심,안전,위험,주의,c
train_4675.jpg,train/train_4675.jpg,이 우체통이 기네스 세계 기록에 등재된 이유는 무엇인가요?,가장 빠른 우체통이기 때문에,가장 오래된 우체통이기 때문에,가장 무거운 우체통이기 때문에,가장 큰 우체통이기 때문에,d
train_4676.jpg,train/train_4676.jpg,이 건물 3층에는 어떤 센터가 있나요?,고양이의료센터,동물내과/입원실,동물외과/수술센터,동물안과/치과센터,c
train_4677.jpg,train/train_4677.jpg,이 지하철역 출입구 표지판에 적힌 역 이름은 무엇인가요?,홍대입구,강남,이태원,을지로입구,c
train_4678.jpg,train/train_4678.jpg,"이 거리 표지판에서 '법원, 검찰청, 소방서, 군민운동장'으로 가려면 어느 방향으로 가야 하나요?",뒤로,오른쪽,왼쪽,직진,c
train_4679.jpg,train/train_4679.jpg,이 초콜릿 포장지에 적힌 맛의 특징은 무엇인가요?,SEA SALT가 첨가된 맛,프렌치 바닐라 맛,카라멜 맛,오렌지 향 맛,a
train_4680.jpg,train/train_4680.jpg,이 버스정류소에서 금연구역이 적용되는 범위는 어디까지인가요?,15미터 이내,20미터 이내,10미터 이내,5미터 이내,c
train_4681.jpg,train/train_4681.jpg,이 편의점 간판에 적힌 영어 문구는 무엇인가요?,Nice to 씨유,CU 편의점에 오신 것을 환영합니다,Hello CU Store,Welcome to CU,a
train_4682.jpg,train/train_4682.jpg,이 이미지에 나오는 'COSTUME DESIGNER'는 누구인가요?,LEE SUNG HO,PARK MIN JI,SANJA MILKOVI? HAYS,JANE DOE,c
train_4683.jpg,train/train_4683.jpg,이 건물에 있는 '스터디카페'의 운영 시간은 어떻게 되어 있나요?,24시간 운영,오전 8시부터 오후 10시까지,오전 9시부터 오후 9시까지,오후 1시부터 자정까지,a
train_4684.jpg,train/train_4684.jpg,사진 속 간판에 적힌 병원 이름은 무엇인가요?,GLASS BOX,휴먼피부과 의원,365 야홉가지약속치과 의원,서울 약국,b
train_4686.jpg,train/train_4686.jpg,사진 속 LAN 케이블의 길이는 각각 얼마인가요?,각각 10m와 5m,각각 1m와 0.5m,각각 5m와 2m,각각 3m와 1m,c
train_4688.jpg,train/train_4688.jpg,이 건물 2층에 위치한 병원의 전문 과목은 무엇인가요?,내과·소아과,정형외과·신경외과,피부과·비뇨기과,치과·한의원,c
train_4689.jpg,train/train_4689.jpg,사진 속 간판에 적힌 '태진산업용재 백화점'의 전화번호는 무엇인가요?,952-7777,959-0000,951-5656,959-0989,d
train_4692.jpg,train/train_4692.jpg,이 돌에 새겨진 큰 글자는 무엇인가요?,청계천,광장시장,남대문시장,화개장터,d
train_4693.jpg,train/train_4693.jpg,이 서점의 상호명은 무엇인가요?,창문사,컬렉션북스,디자인서점,외국서점,a
train_4694.jpg,train/train_4694.jpg,이 가게의 상호명은 무엇인가요?,건강미용,올영양행,뷰티살롱,헬씨뷰티,b
train_4695.jpg,train/train_4695.jpg,이 카페에서 제공하는 무료 WiFi의 비밀번호는 무엇인가요?,KT_GIGA_CD98,8feejfx160,FREE WiFi,A TWOSOME PLACE,b
train_4696.jpg,train/train_4696.jpg,이 식당에서 판매하는 소양념갈비 1인분 가격은 얼마인가요?,"\25,000","\35,000","\40,000","\30,000",b
train_4697.jpg,train/train_4697.jpg,사진 속 보습제 라벨에 적힌 숫자는 무엇인가요?,5102,1502,2025,1025,d
train_4698.jpg,train/train_4698.jpg,이 가게의 주요 판매 품목은 무엇인가요?,전자제품 수리,신발과 의류,음식 배달 서비스,휴대폰 케이스와 필름 부착,d
train_4699.jpg,train/train_4699.jpg,이 감자칩 봉지에 적힌 맛은 무엇인가요?,Barbecue Flavored,Seaweed Flavored,Sour Cream Flavored,Cheese Flavored,b
train_4700.jpg,train/train_4700.jpg,다음 중 '소담분식' 가게에서 판매하는 메뉴가 아닌 것은 무엇인가요?,튀김,김밥,떡볶이,라면,d
train_4701.jpg,train/train_4701.jpg,계단에 적힌 주의 문구는 무엇인가요?,신발끈을 묶으세요,손잡이를 잡으세요,천천히 걸으세요,계단조심하세요,d
train_4702.jpg,train/train_4702.jpg,이 운동기구에 적혀 있는 운동 방법 중 하나는 무엇인가요?,팔 굽혀 펴기,다리 높이 들기,허리 돌리기,등 어깨 펴기,d
train_4703.jpg,train/train_4703.jpg,이 매장에서 진행 중인 행사는 무엇인가요?,할인 판매 행사,새 상품 출시 행사,회원 전용 행사,무료 교환 행사,a
train_4704.jpg,train/train_4704.jpg,이 역에서 1호차부터 9호차까지 타는 곳은 어디인가요?,버스 타는 곳,택시 타는 곳,"KTX, SRT 타는 곳",지하철 타는 곳,c
train_4706.jpg,train/train_4706.jpg,세탁기 사용 안내에 따르면 세탁 시작 전에 해야 할 일이 아닌 것은 무엇인가요?,세제를 넣어주세요,문을 닫고 시작 버튼을 눌러주세요,코스를 선택해주세요,빨래를 바로 가져가세요,d
train_4707.jpg,train/train_4707.jpg,이 사진 속 편의점 간판에 적힌 이름은 무엇인가요?,세븐일레븐,Seven-Eleven,7-ELEVEN,Seven Eleven,c
train_4708.jpg,train/train_4708.jpg,이 장소에서 비둘기에게 먹이를 주는 것이 금지된 이유는 무엇인가요?,비둘기가 야생동물로서 본능을 회복하기 위해서,비둘기가 공원 미관을 해치기 때문에,비둘기가 사람에게 해를 끼치기 때문에,비둘기가 질병을 옮기기 때문에,a
train_4709.jpg,train/train_4709.jpg,이 사진에 나오는 역 이름은 무엇인가요?,광주역,서울역,부산역,대전역,d
train_4710.jpg,train/train_4710.jpg,식당의 조식 운영 시간은 언제부터 언제까지인가요?,07:00 - 08:00,06:50 - 07:50,05:50 - 06:50,08:00 - 09:00,b
train_4711.jpg,train/train_4711.jpg,이 식당의 영업시간은 언제입니까?,오전 11:00 ~ 오후 7:00,오전 10:30 ~ 오후 8:30,오전 10:00 ~ 오후 9:30,오전 9:00 ~ 오후 9:00,b
train_4712.jpg,train/train_4712.jpg,과자에 초록색으로 쓰여 있는 글자는 무엇인가요?,동제,동지,동주,동재,d
train_4713.jpg,train/train_4713.jpg,"이 이미지에 따르면, 기프트쿠폰 10매를 구매하면 어떤 혜택이 있나요?",커피 원두 할인,아메리카노 1잔 증정,아메리카노 2잔 증정,라떼 1잔 증정,b
train_4714.jpg,train/train_4714.jpg,이 가게 유리창에 적혀 있지 않은 문구는 무엇인가요?,모자,기념타올,좋은 사람들,양말,a
train_4715.jpg,train/train_4715.jpg,"사진 속 케이크 중에서 """"말렌카 허니 케이크""""에 대한 설명으로 옳은 것은 무엇인가요?",제철 천연꿀을 사용하여 만든 달콤한 맛의 말렌카 케이크,보니밤 티라미수 케이크는 바나나 맛이 난다,보니밤 티라미수 케이크는 말렌카 케이크보다 가격이 저렴하다,말렌카 허니 케이크의 가격은 7.0이다,a
train_4716.jpg,train/train_4716.jpg,더:단백 딸기 드링크에 함유된 우유 단백질의 양은 얼마인가요?,25g,15g,20g,10g,c
train_4717.jpg,train/train_4717.jpg,이 카페의 이름은 무엇인가요?,bread & coffee,moulin's,bistro 24,cafe de paris,b
train_4718.jpg,train/train_4718.jpg,이 건물의 2층에 있는 가게는 무엇인가요?,식당,서점,미용실,카페,d
train_4719.jpg,train/train_4719.jpg,이 장소에서 제공하는 찜질의 종류는 무엇인가요?,쌀겨자연발효 효소찜질,한방 찜질,황토 찜질,소금 찜질,a
train_4720.jpg,train/train_4720.jpg,이 문구 중 '통제구역' 출입이 제한되는 대상은 누구인가요?,관계자 외,직원만,모든 사람,관리자만,a
train_4722.jpg,train/train_4722.jpg,이 간판에 적힌 성형외과의 위치는 어디인가요?,신용타워 4층,신용타워 3층,신용타워 2층,신용타워 5층,a
train_4723.jpg,train/train_4723.jpg,복숭아맛 6입 파우치 곤약젤리의 가격은 얼마인가요?,6000원,4000원,3500원,2500원,c
train_4724.jpg,train/train_4724.jpg,이 이미지에 보이는 소스의 이름은 무엇인가요?,타르타르 소스,케첩 소스,마요네즈 소스,스위트 칠리 소스,a
train_4726.jpg,train/train_4726.jpg,이 젤리의 맛은 무엇인가요?,포도향,복숭아향,사이다향,딸기향,c
train_4727.jpg,train/train_4727.jpg,이 컵라면의 이름은 무엇인가요?,양푼 김치 찌개 라면,매운 해물 라면,순한 된장 라면,불고기 맛 라면,a
train_4728.jpg,train/train_4728.jpg,이 상자의 제품은 무엇인가요?,상업용 전기튀김기,가정용 전기밥솥,가정용 믹서기,상업용 냉장고,a
train_4729.jpg,train/train_4729.jpg,이 사진 속 음식점 간판에 적혀 있는 주요 메뉴로 올바른 것은 무엇인가요?,클 노래방,문경약돌 생삼겹살,심야식당 하-로,입점 우치과,b
train_4730.jpg,train/train_4730.jpg,요거트 찹쌀떡을 구매한 후 바로 드셨을 때 느낄 수 있는 가장 좋은 점은 무엇인가요?,가장 좋은 식감과 풍미를 느낄 수 있다,냉동 보관하지 않아야 한다,상온에서 1시간 해동해 먹는 것이 좋다,더 깊은 맛을 느낄 수 있다,a
train_4731.jpg,train/train_4731.jpg,사진 속 피카츄 옆에 있는 간판에 적힌 문구는 무엇인가요?,피카츄와 함께해요!,피카츄 사랑해!,피카츄 넌 내꺼야!,피카츄를 찾아라!,c
train_4732.jpg,train/train_4732.jpg,이 매장에서는 환경 보호를 위해 어떤 물품을 제공할 수 없다고 안내하고 있나요?,재사용 가능한 컵,종이컵,1회용컵(플라스틱 컵),일회용 빨대,c
train_4733.jpg,train/train_4733.jpg,이 사진에서 볼 수 있는 태극기가 달린 도로명 표지판에 적힌 길 이름은 무엇인가요?,태평로 32길,테헤란로 28길,태평로 30길,테헤란로 29길,b
train_4734.jpg,train/train_4734.jpg,'올랄라치킨 점심특선' 메뉴 중에서 가장 비싼 돈가스 종류는 무엇인가요?,"고양시 돈가스 10,000원","수제안심카츠 10,000원","눈꽃치즈돈가스 13,000원","체다품듀치즈카츠 12,000원",c
train_4735.jpg,train/train_4735.jpg,이 사진에서 샌드위치를 포장한 종이와 가게 간판에 공통으로 적혀 있는 글자는 무엇인가요?,All'Antico Vinaio,AlVantico Vinai,All'Antico Vinai,Al'Antico Vinario,a
train_4736.jpg,train/train_4736.jpg,이 사진에 보이는 간판의 상호명은 무엇인가요?,호정소,소정호,호소정,소호정,d
train_4737.jpg,train/train_4737.jpg,이 음식점에서 주문한 음식의 대기 번호로 올바른 것은 무엇인가요?,111,171,711,117,d
train_4738.jpg,train/train_4738.jpg,이 메뉴판에서 'Lagavulin' 싱글 몰트 위스키의 용량은 얼마인가요?,500 ml,750 ml,1 Glass,700 ml,d
train_4739.jpg,train/train_4739.jpg,이 건물 앞 안내판에 적혀 있지 않은 내용은 무엇인가요?,치과,리프팅,피부과,비만클리닉,a
train_4740.jpg,train/train_4740.jpg,이 주차장 요금 안내에 따르면 기본 30분 주차 요금은 얼마인가요?,500원,"10,000원","1,000원","15,000원",c
train_4741.jpg,train/train_4741.jpg,이 사진에 있는 노란색 교통 표지판에 적힌 제한 속도는 얼마인가요?,50,30,20,40,b
train_4742.jpg,train/train_4742.jpg,이 제품의 이름은 무엇인가요?,스테비아 토마토,방울 망고 맛토,망고 스테비아,대추방울 토마토,b
train_4743.jpg,train/train_4743.jpg,지구 행운의 편지 이벤트에서 배민 1만원권은 몇 명에게 주나요?,1명,30명,100명,50명,d
train_4744.jpg,train/train_4744.jpg,사진 속 음료수 병에 적힌 내용 중 맞는 것은 무엇인가요?,유자차이다,제로 칼로리 음료이다,블랙 보리차이다,브라운 슈거 밀크티이다,c
train_4745.jpg,train/train_4745.jpg,어린이 물놀이 풀 패키지 행사 시간은 언제인가요?,8월 1일 (토) ~ 8월 9일 (일),8월 17일 (월) 10:00 ~ 17:00,7월 27일 (월) ~ 8월 3일 (월),7월 25일 (토) ~ 8월 2일 (일),b
train_4746.jpg,train/train_4746.jpg,음료 캔에 적혀 있는 글자는 무엇인가요?,고향집 식혜,전통 식초,전통 식혜,고향집 식초,a
train_4747.jpg,train/train_4747.jpg,사진 속 파란색 상자에 적힌 약의 주성분과 함량은 무엇인가요?,겔포스 80mg,비스무스 50mg,알마겔 40mg,가스모틴 80mg,d
train_4748.jpg,train/train_4748.jpg,이 비석에 새겨진 문자는 어떤 언어로 되어 있나요?,한글,중국어,라틴어,그리스어,c
train_4749.jpg,train/train_4749.jpg,건물 1층 현관 비밀번호는 무엇인가요?,2007,1207,1008,1007,d
train_4750.jpg,train/train_4750.jpg,더블클립 20개들이 제품의 가격은 얼마인가요?,"\1,000","\3,000","\2,000",\500,a
train_4751.jpg,train/train_4751.jpg,이 장소에서 찾으려는 캐릭터의 이름은 무엇인가요?,핑크팬,핑크버,핑크비,핑크빈,d
train_4753.jpg,train/train_4753.jpg,이미지 속 커피 전문점이 언제 그랜드 오픈을 했나요?,10월 초,9월 초,8월 초,7월 초,d
train_4758.jpg,train/train_4758.jpg,이 건물에 입점해 있는 음식점 중 랍스터와 스테이크를 제공하는 곳은 어디인가요?,CAFE Mignon,another kitchen,유니 스퀘어,광주 창업비 스타트업,b
train_4759.jpg,train/train_4759.jpg,"이 건물에 붙어 있는 'World Smart City Expo' 행사 포스터에 따르면, 행사는 언제 개최되나요?",2025년 7월 15일 ~ 17일,2022년 9월 5일 ~ 7일,2023년 8월 1일 ~ 3일,2024년 6월 10일 ~ 12일,a
train_4760.jpg,train/train_4760.jpg,이 마트의 영업 시간은 어떻게 되어 있나요?,오전 9시부터 오후 9시까지,오전 10시부터 오후 10시까지,오전 8시부터 오후 8시까지,24시간 영업,d
train_4761.jpg,train/train_4761.jpg,다음 중 '서보전력(주)' 간판에 적혀 있지 않은 내용은 무엇인가요?,계좌분리,누전공사,전기자동차 충전소,동력공사,c
train_4763.jpg,train/train_4763.jpg,이 돌에 적힌 글자는 무엇을 의미하나요?,지하철출구,택시승차장,버스정류장,도시철도입구,d
train_4764.jpg,train/train_4764.jpg,이 이미지 속 웨이팅 화면에 표시된 현재 웨이팅 팀 수와 예상 대기 시간은 무엇인가요?,"45팀, 53분","35팀, 45분","54팀, 53분","53팀, 54분",d
train_4765.jpg,train/train_4765.jpg,손에 들고 있는 사탕의 맛은 무엇인가요?,초코맛,딸기맛,바닐라 맛,체리맛,a
train_4766.jpg,train/train_4766.jpg,이 냉동 아이스크림 코너에서 '쭈쭈' 아이스크림의 가격은 얼마인가요?,"1,200원",900원,800원,"1,400원",c
train_4767.jpg,train/train_4767.jpg,카페의 점심시간은 언제부터 언제까지인가요?,09:00 ~ 10:00,12:00 ~ 13:00,08:10 ~ 16:00,10:40 ~ 11:40,d
train_4768.jpg,train/train_4768.jpg,이미지에 보이는 '스팸 마일드' 제품의 유통기한은 무엇인가요?,31.01.01,29.05.10,30.06.15,28.12.31,b
train_4770.jpg,train/train_4770.jpg,이 건물에 적혀 있는 큰 글씨는 무엇인가요?,샤인스튜디오,스쿨로스 플룻교실,예쁜어린이헤어센터,대방교회,d
train_4772.jpg,train/train_4772.jpg,이 음료수 병 라벨에 적힌 내용 중 포함된 성분이 아닌 것은 무엇인가요?,알코올,설탕,비타민C,카페인,a
train_4773.jpg,train/train_4773.jpg,이 안내판에 적힌 내용은 무엇인가요?,WELCOME 3rd BIRTHDAY,WELCOME 2nd ANNIVERSARY,WELCOME 1st BIRTHDAY,WELCOME 1st ANNIVERSARY,c
train_4774.jpg,train/train_4774.jpg,이 게시판에 적힌 커피 메뉴 이름은 무엇인가요?,EXPLORER BLEND,VOYAGE BLEND,DISCOVERY BLEND,JOURNEY BLEND,b
train_4775.jpg,train/train_4775.jpg,이 장소에 출입이 금지된 사람은 누구인가요?,관계자만 출입 가능,모든 사람 출입 가능,관계자 외 출입 금지,직원 외 출입 가능,c
train_4776.jpg,train/train_4776.jpg,이 마트의 고기 판매 코너에 적힌 간판 이름은 무엇인가요?,행사상품,명품한돈,명품한우,신선육,b
train_4777.jpg,train/train_4777.jpg,사진 속 'NO SMOKING' 표지판에 적힌 내용 중 올바른 것은 무엇인가요?,흡연 시 경고 없음,흡연 구역 지정,흡연은 허용됨,흡연 절대 금지,d
train_4778.jpg,train/train_4778.jpg,이 간판에 적힌 문구는 무엇인가요?,김광석 거리 축제,김광석 기념관,김광석 음악 공연장,김광석 다시그리기 길,d
train_4779.jpg,train/train_4779.jpg,이 건물에 입점한 브랜드 이름은 무엇인가요?,ZARA,GIORDANO,UNIQLO,H&M,b
train_4780.jpg,train/train_4780.jpg,사진 속 '고리형 칫솔케이스'의 가격은 얼마인가요?,"\5,000","\1,000","\3,000","\2,000",b
train_4781.jpg,train/train_4781.jpg,벽에 붙어 있는 표지판에 적힌 숫자는 무엇인가요?,2,21,12,1,b
train_4783.jpg,train/train_4783.jpg,"이 도로 표지판에 따르면, '언주로'는 앞으로 몇 미터 지점에 있나요?",100m,300m,200m,400m,b
train_4784.jpg,train/train_4784.jpg,사진 속 노란색 교통 표지판에 적힌 제한 속도는 무엇인가요?,30,40,50,20,d
train_4785.jpg,train/train_4785.jpg,착한커피의 가격이 아닌 것은 무엇인가요?,"1,990원",990원,"3,500원","2,990원",c
train_4786.jpg,train/train_4786.jpg,"메가커피 메뉴판에 따르면, 'NON COFFEE' 음료에 해당하지 않는 것은 무엇인가요?",바닐라라떼,핫초코/아이스초코/녹차,딸기요거트,고구마라떼,a
train_4787.jpg,train/train_4787.jpg,이 건물의 상호명은 무엇인가요?,골프연습장,골프클럽,보이스캐디 골프아카데미,VOICE CADDIE,c
train_4788.jpg,train/train_4788.jpg,사진 속 부동산 간판에 적힌 대표자의 이름은 무엇인가요?,박민수,김철수,이수진,손재용,d
train_4789.jpg,train/train_4789.jpg,이 공사장 안전 울타리에 적힌 문구는 무엇인가요?,출입 금지,공사 중 주의,안전 제일,작업 중,c
train_4791.jpg,train/train_4791.jpg,"이 카페의 간판에 적힌 문구 중, 제공하는 서비스에 포함되지 않은 것은 무엇인가요?",COFFEE,BRUNCH,COCKTAILS,TEA,d
train_4792.jpg,train/train_4792.jpg,무플론에 대한 설명 중 옳은 것은 무엇인가요?,먹이는 주로 고기이다.,수컷의 뿔은 암컷의 뿔에 비해 매우 작다.,야생 양 중에서 가장 큰 종이다.,"수컷의 뿔은 크고, 암컷의 뿔은 이에 비해 매우 작다.",d
train_4793.jpg,train/train_4793.jpg,왼쪽 제품 포장지에 적힌 가격은 얼마인가요?,"\3,000","\5,000","\4,000","\2,500",a
train_4794.jpg,train/train_4794.jpg,2026 유성재즈 & 맥주페스타 행사는 언제 열리나요?,8월 28일 금요일부터 8월 30일 일요일까지,10월 5일 목요일부터 10월 7일 토요일까지,9월 1일 수요일부터 9월 3일 금요일까지,7월 15일 토요일부터 7월 17일 월요일까지,a
train_4795.jpg,train/train_4795.jpg,이미지에 나오는 'Codex' 설명 중 맞는 내용은 무엇인가요?,Three-to-four-file reasoning chains,Dependencies pulled through several files,A lot of protocol-oriented code,Flat package structure,d
train_4796.jpg,train/train_4796.jpg,이 사진 속 가게의 이름은 무엇인가요?,banapressoo,banapresso,banapress,banpress,b
train_4797.jpg,train/train_4797.jpg,화이트보드에 적힌 맛 투표 항목 중 2번은 무엇인가요?,복숭아,샤머,레몬,자몽,c
train_4798.jpg,train/train_4798.jpg,이 사진에서 보이는 간판의 이름은 무엇인가요?,ROUTE 1,Speed Zone,Highway Garage,Moto Park,a
train_4799.jpg,train/train_4799.jpg,SSAFY가 삼성전자의 어떤 사회공헌 프로그램인가요?,의료 지원 프로그램,환경 보호 캠페인,문화 예술 지원 사업,소프트웨어 교육 및 취업 지원 프로그램,d
train_4800.jpg,train/train_4800.jpg,이 건물에서 '태미안 피부과 비만'은 어느 층에 위치해 있나요?,7층,4층,8층,3층,a
train_4802.jpg,train/train_4802.jpg,오른쪽에 걸려 있는 작품에 적힌 문구는 무엇인가요?,有志慶在道,有志慶在心,有志慶無道,無志慶在道,a
train_4803.jpg,train/train_4803.jpg,Horner Pub 간판에 적힌 문구 중에서 맥주를 어떻게 제공한다고 했나요?,시원한 얼음처럼 차갑게,상큼한 레몬맛으로 제공합니다,뜨거운 온도로 제공합니다,당신의 전 여자친구 마음처럼 차갑게,d
train_4804.jpg,train/train_4804.jpg,사진에 보이는 큰 검은색 간판에 적힌 글자는 무엇인가요?,BRAVE,アソシエ,AUGUST BLDG,食道園,d
train_4805.jpg,train/train_4805.jpg,명동대웅부동산의 전화번호는 무엇인가요?,02-775-9700,02-775-2021,02-777-9079,02-776-2020,a
train_4806.jpg,train/train_4806.jpg,이 건물 정면 상단에 적힌 라틴어 문구는 무엇입니까?,M·AGRIPPA·L·F·COS·TERTIVM·FECIT,Carpe·Diem,Veni·Vidi·Vici,Alea·Iacta·Est,a
train_4807.jpg,train/train_4807.jpg,이 식당의 오늘 메뉴로 적혀 있지 않은 것은 무엇인가요?,제육볶음,오늘메뉴!,간장제육,김치찌개,d
train_4808.jpg,train/train_4808.jpg,이 영화 상영 화면에 적힌 문구 중 올바른 것은 무엇인가요?,개봉주 무대인사람,개봉주 무대인산,개봉주 무대인사자,개봉주 무대인사,d
train_4809.jpg,train/train_4809.jpg,사진 속 의자에 적혀 있는 글자는 무엇인가요?,SPRITE,PEPSI,FANTA,COKE,b
train_4810.jpg,train/train_4810.jpg,사진 속 쇼핑백과 선물백의 가격은 각각 얼마인가요?,"쇼핑백 1000원, 선물백 500원","쇼핑백 700원, 선물백 1500원","쇼핑백 1500원, 선물백 700원","쇼핑백 500원, 선물백 1000원",a
train_4811.jpg,train/train_4811.jpg,이 카페에서 제공하는 와이파이 비밀번호는 무엇인가요?,cafe123123,Bonaparte_123,cafe_5G,Bonaparte_5G,a
train_4812.jpg,train/train_4812.jpg,사진 속 광고판에서 안내하는 평형(넓이)은 얼마인가요?,25평형,15평형,20평형,30평형,a
train_4813.jpg,train/train_4813.jpg,오른쪽 액자에 적힌 연도는 무엇인가요?,2025.10,2022.10,2023.10,2024.10,a
train_4814.jpg,train/train_4814.jpg,사진 속 안내문에서 퇴실 시에 확인하라고 하는 것은 무엇인가요?,쓰레기통 비우기,컴퓨터 전원 끄기,책상과 의자 정리,냉난방기와 전등 전원,d
train_4815.jpg,train/train_4815.jpg,다음 중 쪽지에 적힌 내용으로 맞는 것은 무엇인가요?,2학기 이벤트 참여 쿠키를 서비스로 보내드립니다! 맛있게 드세요 :),승리는 합창생면 님!! 2학기 이벤트 참여 감사 쿠키를 서비스로 보내드립니다! 맛있게 드세요 :),승리는 합창생면 님!! 2학기 이벤트 참여 감사 쿠키 서비스입니다.,2학기 이벤트 참여 감사 쿠키 서비스입니다.,b
train_4816.jpg,train/train_4816.jpg,위고비 다이어트 치료제의 초기 용량은 얼마인가요?,1.0 mg,1.7 mg,0.25 mg,0.5 mg,c
train_4817.jpg,train/train_4817.jpg,이 건물에 위치한 병원의 이름은 무엇인가요?,GLOW-UP 네일룸,근로복지공단 구미의원,스핀 볼링,엘리트 치과병원,d
train_4818.jpg,train/train_4818.jpg,사진 속 책장에 주로 진열된 책들의 주제는 무엇인가요?,요리 레시피 책,NCS 자격증 준비서,한국 문학 소설,어린이 동화책,b
train_4820.jpg,train/train_4820.jpg,이 초코우유에 사용된 원유의 등급은 무엇인가요?,3등급 원유,2등급 원유,무등급 원유,1등급 원유,d
train_4821.jpg,train/train_4821.jpg,이 음료 라벨에 적힌 매장 이름은 무엇인가요?,홍대점,명동점,강남역점,데헤란로점,d
train_4823.jpg,train/train_4823.jpg,난홍카페에서 기본세트(음료 1개 선택) 가격은 얼마인가요?,"10,000원","5,000원","12,000원","7,000원",d
train_4824.jpg,train/train_4824.jpg,이 제품의 단백질 함량은 얼마인가요?,15g,20g,10g,25g,b
train_4825.jpg,train/train_4825.jpg,사진 속 소주병 라벨에 적힌 도수는 얼마인가요?,35%,19.5%,21%,25%,d
train_4826.jpg,train/train_4826.jpg,이 시장의 이름은 무엇인가요?,좋은 시장,우리시장,전통시장,행복한 우리시장,d
train_4827.jpg,train/train_4827.jpg,이 건물에 적힌 글씨는 무엇인가요?,국산업단지공단 대구지역본부,한국산업단지공단 서울지역본부,한국산업단지공단 부산지역본부,국산업단지공단 부산지역본부,c
train_4828.jpg,train/train_4828.jpg,이 광고에서 소개하는 음식은 무엇입니까?,중국식 볶음밥,한국식 튀긴 치킨,일본식 초밥,이탈리아 피자,b
train_4829.jpg,train/train_4829.jpg,이 차량 뒷면에 붙어 있는 문구 중에서 영어 문장은 무엇인가요?,주 예수를 믿으라,Jesus loves you,85고 7553,그리하면 너와 네집이 구원을 얻으리라,b
train_4831.jpg,train/train_4831.jpg,사진 속 초콜릿 포장지에 적힌 브랜드 이름은 무엇인가요?,SNICKERS,TWIX,HERSHEY'S,M&M'S,c
train_4834.jpg,train/train_4834.jpg,"이 표지판에 따르면, '나라(Nara)' 방향은 어떤 번호로 표시되어 있나요?",3,1,4,2,d
train_4835.jpg,train/train_4835.jpg,이 식당 벽에 붙어 있는 미쉐린 가이드 표지 중에서 가장 최근 연도는 무엇인가요?,2025,2019,2023,2022,a
train_4836.jpg,train/train_4836.jpg,이 가게의 휴무일은 언제인가요?,매주 금요일,매주 토요일,매주 월요일,매주 일요일,a
train_4837.jpg,train/train_4837.jpg,삼성청년SW·AI아카데미 SSAFY 15기 모집 기간은 언제부터 언제까지인가요?,10월 15일(토)부터 11월 15일(화)까지,11월 1일(수)부터 11월 30일(목)까지,10월 1일(금)부터 10월 31일(일)까지,10월 27일(월)부터 11월 10일(월)까지,d
train_4838.jpg,train/train_4838.jpg,사진 속 건물 간판에 적힌 '토닥토닥 한의원'의 진료 시간은 언제부터 언제까지인가요?,월요일부터 금요일까지 아침 진료,9시부터 평일 매일 야간 진료,오후 1시부터 오후 9시까지,오전 10시부터 오후 5시까지,b
train_4839.jpg,train/train_4839.jpg,이 건물에 입주해 있는 병원이나 의료기관 중에 보이는 치과 이름은 무엇인가요?,동아간호병원,정형외과,통증의학과,한솔치과,d
train_4840.jpg,train/train_4840.jpg,2026 카페디저트페어의 5월 차기행사 장소는 어디인가요?,songdo convensia,Coex Magok,KINTEX,COEX Mall,b
train_4841.jpg,train/train_4841.jpg,이 매장의 이름은 무엇인가요?,little ground,"everyday, little",FENDI,PLATE,a
train_4842.jpg,train/train_4842.jpg,이미지에 보이는 인센스 스틱 패키지 중에서 'LEMON GRASS' 향의 인센스는 어떤 색상 박스에 담겨 있나요?,연두색 박스,하얀색 박스,노란색 박스,회색 박스,a
train_4843.jpg,train/train_4843.jpg,이미지에 보이는 킷캣(KitKat) 초콜릿의 가격은 얼마인가요?,1.75€,2.95€,6.95€,3.95€,c
train_4844.jpg,train/train_4844.jpg,프라임 베이커리에서 사용하는 발효종은 어떤 특징이 있나요?,첨가물을 많이 넣어 발효를 촉진한다,고온에서 빠르게 숙성한 인공발효종을 사용한다,발효종을 전혀 사용하지 않는다,첨가물을 사용하지 않고 저온에서 숙성한 천연발효종을 사용한다,d
train_4845.jpg,train/train_4845.jpg,이 사진 속 간판에 적힌 문구는 무엇인가요?,everyday emart,마트 everyday,emart everyday,market every,c
train_4846.jpg,train/train_4846.jpg,벽에 붙어 있는 안내문에 적힌 샐러드 가게 이름은 무엇인가요?,와르르 & 보롬 샐러드,맛있는 샐러드,도시락 샐러드,신선한 채소 샐러드,a
train_4847.jpg,train/train_4847.jpg,이 건물 3층에 위치한 병원은 어떤 진료과목을 전문으로 하나요?,치과의원,정형외과의원,내과의원,소아과의원,b
train_4848.jpg,train/train_4848.jpg,사진 속 'CLIO' 브랜드의 파운데이션 이름은 무엇인가요?,NEW MATTE FOUNDATION,PRO TAILOR FOUNDATION,NEW GLOW FOUNDATION,PERFECTING LAST FOUNDATION,a
train_4850.jpg,train/train_4850.jpg,"ANS 베이커리 허니코코의 영양 정보에 따르면, 65g당 몇 칼로리인가요?",250 kcal,314 kcal,180 kcal,400 kcal,b
train_4851.jpg,train/train_4851.jpg,번호 7번 업소 '더보양흑삼계탕'의 주메뉴가 아닌 것은 무엇인가요?,흑삼삼계탕,떡국,알밥,흑삼갈비탕,c
train_4853.jpg,train/train_4853.jpg,이 거리에서 볼 수 있는 상호명은 무엇인가요?,Green Bakery,Book Store,Cafe Latte,photo ive,d
train_4854.jpg,train/train_4854.jpg,이 음식점 간판에 적힌 음식 이름은 무엇인가요?,불고기 전문점,해물찜 전문점,탕자감 감자탕,김치찌개 맛집,c
train_4856.jpg,train/train_4856.jpg,이 건물에 설치된 CCTV의 촬영 시간은 언제인가요?,오전 9시부터 오후 6시까지,촬영 시간이 명시되어 있지 않음,오후 6시부터 오전 9시까지,24시간 연속 촬영 및 녹화,d
train_4858.jpg,train/train_4858.jpg,서울우유 제품 중 가격이 가장 낮은 것은 무엇인가요?,커피,딸기,나 100%,초콜릿,a
train_4860.jpg,train/train_4860.jpg,이 이미지에서 체감 온도를 낮추는 여름 필수 쿨링템을 직접 체험할 수 있는 팝업의 온도는 몇 도인가요?,3°C,5°C,1°C,7°C,a
train_4861.jpg,train/train_4861.jpg,사진 속 음식점 간판에 적힌 음식 이름은 무엇인가요?,영재사고력학원,초중고 수학 전문,곱배기 냉면,감성 피아노,c
train_4863.jpg,train/train_4863.jpg,이 디지털 카메라 화면에 보이는 '날짜/시간 설정' 메뉴에서 설정할 수 없는 항목은 무엇인가요?,초,시간,년/월/일,분,a
train_4864.jpg,train/train_4864.jpg,사진 속 상자에 적혀 있는 브랜드 이름은 무엇인가요?,로켓프레시,쿠팡,배달의민족,마켓컬리,a
train_4865.jpg,train/train_4865.jpg,'기묘한 힘' 음료 중 노란색 병에 적혀 있는 맛은 무엇인가요?,썬업 라벤더 블루베리 설성수,기묘한 빨간맛 핸드씨트러스,기묘한 노란맛 멜로우트페퍼,이번에는 커피에 홍차를 넣어봄,c
train_4866.jpg,train/train_4866.jpg,다음 중 이미지 속에서 볼 수 있는 과자 이름이 아닌 것은 무엇인가요?,고구마깡,초코빵,감자칩,새우깡,c
train_4868.jpg,train/train_4868.jpg,사진에 보이는 식당 간판에 적힌 식당 이름은 무엇인가요?,기업체 단체 식사 환영,아주구내식당,맛있는 집밥,맛있는 한식,c
train_4869.jpg,train/train_4869.jpg,이 사진에 보이는 식당 이름은 무엇인가요?,베이커리 카페,샐러드바 샤브마니아,한식당 맛있는 집,카페 드림,b
train_4870.jpg,train/train_4870.jpg,'플레인 크로찌' 홍보 문구 중 옳은 것은 무엇인가요?,"SNS 누적 조회수 1,000만!",우리 쌀 100% 사용!,슈가 PICK!!,한 손 가득 찬다!,c
train_4871.jpg,train/train_4871.jpg,2026학년도 서울대학교 합격을 축하하는 학원이 가르치는 과목은 무엇인가요?,컴퓨터공학과,사법대학 생물교육과,법학과 경제학과,국어국문학과,b
train_4873.jpg,train/train_4873.jpg,이 사진에 보이는 가게 이름은 무엇인가요?,HOT DOGS,THE BOUTIQUE,SHAKE SHACK,SCREEN 101-105,c
train_4874.jpg,train/train_4874.jpg,이 건물 4층에 있는 병원 이름은 무엇인가요?,담덕치과,동광솔밥,서울S치과,정형외과,c
train_4875.jpg,train/train_4875.jpg,다음 중 훈민가에 적힌 내용이 아닌 것은 무엇인가요?,이내 몸은 삼근 놋의 벗 조디 유솟신이라,더불어 가르친 연수 문은 덕을,어머니 날 기르시니 아버님 날 나으시고,사람들이 어른을 일흔 자라 무소불갖곳같 벽위밥 먹이나 다르라,d
train_4876.jpg,train/train_4876.jpg,이 사진에 보이는 지하철 출입구 번호는 무엇인가요?,7,5,9,3,b
train_4877.jpg,train/train_4877.jpg,메뉴판에 따르면 '코코넛 커피 스무디'의 가격은 얼마인가요?,3.5,4.0,4.8,3.9,c
train_4878.jpg,train/train_4878.jpg,오대양수산에서 환영하는 결제 수단으로 올바른 것은 무엇인가요?,현금만 가능,온라인 결제만 가능,"온누리 상품권, 전자카드, 각종 카드",카드 결제 불가,c
train_4879.jpg,train/train_4879.jpg,사진에 보이는 커피 컵에 적힌 커피 브랜드 이름은 무엇인가요?,DUNKIN' DONUTS,BALZACS COFFEE ROASTERS,BLUE BOTTLE COFFEE,STARBUCKS COFFEE,b
train_4880.jpg,train/train_4880.jpg,이 마우스 패드에 적힌 문구 중 올바른 문장은 무엇인가요?,Let's Grow Together!,Let's Grow Alone!,Let's Grow Fast!,Let's Grow Strong!,a
train_4881.jpg,train/train_4881.jpg,문에 붙어 있는 주의문구가 무엇을 경고하고 있나요?,문 손잡이 주의!,문 열림 주의!,문 닫힘 주의!,문 잠금 주의!,b
train_4883.jpg,train/train_4883.jpg,이 건물에 입주해 있는 네일샵의 이름은 무엇인가요?,HAPPYNIAN,강서플라밍센터,에일린네일,봄빛정신과,c
train_4885.jpg,train/train_4885.jpg,사진에 보이는 대학교의 이름은 무엇인가요?,고려대학교,국민대학교,한양대학교,연세대학교,b
train_4886.jpg,train/train_4886.jpg,이 건물에 있는 식당 '싸고 맛있는 대패'에서 메뉴로 제공하지 않는 것은 무엇인가요?,불고기,대패삼겹살,제육덮밥,냉동삼겹살,a
train_4887.jpg,train/train_4887.jpg,소화전 사용 방법 중 첫 번째 단계는 무엇인가요?,불 끄기,호스 빼내기,밸브 닫기,밸브 열기,b
train_4888.jpg,train/train_4888.jpg,스크린에 나온 LED.ART 서비스가 제공하는 주요 기능은 무엇인가요?,실시간 뉴스와 날씨 정보를 제공하는 서비스,"오피스, 쇼핑몰, 라운지 등의 공간을 감각적인 영상으로 바꿔주는 서비스",영화관 내 좌석 예약과 결제 시스템,영화 상영 전 광고를 자동으로 삽입해 주는 서비스,b
train_4889.jpg,train/train_4889.jpg,사진 속 간판에 적힌 게임 회사 이름은 무엇인가요?,CAPCOM,SQUARE ENIX,NINTENDO,BLIZZARD ENTERTAINMENT,d
train_4890.jpg,train/train_4890.jpg,이미지에 나온 '초당옥수수볼'의 가격은 얼마인가요?,"1,900원","6,000원","3,400원","3,900원",c
train_4891.jpg,train/train_4891.jpg,왼쪽 그림에서 곰이 들고 있는 케이크 위에는 어떤 것이 놓여 있나요?,초,초콜릿,사과,딸기,a
train_4892.jpg,train/train_4892.jpg,이 장소에서 와이파이 비밀번호는 무엇인가요?,00000555,Wi-Fi,seraneye,주차권 지참 후,a
train_4893.jpg,train/train_4893.jpg,이 사진에 보이는 간판의 상호명은 무엇인가요?,UNIQLO,H&M,GUCCI,ZARA,a
train_4894.jpg,train/train_4894.jpg,사진 속 앨범 중 'Delight' 앨범의 가격은 얼마인가요?,30000원,15000원,25000원,20000원,d
train_4896.jpg,train/train_4896.jpg,사진 속 'Salady' 간판 아래에 적힌 전화번호는 무엇인가요?,T.822.7999,T.828.7299,T.822.7290,T.822.7299,d
train_4897.jpg,train/train_4897.jpg,이 건물에 있는 한의원의 전화번호는 무엇인가요?,(010) 5555-5555,(02) 123-4567,(031) 987-6543,(02) 465-1075,d
train_4898.jpg,train/train_4898.jpg,이 이미지에 적힌 글자 중에서 한국어로 된 단어는 무엇인가요?,Pynchon,모던쏘이,Nietzsche,HARUKI,b
train_4899.jpg,train/train_4899.jpg,이 시계는 몇 시 몇 분을 가리키고 있나요?,11시 57분,11시 55분,12시 05분,12시 00분,a
train_4903.jpg,train/train_4903.jpg,이 케이크 상자에 적혀 있는 브랜드 이름은 무엇인가요?,썬오시당,빚은,파리바게뜨,뚜레쥬르,a
train_4905.jpg,train/train_4905.jpg,이 사진 속 간판에 적힌 장소의 이름은 무엇인가요?,부산시립미술관,영화의 전당,해운대 해수욕장,부산역,b
train_4906.jpg,train/train_4906.jpg,"이 버스정류장에 붙어있는 안내문에 따르면, 6000번 노선의 운행 상태는 어떻게 되었나요?",노선이 완전히 폐지되었다,운행 시간이 연장되었다,임시운행중단 되었다,정상적으로 운행 중이다,c
train_4907.jpg,train/train_4907.jpg,이 진열대에서 베이킹파우더의 가격은 얼마인가요?,500원,740원,650원,300원,c
train_4908.jpg,train/train_4908.jpg,LLM Correction Engine에서 'Action 02'는 무엇을 의미합니까?,삭제(DELETE),재작성(REPLACE),검증(VERIFY),향상(ENHANCE),d
train_4909.jpg,train/train_4909.jpg,이 가게 간판에 적힌 상호명은 무엇인가요?,Ondit,Ondet,Ondat,Onlit,a
train_4911.jpg,train/train_4911.jpg,이미지에 있는 파란색 열쇠고리에 적혀 있는 글자는 무엇인가요?,행복,사랑,행운,용기,d
train_4912.jpg,train/train_4912.jpg,이 이미지에 나온 닭가슴살 제품의 브랜드 이름은 무엇인가요?,햇반,사조안심,샐러드마일드,결명자,b
train_4914.jpg,train/train_4914.jpg,"복날에 장어를 먹으러 이 식당에 간다면, 장어 1인분 가격은 얼마인가요?","25,000원","16,000원","13,000원","20,000원",a
train_4916.jpg,train/train_4916.jpg,사진 속 간판에 적힌 음식 메뉴는 무엇인가요?,바로 돈까스,바로 김밥,바로 라면,바로 떡볶이,a
train_4917.jpg,train/train_4917.jpg,이 가게 벽에 붙어 있는 안내문에서 '착한가게'가 실천하는 나눔의 대상은 누구인가요?,어린이,장애인,노숙자,독거어르신,d
train_4918.jpg,train/train_4918.jpg,이 책 제목 '냉장의 세계'에 대한 설명으로 맞는 것은 무엇인가요?,냉장고 사용법과 유지 관리에 관한 안내서,"인류의 식탁, 문화, 건강을 지배해온 차가움의 변천사",냉장고 제조 회사의 연혁과 제품 소개,냉장고 수리와 관련된 기술 매뉴얼,b
train_4919.jpg,train/train_4919.jpg,지하철 화면에 표시된 목적지는 어디인가요?,서울역행,강남행,용산행,인천행,c
train_4920.jpg,train/train_4920.jpg,사진에 보이는 'BEST' 섹션에 해당하는 보드게임의 이름은 무엇인가요?,맘마미아,버거슬램,보난자,달무티,d
train_4921.jpg,train/train_4921.jpg,사진 속에 보이는 타워에 적힌 문구는 무엇인가요?,日本の串かつ?綱,社?イノベ?ションの日,味てっちり,安うて何でも旨い,b
train_4922.jpg,train/train_4922.jpg,경희영춘한의원이 위치한 층은 몇 층인가요?,1층,3층,2층,4층,b
train_4923.jpg,train/train_4923.jpg,이 사진 속 '똥 눌 때 보는 신문'의 누적판매 부수는 얼마인가요?,30만부,20만부,40만부,10만부,b
train_4925.jpg,train/train_4925.jpg,이 음료수의 이름은 무엇인가요?,딸기 우유,바닐라 라떼,초코 우유,가나디 바나나우유,d
train_4926.jpg,train/train_4926.jpg,이 제품의 주요 기능 중 하나는 무엇인가요?,타이어 공기압 측정,차량 배터리 충전,초미세먼지 제거,자동차 엔진 오일 교환,c
train_4927.jpg,train/train_4927.jpg,이 매장의 1번 구역에는 어떤 종류의 식품이 진열되어 있나요?,유제품류,커피 차류,과자류,간장 고추장류,d
train_4933.jpg,train/train_4933.jpg,사진에 보이는 간판 중에서 지하에 위치한 곳은 어디인가요?,카공족,다빈치 약국,나이스 노래방,당구장,c
train_4934.jpg,train/train_4934.jpg,베트남 쌀국수 간판에 적힌 문구 중 올바른 내용은 무엇인가요?,"베트남 쌀국수, 매운 국물 맛!","베트남 쌀국수, 따뜻하고 깊은 국물 맛!","베트남 쌀국수, 차가운 국물 맛!","베트남 쌀국수, 달콤한 국물 맛!",b
train_4935.jpg,train/train_4935.jpg,이 식당의 이름은 무엇인가요?,일품 한식당,양평 해장국집,일품 양평 해장국,명품 양평 해장국,c
train_4936.jpg,train/train_4936.jpg,이미지 속 나주배 한 상자의 할인된 가격은 얼마인가요?,"79,900원","69,900원","59,900원","49,900원",c
train_4938.jpg,train/train_4938.jpg,사진에 보이는 건물의 간판 중에서 'GiGO'라는 글자가 적혀 있는 간판은 어느 색상 배경에 위치해 있나요?,파란색 배경,노란색 배경,초록색 배경,빨간색 배경,d
train_4939.jpg,train/train_4939.jpg,이 건물의 7층에 위치한 상무영업국 유니베라의 전화번호는 무엇인가요?,374-8434,382-0275,451-1008,373-0058,d
train_4940.jpg,train/train_4940.jpg,KITCHEN 1 식단에 포함되지 않은 메뉴는 무엇인가요?,마늘종멸치볶음,짬뽕볶음밥,돈육고추장불고기,쑥갓어묵국,b
train_4941.jpg,train/train_4941.jpg,햇반 렌틸콩 현미밥 한 개(190g)에는 단백질이 몇 그램 포함되어 있나요?,17g,4g,13.3g,11.7g,d
train_4942.jpg,train/train_4942.jpg,이 수족관 설명문에 따르면 쥐치가 위험을 느끼면 하는 행동은 무엇인가요?,입을 크게 벌린다,빠르게 도망친다,긴 등지느러미 가시를 세워 바위 등에 몸을 고정한다,몸 색깔을 바꾼다,c
train_4944.jpg,train/train_4944.jpg,이 간판에 적힌 역 이름은 무엇인가요?,추억역,남춘천,미래역,춘천역,b
train_4946.jpg,train/train_4946.jpg,이 상자의 제품명은 무엇인가요?,찌마신,에스프레소,삼성청년SW·사이카드(인턴),청춘라떼,c
train_4947.jpg,train/train_4947.jpg,이 건물의 이름은 무엇인가요?,호텔 프린스,호텔 팔레스,호텔 팰리스,모텔 팰리스,c
train_4948.jpg,train/train_4948.jpg,이 건물에 있는 병원 중 4층에 위치한 병원의 이름은 무엇인가요?,피부사랑의원,소연산부인과,일야간진료,에스(S)리더치과병원,b
train_4949.jpg,train/train_4949.jpg,사진 속 위스키 병의 브랜드 이름은 무엇인가요?,Macallan,Johnnie Walker,Glenfiddich,Chivas Regal,c
train_4950.jpg,train/train_4950.jpg,해커스 한권토익 책 시리즈 중 800점 이상을 목표로 하는 책은 무엇인가요?,해커스 토익 900+,해커스 토익 700+,해커스 토익 800,해커스 토익 600,c
train_4952.jpg,train/train_4952.jpg,이 사진에 보이는 역 이름은 무엇인가요?,대전역,서울역,포항역,부산역,c
train_4953.jpg,train/train_4953.jpg,"이 출입문에 적힌 안내문에 따르면, 매주 어느 날이 휴관일인가요?",매주 월요일,매주 수요일,매주 화요일,매주 목요일,a
train_4954.jpg,train/train_4954.jpg,사진 속 과자의 맛은 무엇인가요?,바닐라 크림,레몬 버터,딸기 크림,초콜릿,b
train_4955.jpg,train/train_4955.jpg,이 문서에서 'Precision(정밀도)'와 관련된 설명으로 옳은 것은 무엇인가요?,정밀도는 전체 데이터 중 거짓으로 예측한 것의 비율이다.,정밀도는 전체 데이터 중 참으로 예측한 것의 비율이다.,정밀도는 참으로 예측한 것 중 실제로 참인 것의 비율이다.,정밀도는 참으로 예측한 것 중 실제로 거짓인 것의 비율이다.,c
train_4956.jpg,train/train_4956.jpg,빵이 나오는 시간에 해당하지 않는 것은 무엇인가요?,15:00,10:00,13:00,18:00,d
train_4957.jpg,train/train_4957.jpg,사진 속 가게 '두리안제국'의 간판에 적힌 전화번호는 무엇인가요?,010-5558-8334,010-5558-8335,010-5558-8333,010-5558-8336,d
train_4958.jpg,train/train_4958.jpg,사진 속 와인 프로모션 메뉴에서 레이프-라이닝거 리슬링 와인의 가격은 얼마인가요?,"130,000원","120,000원","100,000원","150,000원",a
train_4959.jpg,train/train_4959.jpg,책장에 꽂혀 있는 책들 중 'FINANCIAL ACCOUNTING'의 판수는 무엇인가요?,Twelfth Edition,Seventh Edition,Fourteenth Edition,11th Edition,b
train_4960.jpg,train/train_4960.jpg,이 건물의 간판에 적힌 이름은 무엇인가요?,望月湖?店,?月湖酒店,望月湖酒?,望月湖??,c
train_4962.jpg,train/train_4962.jpg,이 공영주차장에서는 얼마 동안 주차할 때 200원을 내야 하나요?,40분,20분,30분,10분,d
train_4963.jpg,train/train_4963.jpg,이 가게 간판에 적힌 글자는 무엇인가요?,Nice to 만두,Nice to 씨유,Hello 씨유,Good to 씨유,b
train_4964.jpg,train/train_4964.jpg,이 지하주차장 입구에 적힌 주차장 이름은 무엇인가요?,경남아파트 상가,경남아파트 지하주차장,유료주차장,역삼경남아파트,d
train_4965.jpg,train/train_4965.jpg,이 건물이 위치한 도로의 이름은 무엇인가요?,삼성로,테헤란로,강남대로,역삼로,b
train_4966.jpg,train/train_4966.jpg,사진 속 연세 두유 팩에 적힌 두유의 맛은 무엇인가요?,부드러운 초코,상큼한 딸기,달콤한 바나나,고소한 아몬드 & 잣,d
train_4967.jpg,train/train_4967.jpg,이 전시 공간에서 소개하는 삼성청년SW아카데미(SSAFY)의 비전 슬로건은 무엇인가요?,코딩으로 세상을 바꾸다,함께가요 미래로! Enabling People,"미래를 여는 힘, SSAFY",삼성과 함께하는 청년의 꿈,b
train_4969.jpg,train/train_4969.jpg,이미지 속 안내 문구에 따르면 어떤 행동을 하지 말아야 하나요?,큰 소리로 떠들지 말아주세요,앞 뒤 자리를 차지 말아주세요,휴대폰 사용을 금지합니다,음식을 먹지 말아주세요,b
train_4970.jpg,train/train_4970.jpg,이 건물 옥상에 적혀 있는 병원 이름 중 올바른 것은 무엇인가요?,한강정형외과,항외과의원,서울치과의원,강남내과의원,b
train_4971.jpg,train/train_4971.jpg,이 비행기의 출발 목적지는 어디입니까?,PARIS,TOKYO,NEW YORK,ROMA,d
train_4972.jpg,train/train_4972.jpg,이 사진에서 보이는 카페 이름은 무엇인가요?,A TWOSOME PLACE,HOLLYS COFFEE,CAFE PASCUCCI,STARBUCKS,a
train_4974.jpg,train/train_4974.jpg,다음 중 사진에 보이는 위스키 병에 적힌 숙성 연수(aged years)가 아닌 것은 무엇인가요?,15년,8년,10년,12년,d
train_4975.jpg,train/train_4975.jpg,이 사진에서 볼 수 있는 행사의 이름은 무엇인가요?,The Seoul Illustration Fair,Korea Art Expo,Seoul Book Festival,Seoul Design Market,a
train_4976.jpg,train/train_4976.jpg,이 건물 내 CCTV가 운영되는 시간은 언제인가요?,오전 7시부터 오후 10시까지,오후 6시부터 오전 9시까지,24시간,오전 9시부터 오후 6시까지,c
train_4977.jpg,train/train_4977.jpg,'HUSS 융합캠프 해커톤 결선 진출팀' 명단에서 J3 테이블에 배정된 팀 이름은 무엇인가요?,다우미,씽크로드,모이USB,기억상점,c
train_4978.jpg,train/train_4978.jpg,PC학과시험 2교시 시험 시간은 몇 시부터 몇 시까지인가요?,09:00~11:00,09:00~13:00,10:10~15:30,13:00~17:00,d
train_4979.jpg,train/train_4979.jpg,이 문에 적힌 '통제구역' 표지판 아래에 적힌 내용은 무엇인가요?,출입 자유,고객 출입 가능,직원 출입 가능,관계자 외 출입금지,d
train_4982.jpg,train/train_4982.jpg,이 표지판에 적힌 내용은 무엇인가요?,냉난방중에는 창문을 닫아주시기 바랍니다.,쓰레기는 정해진 장소에 버려 주세요.,문을 열고 나가실 때 조심하세요.,화장실 사용 후에는 손을 씻어 주세요.,a
train_4983.jpg,train/train_4983.jpg,사진에 보이는 음식점의 짜장면 가격은 얼마인가요?,"5,500원","6,000원","3,500원","4,000원",d
train_4984.jpg,train/train_4984.jpg,대전캠퍼스 셔틀 2호차의 출발 시간은 언제인가요?,7:43,7:50,7:37,7:45,a
train_4987.jpg,train/train_4987.jpg,이 가게의 간판에 적혀 있는 가게 이름은 무엇인가요?,OLDIES,TACOS,VARIOUS DRINKS,평균율 Listening bar,a
train_4989.jpg,train/train_4989.jpg,이미지 속 우표 그림에 적힌 문구는 무엇인가요?,WELCOME TO SEOUL,BON VOYAGE,HAVE A NICE DAY,HAPPY HOLIDAY,b
train_4990.jpg,train/train_4990.jpg,하얀 쟁반 위에 놓인 물건들 중에서 'BROWN'이라는 글자가 적혀 있는 것은 무엇인가요?,종이 상자,플라스틱 통,물티슈,간식 봉지,c
train_4991.jpg,train/train_4991.jpg,이 가게의 영업 시작 시간은 언제인가요?,오후 11시,오후 1시,오전 9시,오전 11시,d
train_4992.jpg,train/train_4992.jpg,이 거리에서 볼 수 있는 '노래방' 간판의 색깔은 무엇인가요?,파란색,빨간색,초록색,노란색,a
train_4994.jpg,train/train_4994.jpg,건물 1층에 위치한 커피숍의 이름은 무엇인가요?,가무아미타불,MONSTER COFFEE,구미 관광 주식회사,아이엔짐,b
train_4996.jpg,train/train_4996.jpg,사진 속 건물의 간판에 적힌 '직원모집' 관련 안내사항으로 올바른 것은 무엇인가요?,홀 주방,주방,사무실,홀,a
train_4997.jpg,train/train_4997.jpg,마우스 패드에 적힌 'SSAFY'는 무엇의 약자인가요?,Samsung Software And AI Foundation,Smart Software Academy For Youth,Super Software Academy For Youth,Samsung SW Academy For Youth,d
train_4998.jpg,train/train_4998.jpg,이 안내판에 적힌 내용은 무엇입니까?,춘천숲체원 입장료 안내,국립공원 관리사무소 안내,국립 춘천숲체원 방문을 환영합니다,춘천시립도서관 입구입니다,c
train_4999.jpg,train/train_4999.jpg,왼쪽 종이에 적힌 문구는 무엇인가요?,도착하는 단어 마음보다 먼저,시 한 편의 잔영 하루의 온도를 바꾸는,오늘의 메뉴는 무엇인가요?,행복을 주는 말 한마디,a
train_5001.jpg,train/train_5001.jpg,노란색 트럭에 적힌 회사 이름은 무엇인가요?,간식24,스낵24,행복24,스낵플러스,b
train_5002.jpg,train/train_5002.jpg,재활용품 교환 시 필요한 페트병 개수는 몇 개인가요?,20개,30개,15개,10개,b
train_5003.jpg,train/train_5003.jpg,베트남 쌀국수 메뉴 중 소고기 쌀국수의 가격은 얼마인가요?,"7,500원","8,000원","6,000원","5,000원",d
train_5004.jpg,train/train_5004.jpg,이 식당 골목에서 주로 판매하는 음식은 무엇인가요?,피자,초밥,삼겹살,햄버거,c
train_5005.jpg,train/train_5005.jpg,이 건물의 간판에 적힌 주요 상품은 무엇인가요?,음식 배달 전문,전자제품 판매점,자동차 세차 서비스,네비게이션 및 블랙박스 전문,d
train_5006.jpg,train/train_5006.jpg,이 식당이 미쉐린 가이드에 처음 등장한 해는 언제인가요?,2025,2022,2024,2023,b
train_5007.jpg,train/train_5007.jpg,이 건물에 입주해 있는 병원 중 14층에 위치한 곳은 어디인가요?,우앤미의원,톡스앤필의원,닥터미성형외과,내과의원,a
train_5008.jpg,train/train_5008.jpg,이 가게에서 '인터넷TV'와 '알뜰폰' 또는 '가전렌탈'을 계약할 때 지원받을 수 있는 최대 현금 지원금은 얼마인가요?,48만원,40만원,60만원,30만원,b
train_5010.jpg,train/train_5010.jpg,이 미용실 간판에 적힌 서비스 중 포함되지 않은 것은 무엇인가요?,드라이,염색,컷트,파마,b
train_5011.jpg,train/train_5011.jpg,이 건물에 입주한 학원 중 배드민턴 전문 학원의 이름은 무엇인가요?,신호제일합기도,proto,헬스 요가 필라테스 PT,스킬트레이닝센터,d
train_5012.jpg,train/train_5012.jpg,이 도로 표지판 아래쪽의 안내문에 적힌 거리는 얼마인가요?,250m,500m,350m,150m,c
train_5013.jpg,train/train_5013.jpg,이 사진 속 붕대 제품 상자에 적힌 붕대의 총 매수는 몇 매인가요?,23매,30매,10매,15매,a
train_5014.jpg,train/train_5014.jpg,이 매장에서 판매하는 '?利抹茶ミルク' 170g 제품의 세금 포함 가격은 얼마인가요?,?478 (?516 포함 세금),?298,?498 (?537 포함 세금),?548,c
train_5015.jpg,train/train_5015.jpg,이 골목 입구에 붙어 있는 표지판에서 3층에 위치한 업소는 무엇인가요?,WONDER(O)US,애플원룸,대양산업,샨티풀 요가,d
train_5016.jpg,train/train_5016.jpg,이 사진에 보이는 문구방의 전화번호는 무엇인가요?,T.1234-5678,T.3452-4482,T.9876-5432,T.0000-1111,b
train_5017.jpg,train/train_5017.jpg,이 게임 결과 화면에서 '플레이어' 이름과 함께 표시된 정보가 아닌 것은 무엇인가요?,Deaths,Kills,Level,Accuracy,c
train_5018.jpg,train/train_5018.jpg,이 교통 표지판에 적힌 '양보'의 의미로 알맞은 것은 무엇인가요?,정지 후 출발하는 것,속도를 높이는 것,다른 차량에게 우선권을 주는 것,길을 먼저 건너는 것,c
train_5019.jpg,train/train_5019.jpg,사진 속 부동산 간판에 적힌 전화번호는 무엇인가요?,010-2544-0205,442-8948,010-2544-0204,442-8949,d
train_5020.jpg,train/train_5020.jpg,신호등 위에 있는 표지판에 적힌 문구는 무엇인가요?,직진만 가능,우회전 금지,좌회전 금지,직진후 좌회전,d
train_5021.jpg,train/train_5021.jpg,이 사진에 보이는 지하철 출입구는 몇 번 출입구인가요?,4번 출입구,3번 출입구,1번 출입구,2번 출입구,d
train_5023.jpg,train/train_5023.jpg,이 사진 속 전광판에 표시된 역 이름은 무엇인가요?,Gangnam(Seolleung),Gangnam(Yeoksam),Gangnam(Haruplan),Gangnam(Sinsa),c
train_5024.jpg,train/train_5024.jpg,이 사진 속 금연 안내문에 적힌 내용 중 옳은 것은 무엇인가요?,괜찮은 담배는 없습니다,담배는 스트레스 해소에 도움이 됩니다,담배는 건강에 좋습니다,흡연은 선택사항입니다,a
train_5026.jpg,train/train_5026.jpg,이 편의점의 이름은 무엇인가요?,7-Eleven,GS25,FamilyMart,CU,c
train_5027.jpg,train/train_5027.jpg,선비꼬마김밥에서 진행하는 포토네컷 콘테스트에서 1등에게 주어지는 신세계 상품권 금액은 얼마인가요?,30만원,50만원,100만원,10만원,b
train_5028.jpg,train/train_5028.jpg,이 사진 속 자전거가 주차된 곳은 어디인가요?,자전거 거치대,산책로 입구,버스 정류장,자동차 주차장,a
train_5029.jpg,train/train_5029.jpg,사진 속 '열광집' 간판에 적힌 설명 중 올바른 내용은 무엇인가요?,30년 전통의 맛집,27년 이어온 손맛 직화낙지·열광보쌈,신선한 해산물 제공,대한민국 No.1 통골뱅이 전문점,b
train_5031.jpg,train/train_5031.jpg,이 사진에 보이는 포테이토칩의 가격은 얼마인가요?,"1,500원","1,700원","2,500원","2,000원",b
train_5033.jpg,train/train_5033.jpg,이미지 속 병에 적힌 제품명은 무엇인가요?,에너지 부스터,멀티비타민 슈퍼샷,면역 강화제,비타민C 플러스,b
train_5038.jpg,train/train_5038.jpg,이 아파트 단지의 이름은 무엇인가요?,원일휴튼 3단지,원일휴튼 2단지,원종휴튼 2단지,원종휴튼 3단지,d
train_5039.jpg,train/train_5039.jpg,이 가게 간판에 적힌 전화번호는 무엇인가요?,123-4567,010-0000-0000,031-999-8888,743-2814,d
train_5041.jpg,train/train_5041.jpg,이 그림에서 'MERRY CHRISTMAS'라는 글씨는 어떤 색으로 쓰여 있나요?,빨간색,파란색,노란색,초록색,a
train_5042.jpg,train/train_5042.jpg,사진에 보이는 노란색 구조물에 적혀 있는 문구는 무엇인가요?,토끼마을 입구,토끼와 친구 되기,토끼와 함께 걷는 감성산책,우리 동네 토끼마을,c
train_5043.jpg,train/train_5043.jpg,이 광고에서 '압구정 탑라인'이 보유하고 있는 지방흡입 케이스는 몇 건 이상이라고 적혀 있나요?,3만 건 이상,5만 건 이상,4만 건 이상,2만 건 이상,c
train_5044.jpg,train/train_5044.jpg,이 사진 속에 보이는 '사진관'의 이름은 무엇인가요?,아쿠아,노래,까부,지그시,d
train_5045.jpg,train/train_5045.jpg,이 식당의 이름은 무엇인가요?,우물집,한식당,현대식당,맛있는집,a
train_5046.jpg,train/train_5046.jpg,이 식당의 이름은 무엇인가요?,면사무소,국수나무,나무국수,국수집,b
train_5048.jpg,train/train_5048.jpg,이 샌드위치 포장지에 적힌 문구 중 올바른 것은 무엇인가요?,"It's time, eat sandw","It's time, eat sand","It's time, eat sandd","It's time, eat hand",b
train_5049.jpg,train/train_5049.jpg,이 사진 속 두 가게 간판에 적힌 상호명으로 옳은 것은?,"아름다운 미용실, 와플대학","아름다운 헤어, 와플대학","아름다운 미용실, 와플하우스","아름다운 헤어, 와플하우스",b
train_5050.jpg,train/train_5050.jpg,이 셔츠의 가격은 얼마인가요?,"59,900원","49,900원","29,900원","39,900원",d
train_5051.jpg,train/train_5051.jpg,"이 쿨팩 사용법에 따르면, 물봉지를 어떻게 해야 하나요?",물봉지를 냉장고에 넣어 차갑게 만든다,물봉지를 주머니에서 꺼내 그대로 사용한다,물봉지를 뜨거운 물에 담근다,주머니 안에 있는 물봉지를 주먹으로 강하게 쳐서 터뜨린다,d
train_5052.jpg,train/train_5052.jpg,이 지하철역 표지판에 적힌 역 이름은 무엇인가요?,강남,역삼 (센터필드),역삼 (강남),선릉,b
train_5053.jpg,train/train_5053.jpg,이 건물 3층에 있는 상호명은 무엇인가요?,스시야안,The 와치,MUS - MAN'S SHOP,코믹스 그라운드 3F,c
train_5055.jpg,train/train_5055.jpg,이 위스키 병 라벨에 적힌 제품명은 무엇인가요?,Yamazaki Whisky,Nikka Whisky,Suntory Whisky,Hakushu Whisky,c
train_5057.jpg,train/train_5057.jpg,사진 속 우마이식당에서 판매하는 대표 메뉴는 무엇인가요?,떡볶이,비빔밥,소고기 불초밥,해물파전,c
train_5058.jpg,train/train_5058.jpg,보드게임카페 노리터에서 제공하는 닌텐도 기기의 수량은 몇 대인가요?,6대,6000대,600대,60대,d
train_5059.jpg,train/train_5059.jpg,사진 속 건물에 적힌 아파트 단지 이름은 무엇인가요?,래미안,더샵,자이,힐스테이트,d
train_5060.jpg,train/train_5060.jpg,사진 속 상호명은 무엇인가요?,탕후루,심화과정,복구클럽,승한용,a
train_5061.jpg,train/train_5061.jpg,이 휴게실에서 근무자가 개인 식품을 보관할 때 반드시 해야 하는 것은 무엇인가요?,휴게실 문을 열어 둔다,개인 식품을 자유롭게 보관한다,유통기한과 상관없이 보관한다,근무자 취식 식품 사인을 부착한다,d
train_5062.jpg,train/train_5062.jpg,이 광고문에서 LG 바스에어 시스템 특별행사와 관련된 서비스가 아닌 것은 무엇인가요?,무료 설치 서비스 제공,위생 케어 및 내/외부 토탈클리닝,필터 교체 및 클리닝,제품 성능점검 및 무상 A/S,a
train_5063.jpg,train/train_5063.jpg,이 식당의 간판에 적힌 전화번호는 무엇인가요?,1974-0050,50-1974,0094-764,764-0094,d
train_5064.jpg,train/train_5064.jpg,이 사진 속 '짐캐리' 매장에서 제공하는 서비스가 아닌 것은 무엇인가요?,음식 배달,포장,배송,보관,a
train_5065.jpg,train/train_5065.jpg,백색 칠판에 적힌 실험 주제는 무엇인가요?,맑은 NaCl과 CO2를 활용한 고순도 Na2CO3 제조,맑은 Na2SO4와 CO2를 활용한 고순도 Na2CO3 제조,맑은 Na2SO4와 O2를 활용한 고순도 Na2CO3 제조,맑은 NaCl과 O2를 활용한 고순도 Na2CO3 제조,b
train_5066.jpg,train/train_5066.jpg,이 가게의 전문 음식은 무엇인가요?,김치찌개,손칼국수,불고기,비빔밥,b
train_5067.jpg,train/train_5067.jpg,이 세면대 위에 놓인 세제의 브랜드 이름은 무엇인가요?,요리왕,깨끗한,참그린,청소박사,c
train_5068.jpg,train/train_5068.jpg,사진 속 버스 정류장 바닥에 적힌 '5001B' 노선에 관한 안내문 내용은 무엇인가요?,오전에는 반대편에서 탑승,5001B 노선은 오후에만 운행,5001B는 시내버스 노선이다,하차는 반대편에서만 가능,a
train_5069.jpg,train/train_5069.jpg,이 건물 3층에는 어떤 종류의 가게가 있나요?,"오락기기, 노래방기기, 전자학원, 액자그림, 세무사사무소, 약품포장기기, 전자부품, 다방","오락기기, 노래방기기, 키판, 완구류, 캐릭터 다방","음향기기, 조명기구, 전화기기, 오락기기, 가전제품, 카메라, 냉·난방기구(부품)","노래방기기, 오락기기, 액자, 컴퓨터기기, 전화기기, 통신기기, 음식백화점, 다방",d
train_5070.jpg,train/train_5070.jpg,사진 속 과자 중 'Chio' 브랜드에서 판매하는 맛은 무엇인가요?,Red Paprika,Bacon,Salsa Chili Flavour,Seaweed,a
train_5071.jpg,train/train_5071.jpg,이 사진에 보이는 안내판에 적힌 문구는 무엇인가요?,SEOUL STATION EXPRESS,KTX HIGH SPEED TRAIN,BUSAN METRO LINE,BTS THE CITY ARIRANG BUSAN,d
train_5072.jpg,train/train_5072.jpg,이 이미지에 보이는 그래픽 카드 박스의 모델명은 무엇인가요?,GEFORCE RTX 4080,GEFORCE RTX 3080,GEFORCE RTX 3070,GEFORCE RTX 4090,d
train_5073.jpg,train/train_5073.jpg,"이 이미지 속 '공기살균케어' 안내문에 따르면, 세스코 공기살균기는 어떤 목적으로 가동 중인가요?",소음을 줄이기 위해 가동 중이다,공기 중 세균과 바이러스 케어를 위해 가동 중이다,건물 내 환기 시스템을 대체하기 위해 가동 중이다,화재 발생 시 경보를 울리기 위해 가동 중이다,b
train_5074.jpg,train/train_5074.jpg,'의료기기 바른 생각 슬림스핏 트핏 2P'의 세일 가격은 얼마인가요?,"7,510원","11,900원","10,470원","4,660원",c
train_5075.jpg,train/train_5075.jpg,이 게시물에서 구직 공고로 나와 있지 않은 직업은 무엇인가요?,공장작업원,과자역 배우,할머니,운동선수,d
train_5077.jpg,train/train_5077.jpg,"이 표지판에 따르면, 이 부지의 사용 목적은 무엇인가요?",부산시 문화 행사,녹산산단 바른어린이집 운영,주차장 설치,강서구 송정동 개발,b
train_5078.jpg,train/train_5078.jpg,이 건물에 입주해 있는 의료 기관 중 '신경과·통증의학과·정형외과'가 위치한 층은 어디인가요?,3층,2층,4층,1층,a
train_5079.jpg,train/train_5079.jpg,유니클로에서 판매하는 선글라스의 가격은 얼마인가요?,"19,900원","49,900원","29,900원","39,900원",c
train_5080.jpg,train/train_5080.jpg,이 건물에 입주한 병원의 이름은 무엇인가요?,참편한요양병원,참건강요양병원,건강한재활병원,우리재활병원,a
train_5083.jpg,train/train_5083.jpg,이미지 속에 적힌 저작권 문구에 나오는 이름은 무엇인가요?,PARKNYAM,PARKNYAN,PARKNAM,PARKNYAM™,a
train_5084.jpg,train/train_5084.jpg,이 간판에 적힌 음식 메뉴에 포함되지 않은 것은 무엇인가요?,김치볶음밥,된장찌개,신라면,김치찌개,b
train_5085.jpg,train/train_5085.jpg,이 사진에서 벚꽃이 핀 나무가 있는 장소는 언제 촬영된 것일까요?,새벽에 촬영되었다,낮에 촬영되었다,저녁에 촬영되었다,오후에 촬영되었다,c
train_5086.jpg,train/train_5086.jpg,이 건물 2층에 있는 상호명은 무엇인가요?,한라신협,삼성전자,디자인 수목,스타벅스,c
train_5087.jpg,train/train_5087.jpg,사진에 보이는 버스 뒷면에 적힌 회사 이름은 무엇인가요?,S BUS,T BUS,R BUS,K BUS,c
train_5088.jpg,train/train_5088.jpg,이 건물의 상호명은 무엇인가요?,다이소,이마트,롯데마트,홈플러스,a
train_5089.jpg,train/train_5089.jpg,이미지 속 텍스트에 따르면 '우리'가 기념하는 날은 몇 일째인가요?,365일,500일,380일,811일,d
train_5090.jpg,train/train_5090.jpg,이 사진에서 보이는 파란색 도로 표지판에 적힌 길 이름은 무엇인가요?,명지로50번길,명지로60번길,명지로70번길,명지로80번길,b
train_5091.jpg,train/train_5091.jpg,'초랑할매쭈꾸미'에서 쭈꾸미를 맛있게 먹는 방법 중 '쭈꾸미 샤브샤브'에서 첫 번째로 해야 하는 것은 무엇인가요?,범무와 양배추잎을 올려라,꽃잎 위에 김을 한장 올려라,육수가 끓으면 쭈꾸미를 넣어라,쭈꾸미를 장기능이나 볶음소스에 듬뿍 찍어 먹어라,c
train_5093.jpg,train/train_5093.jpg,이 버스 정류장에서 금연 구역으로 지정된 범위는 어느 정도인가요?,30m 이내,5m 이내,10m 이내,20m 이내,c
train_5094.jpg,train/train_5094.jpg,이 약국 간판에 적힌 전화번호는 무엇인가요?,02-553-6902,031-123-4567,02-530-7890,02-555-1234,a
train_5095.jpg,train/train_5095.jpg,이 식당의 상호명은 무엇인가요?,해성집,생생송투데이,알탕,삼숙이탕,a
train_5096.jpg,train/train_5096.jpg,이 제품의 가격은 얼마인가요?,"30,000원","25,000원","15,500원","27,990원",d
train_5097.jpg,train/train_5097.jpg,이 사진 속에 있는 퍼즐 박스에 적힌 문구는 무엇인가요?,HAIKYUU!! JIGSAW PUZZLE,HAIKYUU!! VOLLEYBALL SET,ANIME CHARACTER PUZZLE,JUMP ANIME PUZZLE,a
train_5098.jpg,train/train_5098.jpg,사진 속 건물 옥상에 크게 보이는 광고판에 적힌 제품 이름은 무엇인가요?,이재모 Pizza,콜대원,세현 안과,마리나 레지던스,b
train_5099.jpg,train/train_5099.jpg,이 사진 속 깃발에 적힌 전시회의 제목은 무엇인가요?,국립현대미술관 서울 전시동 입구,그래도 해보던 날들,전시 EXHIBITION,서울 현대미술관 전시,b
train_5100.jpg,train/train_5100.jpg,이 버스 정류장 10번 승강장의 목적지는 어디인가요?,대전,서울,부산,성남,d
train_5101.jpg,train/train_5101.jpg,이 건물의 간판에 적힌 기관명은 무엇인가요?,국민연금,국민건강보험,국민은행,국립중앙박물관,a
train_5103.jpg,train/train_5103.jpg,이 간판에 적힌 가게 이름은 무엇인가요?,부산 어묵,서울 떡볶이,강릉 길감자,대구 치킨,c
train_5104.jpg,train/train_5104.jpg,사진 속 초록색 상자에 적힌 글자는 무엇인가요?,ARDIUM FRUIT SHOP,ARDIUM FRUITS SHOP,ARDIUM FRUIT SHOPS,ARDUIM FRUIT SHOP,a
train_5107.jpg,train/train_5107.jpg,이 이미지에 나온 식단기록에서 점심으로 먹은 음식의 총 칼로리는 얼마인가요?,600 kcal,700 kcal,850 kcal,500 kcal,b
train_5109.jpg,train/train_5109.jpg,이미지 속 음료 컵에 붙어 있는 스티커에 적힌 내용은 무엇인가요?,테이크아웃,배달기사,손님용,직원용,b
train_5110.jpg,train/train_5110.jpg,이 타일에 적힌 문구의 내용으로 알맞은 것은 무엇인가요?,이곳은 출입 금지 구역입니다. 들어가지 마세요.,안녕하세요! 오늘은 날씨가 좋네요!,이런게 어딨어요? 이러면 안되는 거잖아요! 할게요! 변호인 하겠습니다!,여기는 주차 금지 구역입니다. 차량을 세우지 마세요.,c
train_5111.jpg,train/train_5111.jpg,이 건물 입구에 적힌 상호명은 무엇인가요?,CLASSY,CLASYS,CLASSYS,CASSYS,c
train_5112.jpg,train/train_5112.jpg,네오플램 실리콘 뒤집개의 가격은 얼마인가요?,"\3,000","\2,000","\5,000","\1,000",b
train_5115.jpg,train/train_5115.jpg,포장지에 적힌 이 음식의 칼로리는 얼마인가요?,439 kcal,600 kcal,350 kcal,258 kcal,a
train_5116.jpg,train/train_5116.jpg,사진 속 건물에 적힌 역 이름은 무엇인가요?,부산역,서울역,광주역,대전역,a
train_5117.jpg,train/train_5117.jpg,라멘 맛집 간판 아래에 있는 메뉴판에 적힌 문구 중 옳은 것은 무엇인가요?,라멘 맛집 진짜 끓인 육수,시원한 냉우동 홀밥 가능,라멘 맛집 홀밥 가능,시원한 냉우동 진짜 끓인 육수,a
train_5118.jpg,train/train_5118.jpg,"사진 속 닌텐도 스위치 게임 케이스 중, '슈퍼 마리오' 시리즈와 관련된 게임은 무엇인가요?",우마무스메 프리티 더비 열혈 우정항쟁 대감사제,진·여신전생5,슈퍼 마리오 브라더스 원더,동키콩 바나나,c
train_5119.jpg,train/train_5119.jpg,이 사진 속 가게 중에서 '빽다방'이라는 이름이 적힌 가게의 간판 색상은 무엇인가요?,노란색,빨간색,초록색,파란색,d
train_5120.jpg,train/train_5120.jpg,GS25에서 소개하는 커피/즉석조리 상품 중에서 '군고구마'에 대한 설명으로 맞는 것은 무엇인가요?,은은하게 퍼지는 단맛이 가득한 따끈한 군고구마를 만나보세요!,달콤한 치즈가 듬뿍 들어간 군고구마 피자를 만나보세요!,매콤한 양념이 어우러진 군고구마 치킨을 만나보세요!,부드럽고 고소한 크림이 가득한 군고구마 디저트를 만나보세요!,a
train_5121.jpg,train/train_5121.jpg,이 건물의 이름은 무엇인가요?,잠실실내체육관,서울월드컵경기장,올림픽공원 체조경기장,고척스카이돔,d
train_5122.jpg,train/train_5122.jpg,이 건물의 주소로 적힌 도로 이름은 무엇인가요?,삼성로,역삼로,테헤란로,강남대로,c
train_5123.jpg,train/train_5123.jpg,엘림물샘교회 간판에 적힌 문구 중 맞는 것은 무엇인가요?,기독교 개척 선교회,기독교 개혁 선교회,기독교 개혁 선교부,기독교 개척 선교부,b
train_5124.jpg,train/train_5124.jpg,이 이미지에서 '크레용 신짱' 캐릭터 피규어의 가격은 얼마인가요?,"39,800원","12,900원","19,900원","29,800원",b
train_5125.jpg,train/train_5125.jpg,이 건물에 있는 동물병원의 전화번호는 무엇인가요?,1544-1234,02-1234-5678,1644-5653,010-9876-5432,c
train_5128.jpg,train/train_5128.jpg,이 사진에 보이는 건물의 이름은 무엇인가요?,대한예수교장로회 송현교회,서울중앙교회,송현성당,대한불교조계종 송현사,a
train_5131.jpg,train/train_5131.jpg,SOGONGONE 치즈케이크의 원산지 안내에서 크림치즈는 어디에서 왔나요?,미국산,뉴질랜드산,호주산,프랑스산,d
train_5132.jpg,train/train_5132.jpg,"이 안내판에서 '문경새재와 과거길'에 대해 설명하면서, 과거급제자들이 어떤 목적을 가지고 이 길을 이용했는지에 대해 무엇이라고 적혀 있나요?",무역을 하기 위해,군사 훈련을 위해,관광을 하기 위해,과거 시험을 보기 위해,d
train_5133.jpg,train/train_5133.jpg,"이 전광판에 표시된 초미세먼지(PM2.5) 농도는 얼마이며, 공기의 상태는 어떤가요?","25 ㎍/㎥, 보통","10 ㎍/㎥, 매우 나쁨","50 ㎍/㎥, 나쁨","2 ㎍/㎥, 좋음",d
train_5135.jpg,train/train_5135.jpg,교환권에 적힌 메뉴 이름은 무엇인가요?,된장찌개정식,김치가즈나베정식,비빔밥정식,불고기정식,b
train_5136.jpg,train/train_5136.jpg,이 음료 컵에 적힌 문구는 무엇인가요?,Hello 옥춘 & 코비,Welcome to 옥춘 & 코비,Goodbye 옥춘 & 코비,Thank you 옥춘 & 코비,a
train_5137.jpg,train/train_5137.jpg,이 기계에 적힌 모델명은 무엇인가요?,SJ-303,SJ-101,SJ-404,SJ-202,b
train_5138.jpg,train/train_5138.jpg,이 상자에 적힌 제품 이름은 무엇인가요?,Mac,Apple Watch,iPad,iPhone,a
train_5139.jpg,train/train_5139.jpg,이 간판에서 소개하는 '우베 베리치즈설빙'의 특징으로 올바른 것은 무엇인가요?,기분 좋은 보랏빛 달콤함,강한 민트 향,짠맛 강조,매운맛 가미,a
train_5140.jpg,train/train_5140.jpg,"GS25 스무디 메뉴 중에서 3,000원짜리 딸기와 블루베리가 들어간 스무디는 무엇인가요?",망고 바나나,딸기 바나나,"그린 (케일, 망고, 바나나)",딸기 블루베리 망고,d
train_5141.jpg,train/train_5141.jpg,사진 속 노란색 간판에 적힌 전화번호는 무엇인가요?,053-427-5555,1599-3506,1599-3516,1522-6133,b
train_5142.jpg,train/train_5142.jpg,사진 속 머그컵에 적힌 문구는 무엇인가요?,SAMSUNG SW AI ACADEMY FOR ADULT,SAMSUNG SW ACADEMY FOR YOUTH,SAMSUNG SW AI ACADEMY FOR YOUTH,SAMSUNG AI ACADEMY FOR YOUTH,c
train_5143.jpg,train/train_5143.jpg,"이 이미지에 따르면, 할인 금액이 4,690원인 상품의 결제 가격은 얼마인가요?","9,490","6,090","14,310","22,910",c
train_5144.jpg,train/train_5144.jpg,이미지 속 글귀에서 소년이 두더지에게 물은 질문은 무엇인가요?,넌 성공이 뭐라고 생각하니?,넌 사랑이 뭐라고 생각하니?,넌 행복이 뭐라고 생각하니?,넌 꿈이 뭐라고 생각하니?,a
train_5147.jpg,train/train_5147.jpg,이 건물에 위치한 성형외과 의원의 이름은 무엇인가요?,리앤웰내과의원,새명성형외과의원,리앤웰성형외과의원,수안성형외과의원,c
train_5148.jpg,train/train_5148.jpg,이미지 속에서 '잠금장치' 고리형 제품은 몇 개가 들어 있나요?,4개,2개,1개,3개,b
train_5149.jpg,train/train_5149.jpg,다음 중 이미지에 보이는 노래주점 상호명은 무엇인가요?,한식당,커피하우스,샤갈 노래주점,브레드원,c
train_5150.jpg,train/train_5150.jpg,이 이미지에 보이는 '신선 먹거리' 코너에서 판매하는 돼지고기 양념 불고기의 원산지는 어디인가요?,제주돼지,국내산 돼지,수입 돼지,산더미 돼지,a
train_5151.jpg,train/train_5151.jpg,벽과 우체통에 적혀 있는 상호명이 무엇인가요?,청춘커피,주책공사,도서관,행복카페,b
train_5153.jpg,train/train_5153.jpg,사진 속 전자레인지 옆에 놓여 있는 빨간색 포장지 안에는 무엇이 들어있나요?,젓가락,빨대,포크,숟가락,a
train_5154.jpg,train/train_5154.jpg,2026 대한민국 목재산업 박람회가 열리는 장소는 어디인가요?,킨텍스 제1전시장,서울 SK 올림픽 핸드볼 경기장,코엑스 전시장,DCC 제2전시장 1·2홀,d
train_5155.jpg,train/train_5155.jpg,사진 속 간판에 적힌 주된 업종은 무엇인가요?,부동산,병원,서점,카페,a
train_5156.jpg,train/train_5156.jpg,이 가게 '삼양정육점'에서 전문적으로 취급하는 고기는 무엇인가요?,채식 전문점,한우·한돈 전문점,닭고기 전문점,해산물 전문점,b
train_5157.jpg,train/train_5157.jpg,이 책의 제목은 무엇인가요?,쉽게 배우는 프로그래밍,데이터베이스 완전 정복,SQL 전문가 가이드,오라클로 배우는 SQL 입문,d
train_5158.jpg,train/train_5158.jpg,'하루 계획 노트'에 적힌 오늘 할 일 중 첫 번째 항목은 무엇인가요?,보고서 초안 작성,데이터 정리,회의 준비,이메일 답장,a
train_5159.jpg,train/train_5159.jpg,사진 속 노란색 가방에 적혀 있는 문구는 무엇인가요?,PREMIUM CHOCOLATE SELECTION,THE FINEST TEAS OF THE WORLD,WORLD'S BEST COFFEE BEANS,ORGANIC FRUITS MARKET,b
train_5160.jpg,train/train_5160.jpg,이 과자 봉지에 적힌 맛은 무엇인가요?,초코-바나나,바닐라-체리,딸기-블루베리스소다,사과-포도,c
train_5161.jpg,train/train_5161.jpg,"홀랄라치킨 점심특선 메뉴 중 11,000원인 것은 무엇인가요?",핫바베큐치킨,수제왕새우까스,감칠맛 돈까스,오이시카츠,a
train_5162.jpg,train/train_5162.jpg,이 사진 속 소화기 사용방법에서 2번째 단계는 무엇인가요?,119에 신고한다,안전핀을 뽑는다,손잡이를 꼭 쥔다,호스를 불 쪽으로 향한다,d
train_5163.jpg,train/train_5163.jpg,이 간판에 적힌 한글 문구는 무엇인가요?,인천광역시 송도 스타필드,경기도 다낭시 스타필드,서울특별시 강남구 스타필드,부산광역시 해운대 스타필드,b
train_5164.jpg,train/train_5164.jpg,다음 중 이미지에 적힌 메뉴와 가격이 올바르게 짝지어진 것은 무엇인가요?,"한입꿀떡 - 3,400원","초당옥수수볼 - 3,900원","맘모스샌드 - 1,900원","맘모스샌드 - 3,900원",d
train_5165.jpg,train/train_5165.jpg,사진 속 건물에 적힌 'Buildup Fitness'의 전화번호는 무엇인가요?,02-464-3999,02-1234-5678,02-3409-2799,02-9876-5432,c
train_5166.jpg,train/train_5166.jpg,초록색 재활용품 쓰레기통에 버릴 수 없는 것은 무엇인가요?,플라스틱류,병류,캔류,가정쓰레기,d
train_5167.jpg,train/train_5167.jpg,이 식당 간판에 적힌 내용으로 맞는 것은 무엇인가요?,한식 단체 예약 환영,중국요리 단체 예약 환영,중국요리 개인 예약 환영,일본요리 단체 예약 환영,b
train_5168.jpg,train/train_5168.jpg,왼쪽 책 표지에 적힌 책 제목은 무엇인가요?,HERMANN HESSE SUHRKAMP,DAS GLASPERLENSPIEL SUHRKAMP,HERMANN HESSE DAS GLASPERLENSPIEL,HERMANN HESSE STUFEN,d
train_5169.jpg,train/train_5169.jpg,사진의 건물에 붙어 있는 현수막에 적힌 내용은 무엇인가요?,인동로데오상가 골목형상점가 지정,인동동 주민센터 개소 기념,한가위 맞이 행사 안내,지역 축제 안내,a
train_5170.jpg,train/train_5170.jpg,이 지하철 출구 안내판에 적힌 출구 번호는 무엇인가요?,12 출구,5 출구,10 출구,8 출구,d
train_5172.jpg,train/train_5172.jpg,노랑세트에 포함된 참쌀 꽈배기는 몇 개입니까?,6개,10개,5개,3개,c
train_5174.jpg,train/train_5174.jpg,사진 속 문구 'PUSH 미세요'는 문을 어떻게 열어야 한다고 안내하고 있나요?,문을 당겨서 열어야 한다,문을 밀어서 열어야 한다,문을 눌러서 열어야 한다,문을 돌려서 열어야 한다,b
train_5175.jpg,train/train_5175.jpg,이 건물에 있는 부동산 중개업소 '굿모닝'의 전화번호는 무엇인가요?,010-1234-5678,637-8944,042-123-4567,123-4567,b
train_5176.jpg,train/train_5176.jpg,이 사진의 바닥에 적힌 글자는 무엇을 의미하나요?,자전거 전용 도로,보행자 전용 구역,주차 금지,어린이 보호 구역,c
train_5177.jpg,train/train_5177.jpg,사진에 보이는 책 더미에 붙어 있는 라벨에 적힌 내용은 무엇인가요?,웹 프로그래밍,C언어,파이썬,자바,b
train_5178.jpg,train/train_5178.jpg,"이 안내문에 따르면, 교통비 지급을 위해 무엇을 해야 하나요?",현금 수령,전화 문의,Google 설문 진행,직접 방문,c
train_5179.jpg,train/train_5179.jpg,셀프소다존에서 음료를 이용할 때 주의해야 할 점은 무엇인가요?,탄산 또는 시럽이 없어질 때까지 음료를 따라야 한다.,선반에 잔을 파손할 우려가 있다.,얼음 디스펜서 사용법을 무시해도 된다.,선반에 음료를 따라야 한다.,b
train_5180.jpg,train/train_5180.jpg,소병희의 글에서 '만세'를 부르는 이유로 가장 적절한 것은 무엇인가요?,만세를 부르는 것이 전통이기 때문에,기회를 놓치지 않기 위해,독립 정신을 깨우기 위해,독립이 바로 이루어지기 때문에,c
train_5181.jpg,train/train_5181.jpg,사진 속 간판 중 '광인당'에서 제공하는 서비스는 무엇인가요?,특수고무인 명판 도장,음식 배달,커피 판매,컴퓨터 수리,a
train_5182.jpg,train/train_5182.jpg,이 사진에 보이는 '뽕족 EXPRESS' 간판에 적힌 전화번호는 무엇인가요?,1566-4482,664-7980,558-9279,1234-5678,a
train_5183.jpg,train/train_5183.jpg,사진 속 가게 간판에 적힌 가게 이름은 무엇인가요?,SUNRISE BAKERY,NEWFIVE CLUB,OLDTOWN CAFE,BLUE OCEAN BAR,b
train_5184.jpg,train/train_5184.jpg,이 지하철 승강장 문에 적힌 '발빠짐 주의!' 문구가 의미하는 것은 무엇인가요?,무리한 승차는 안전사고를 유발할 수 있다는 경고입니다.,문이 닫힐 때 손을 조심하라는 경고입니다.,열차와 승강장 사이가 넓으니 조심하라는 경고입니다.,승강장에 미끄러운 물이 있으니 조심하라는 경고입니다.,c
train_5185.jpg,train/train_5185.jpg,테이블 위에 놓인 음료수 중에서 'PEPSI'라고 적힌 제품은 어떤 모양인가요?,캔,유리 병,플라스틱 병,종이팩,c
train_5188.jpg,train/train_5188.jpg,이미지 속 소화전 사용 방법 중 세 번째 단계는 무엇인가요?,밸브열기,밸브닫기,불 끄기,호스 빼내기,c
train_5189.jpg,train/train_5189.jpg,이 버스정류장 표지판에서 'N109'는 무엇을 의미하나요?,셔틀 버스 번호,급행 버스 번호,야간 버스 번호,일반 버스 번호,c
train_5190.jpg,train/train_5190.jpg,이 사진에 보이는 즉석밥의 상품명은 무엇인가요?,햇반 언제나 맛있는 집밥,햇반 즉석밥,햇반 집밥,햇반 맛있는 밥,a
train_5192.jpg,train/train_5192.jpg,흰색 책 표지에 적힌 책 제목은 무엇인가요?,너무나 많은,블루도어 북스,노베첸토,알레산드로 바리코,c
train_5193.jpg,train/train_5193.jpg,본앤미의원에서 치료하는 통증의 종류로 맞는 것은 무엇인가요?,손목터널증후군,목·허리통증,무릎 통증,두통·복통,b
train_5194.jpg,train/train_5194.jpg,사진 속 건물 옥상에 크게 보이는 일본어 문구는 무엇인가요?,マルハン,一番搾り,NIKKA,くちねこ,b
train_5196.jpg,train/train_5196.jpg,운명 상담소 간판에 적힌 예약 및 문의 전화번호는 무엇인가요?,031-287-3001,010-287-3001,010-3802-0531,063-287-3001,c
train_5197.jpg,train/train_5197.jpg,왼쪽 위 자판기에서 판매하는 상품의 이름은 무엇인가요?,초코미니 인형키링,플라워 에코백,캣타워 마그넷,매직 보자기,c
train_5198.jpg,train/train_5198.jpg,이 건물 3층에 위치한 센터의 이름은 무엇인가요?,제이노래짱 단란주점,요양보호사교육원 제이노래짱,굿모닝복지센터 단란주점,굿모닝복지센터 요양보호사교육원,d
train_5199.jpg,train/train_5199.jpg,벽에 적힌 문구는 무엇인가요?,HAVE A NICE DAY,WELCOME TO OUR CAFE,ENJOY YOUR COFFEE AND ENJOY YOURSELF,COFFEE IS LIFE,c
train_5200.jpg,train/train_5200.jpg,이 사진에서 볼 수 있는 편의점의 이름은 무엇인가요?,GS25,7-Eleven,CU,FamilyMart,d
train_5201.jpg,train/train_5201.jpg,사진에서 메로나맛우유의 가격은 얼마인가요?,"\1,800","\2,000","\1,500","\2,500",a
train_5202.jpg,train/train_5202.jpg,이 식당에서 파인애플과 오리방석은 어떻게 해야 하나요?,주문할 때 요청해요,무료로 제공되지 않아요,셀프로 직접 가져가야 해요,직원이 가져다 줘요,c
train_5205.jpg,train/train_5205.jpg,이 이미지에 보이는 중앙 대형 전광판에서 붉은 글씨로 쓰여진 브랜드 이름은 무엇인가요?,Promise,CHINTAI,MBP,Glico,d
train_5206.jpg,train/train_5206.jpg,이미지 속 젤라또 메뉴판에 적힌 '위드달걀 Gelato' 가격은 얼마인가요?,6.5,3.5,4.5,5.5,d
train_5207.jpg,train/train_5207.jpg,이 식당에서 식권은 얼마에 판매되고 있나요?,"7,000원","10,000원","12,000원","5,000원",a
train_5208.jpg,train/train_5208.jpg,이 사진 속 종이에 적혀 있는 문구는 무엇인가요?,창문 닫기,문 열지 마세요,문 열기,문 꼭,d
train_5209.jpg,train/train_5209.jpg,사진 속 트롤리 키스 미니(Trolli Kiss minis) 젤리 봉지당 중량은 얼마인가요?,100g,110g,103g,105g,a
train_5210.jpg,train/train_5210.jpg,이 행사 포스터에 적힌 '트릭컬 리바이브 명랑 운동회'의 개최 기간은 언제인가요?,2026년 4월 3일(금) ~ 4월 5일(일),2024년 10월 1일(금) ~ 10월 3일(일),2025년 9월 26일(금) ~ 9월 28일(일),2023년 9월 26일(금) ~ 9월 28일(일),c
train_5211.jpg,train/train_5211.jpg,이 사진 속 비상용 장비함에 적힌 글씨는 무엇인가요?,소화기,방수기구함,소화전,비상콘센트,b
train_5213.jpg,train/train_5213.jpg,이 표지판에서 금지하고 있는 행위는 무엇인가요?,차량 주차 금지,흡연 금지,사진 촬영 금지,무단투기 금지,d
train_5214.jpg,train/train_5214.jpg,이 건물에 있는 한식 뷔페 식당의 이름은 무엇인가요?,한식 다담 뷔페,한식 뷔페 다담,다담 한식 뷔페,다담 한식 식당,c
train_5216.jpg,train/train_5216.jpg,이 제품의 가격은 얼마인가요?,580円,780円,680円,880円,c
train_5218.jpg,train/train_5218.jpg,이 계단 벽에 붙어 있는 노란색 경고 표지판에 적힌 문구는 무엇인가요?,계단 주의,화재 발생시 대피,손잡이 잡기,출입 금지,a
train_5219.jpg,train/train_5219.jpg,이 제품의 6본입 한 박스 가격은 얼마인가요?,"150,000원","135,000원","120,000원","142,900원",d
train_5223.jpg,train/train_5223.jpg,사진 속 종이박스에 적힌 문구 중 '팍팍 뿌려 안할거면 꺼져' 옆에 적힌 가격은 얼마인가요?,"12,000","13,000","7,000","10,000",a
train_5224.jpg,train/train_5224.jpg,오뚜기 오늘밥상 제품 중 닭볶음탕 양념에 들어간 주요 맛내기 재료는 무엇인가요?,고추장과 간장,고춧가루와 마늘,고춧가루와 설탕,간장과 마늘,b
train_5225.jpg,train/train_5225.jpg,평화이발관에서 아이롱파마의 가격은 얼마인가요?,200원,"2,200원","2,000원",180원,b
train_5227.jpg,train/train_5227.jpg,이 슬라이드에서 설명하는 그래프의 제목은 무엇인가요?,Influence accumulation,Controlled Fusion Strategy,Temporal decay timeline,Interaction query,c
train_5228.jpg,train/train_5228.jpg,이 안내문에 따르면 리뷰 작성 시 어떤 메뉴를 포함해야 하나요?,"피자, 햄버거, 치킨, 감자튀김","물냉면, 비빔냉면, 튀김만두, 돈까스, 만두국","김치찌개, 된장찌개, 불고기, 삼겹살","라면, 떡볶이, 순대, 오뎅",b
train_5230.jpg,train/train_5230.jpg,사진 속 킨더 초콜릿 상자에 적힌 무게는 얼마인가요?,200g,100g,50g,150g,b
train_5231.jpg,train/train_5231.jpg,랭커 PC방 사장이 미성년자 흡연자에게 경고한 내용 중 올바른 것은 무엇인가요?,담배를 다 부숴버리고 학교든 집이든 찾아간다.,미성년자에게는 흡연을 허용하지 않는다.,담배를 피우면 담배값을 두 배로 내야 한다.,담배를 피우면 즉시 퇴장 조치한다.,a
train_5232.jpg,train/train_5232.jpg,이 가게에서 판매하는 음식 중 하나가 무엇인가요?,비빔밥,불고기,탄탄멘,김치찌개,c
train_5233.jpg,train/train_5233.jpg,'Seoul Meetup' 행사에 관심 있는 대상이 아닌 것은 무엇인가요?,실리콘밸리 트렌드 끝단의 상황이 궁금하신 분,"개발자, 비개발자, 기술 업계, 비기술 업계 모두 환영합니다",음악 공연에 관심 있는 분,AI 너머의 세상이 궁금하신 분,c
train_5234.jpg,train/train_5234.jpg,이 사진에 보이는 음식 중 치즈가 많이 올라간 음식은 무엇인가요?,김치전,파전,해물파전,치즈전,a
train_5235.jpg,train/train_5235.jpg,이 이미지에 보이는 손 선풍기 손잡이에 적힌 글자는 무엇인가요?,Samsung,Let's Grow,AI Academy,SSAFY,d
train_5237.jpg,train/train_5237.jpg,이 축구 경기장 입구에 적힌 글자는 무엇인가요?,LIVERPOOL FOOTBALL CLUB,ARSENAL FOOTBALL CLUB,MANCHESTER UNITED,CHELSEA FOOTBALL CLUB,d
train_5238.jpg,train/train_5238.jpg,이 장소에서 긴급상황 발생 시 신고할 번호는 무엇인가요?,110,119,112,114,c
train_5239.jpg,train/train_5239.jpg,사진 속 간판에 적힌 전화번호는 무엇인가요?,010-1234-5678,02-987-6543,010-1111-2222,010-8257-8366,d
train_5242.jpg,train/train_5242.jpg,책 등에 붙어 있는 도서관 분류번호 중 '300'번대는 어떤 주제를 다루는 책인가요?,사회과학,역사,자연과학,문학,a
train_5243.jpg,train/train_5243.jpg,도시락을 먹으려면 고객이 해야 할 행동은 무엇인가요?,자리에서 기다려야 한다,직접 도시락을 가져가야 한다,직원을 불러야 한다,도시락을 반납해야 한다,c
train_5244.jpg,train/train_5244.jpg,이 사진에 보이는 편의점 상호명은 무엇인가요?,CU,이마트24,7-ELEVEN,GS25,c
train_5245.jpg,train/train_5245.jpg,이 가게의 이름은 무엇인가요?,LYDIAa,LYDIA,LYDA,LYDiA,d
train_5246.jpg,train/train_5246.jpg,사진 속 상자에 적힌 '에탄올 83%'의 설명으로 옳은 것은 무엇인가요?,자동차 연료로 사용된다,피부 보습에 좋은 화장품이다,음식 조리에 사용되는 에탄올이다,일상생활 속 간편하고 빠르게 소독효과가 있다,d
train_5247.jpg,train/train_5247.jpg,포스트잇에 적힌 우편배송 비용은 얼마인가요?,"6,500원","6,000원","5,500원","5,000원",c
train_5249.jpg,train/train_5249.jpg,사진 속 문서의 제목으로 올바른 것은 무엇인가요?,[실습 3] 효과적인 팀워크를 위한 전략,[실습 4] 갈등 해결 및 중재 기술,[실습 1] 업무 효율성 향상 방법,[실습 2] 너와 나의 소통방법을 이해하기,d
train_5251.jpg,train/train_5251.jpg,이 포스터에서 GANADI 팝업 스토어가 열리는 날짜는 언제인가요?,2024년 12월 1일부터 14일까지,2024년 11월 14일부터 29일까지,2023년 12월 14일부터 29일까지,2024년 12월 14일부터 29일까지,d
train_5254.jpg,train/train_5254.jpg,이 과자의 맛은 무엇입니까?,커피 맛,초콜릿 맛,바나나 맛,딸기 맛,a
train_5256.jpg,train/train_5256.jpg,이 건물에 입점해 있는 가게 중 '그기에 반하다'는 어떤 종류의 가게인가요?,PT 운동센터,노래방,김치삼겹살 전문점,멀티짐 복싱,c
train_5257.jpg,train/train_5257.jpg,이 비석에 적힌 '사업명'은 무엇인가요?,삼성멀티캠퍼스,1997년 9월 30일,여산동 718-5,삼우설계,a
train_5259.jpg,train/train_5259.jpg,이 건물의 간판에 적힌 병원 이름은 무엇인가요?,CHA 의과학대학교 강남차병원,서울 중앙 병원,CHA 의과학대학교 서울병원,강남 서울 대학교 병원,a
train_5260.jpg,train/train_5260.jpg,이 사진 속 빨간색 팔각형 표지판에 적힌 글자는 무엇인가요?,주의 CAUTION,출발 GO,정지 STOP,천천히 SLOW,c
train_5261.jpg,train/train_5261.jpg,"이 식빵 패키지에 적힌 내용 중, 포함된 우유 함량은 얼마인가요?",32%,3.79%,7.9%,0.32%,b
train_5264.jpg,train/train_5264.jpg,이 운동 기구의 이름은 무엇입니까?,에어서핑,에어로빅,에어로바이크,서핑보드,a
train_5266.jpg,train/train_5266.jpg,안랩 방문객은 안내를 받기 위해 어느 층 안내 데스크로 가야 하나요?,1층,B1층,B2~B4층,2층,d
train_5267.jpg,train/train_5267.jpg,이 종이컵 쌓기에서 가장 위에 적힌 글자는 무엇인가요?,줌,해,활,게,a
train_5268.jpg,train/train_5268.jpg,이 건물의 이름은 무엇인가요?,별빛 하우스,은하수 타워,해돋이 아파트,달빛 빌라,a
train_5269.jpg,train/train_5269.jpg,이 사진에 보이는 간판에 적힌 단어는 무엇인가요?,성동1동미력정원,성동2동미력공원,성동2동미력정원,성동3동미력정원,c
train_5270.jpg,train/train_5270.jpg,사진에 보이는 병원 간판 명칭은 무엇인가요?,문왁싱,스마트올치과의원,다비치안경,연세W산부인과,d
train_5271.jpg,train/train_5271.jpg,건물 외벽에 붙어 있는 간판에 적힌 내용 중 올바른 것은 무엇인가요?,태광 학원 수강 신청,태광 카페 메뉴 안내,태광 병원 진료 안내,태광 공인중개사 원·투룸 임대·매매,d
train_5273.jpg,train/train_5273.jpg,이 도로 표지판에서 '대덕 연구 개발 특구'로 가려면 어느 도로로 가야 합니까?,중앙대로,대덕대로,유성대로,한밭대로,b
train_5274.jpg,train/train_5274.jpg,이 책의 제목은 무엇인가요?,데이터 과학과 인공지능,금융 투자 전략 입문,금융 데이터 분석을 위한 파이썬 판다스,파이썬과 머신러닝 기초,c
train_5275.jpg,train/train_5275.jpg,이 간판에서 근로자 국비 지원 대상에 포함되지 않는 직업은 무엇인가요?,병원코디네이터,간호조무사,피부미용사,노래방 운영자,d
train_5276.jpg,train/train_5276.jpg,사진 속 첫 번째 가게 이름은 무엇인가요?,광어 우럭 모임회,아락,더벤티,커피하우스,b
train_5277.jpg,train/train_5277.jpg,사진 속 '음주 측정기' 포장지에 적힌 문구 중 올바른 것은 무엇인가요?,복잡한 사용,간편한 휴대,부정확한 측정,어려운 조작,b
train_5279.jpg,train/train_5279.jpg,사진 속 가게 중 '해요떡공방'에서 판매하는 떡 종류가 아닌 것은 무엇인가요?,단팥떡,찰떡,호떡,인절미,c
train_5280.jpg,train/train_5280.jpg,사진 속 파란색 현수막에 적힌 서비스는 무엇인가요?,빠른 음식 배달 서비스,무료 전국 배송 서비스,당일배송 고속버스 택배,해외배송 특급 택배,c
train_5282.jpg,train/train_5282.jpg,이 사진 속에 있는 노란색 포장지에 적힌 문구는 무엇인가요?,청사초롱 미니사탕,청사초롱 미니봉봉,청사초롱 미니캔디,청사초롱 미니젤리,c
train_5283.jpg,train/train_5283.jpg,'화목한 우리집' 간판에 적힌 전문점 종류는 무엇인가요?,치킨전문점,분식전문점,즉석떡볶이전문점,피자전문점,c
train_5284.jpg,train/train_5284.jpg,사진 속 과자 봉지에 적힌 맛은 무엇인가요?,매콤한 맛,달콤한 맛,신맛,짠맛,a
train_5286.jpg,train/train_5286.jpg,이 식당 '자매 감자탕'의 전화번호는 무엇인가요?,582-0010,582-1010,582-1001,582-0110,a
train_5287.jpg,train/train_5287.jpg,이 가게의 영업 시작 시간은 언제인가요?,AM 11:00,PM 12:00,PM 6:00,AM 9:00,a
train_5288.jpg,train/train_5288.jpg,이 사진 속에서 '정형외과'가 위치한 층은 몇 층인가요?,6층,5층,8층,7층,d
train_5291.jpg,train/train_5291.jpg,할머니 떡볶이 가게에서 떡볶이의 가격은 얼마인가요?,"7,000원","6,000원","5,000원","3,000원",c
train_5292.jpg,train/train_5292.jpg,이 표지판에 적혀 있는 고도는 몇 미터입니까?,1500 Mtrs,2000 Mtrs,3000 Mtrs,2505 Mtrs,d
train_5293.jpg,train/train_5293.jpg,왼쪽 영수증에서 주문한 상품 중 '임로 순두부찌개'의 가격은 얼마인가요?,"11,000원","5,000원","3,000원","10,000원",c
train_5294.jpg,train/train_5294.jpg,벽에 붙어 있는 검은색 안내판에 적힌 'SSAFY'의 의미는 무엇인가요?,Super Software Academy For Young,Samsung Science Academy For Young,Samsung Software Academy For Youth,Smart Software Academy For Youth,c
train_5297.jpg,train/train_5297.jpg,다음 중 이미지에 있는 지하철 노선도에 포함된 역명이 아닌 것은 무엇인가요?,막걸리 역,Beer Station,서울역,청주 역,c
train_5298.jpg,train/train_5298.jpg,매장 내에서 어떤 물품을 사용하면 200원 할인을 받을 수 있나요?,일회용 컵,종이빨대,플라스틱 접시,텀블러,d
train_5299.jpg,train/train_5299.jpg,이 책의 제목은 무엇인가요?,자바스크립트 기초부터,리액트 개정판,한 입 크기로 잘라 먹는,Programming Insight,b
train_5300.jpg,train/train_5300.jpg,이 주차장 건물에 입점해 있는 매장이 아닌 것은 무엇인가요?,CU,No Brand Burger,BLACKYAK,롯데리아,d
train_5301.jpg,train/train_5301.jpg,마우스 패드에 적힌 문구 중 올바른 문장은 무엇인가요?,Let's Grow Together!,Samsung SW·AI Academy For Youth,Samsung AI Academy for Older Adults,AI로 어느 나무의 미래,b
train_5302.jpg,train/train_5302.jpg,사진 속 샌드위치에는 몇 칼로리가 적혀 있나요?,500 kcal,300 kcal,600 kcal,461 kcal,d
train_5303.jpg,train/train_5303.jpg,"위 이미지에 보이는 간판 중 경북산업직업전문학교, 영진직업전문학교, 영진건설기술교육원은 어떤 건물에 위치해 있나요?",지하 1층,높은 빌딩 꼭대기,도로변 가로등 기둥,1층 상가,b
train_5304.jpg,train/train_5304.jpg,이 건물의 이름은 무엇인가요?,발왕산역,설악산역,한라산역,지리산역,a
train_5305.jpg,train/train_5305.jpg,이 사진에서 쥐 모양 인형이 앉아 있는 상자에 적힌 문구 중 맞는 것은 무엇인가요?,전국 어디서나 1588-1301,마음까지 전하는 우체국 소포,KOREA DELIVERY,EMS 우체국 국제특송,b
train_5307.jpg,train/train_5307.jpg,엠지씨네 여름밤 메뉴 중 복숭아 향을 가진 음료의 이름은 무엇인가요?,복숭아 향을 오싹 스무디,말차 빙수 파르페,망고 망고 스무디,자몽 톡톡 스무디,a
train_5309.jpg,train/train_5309.jpg,이 표지판에 적힌 'のりかえ'는 무슨 뜻인가요?,안내소,환승,매표소,출구,b
train_5311.jpg,train/train_5311.jpg,이 건물 5층에 위치한 치과 이름은 무엇인가요?,이지웰그린치과,이지웰치과,이지웰블루치과,이지웰레드치과,c
train_5312.jpg,train/train_5312.jpg,이 건물에 입주해 있는 헬스장 이름은 무엇인가요?,웰라인 휘트니스,추 한의원,도마 강정,강주오 법률사무소,a
train_5313.jpg,train/train_5313.jpg,이 빨래방의 운영 시간은 어떻게 되어 있나요?,오전 9시부터 오후 9시까지 운영한다,24시간 운영한다,오전 6시부터 오후 10시까지 운영한다,주말만 운영한다,b
train_5315.jpg,train/train_5315.jpg,이 주유소에서 고급 휘발유의 가격은 얼마인가요?,1729,1859,2009,1500,c
train_5316.jpg,train/train_5316.jpg,이 음료 컵에 적힌 문구는 무엇인가요?,행운이 오는 부적,맛있는 커피,건강을 위한 차,행복을 주는 음료,a
train_5317.jpg,train/train_5317.jpg,왼쪽 책 표지에 적힌 내용 중 TV 애니메이션 방영 예정 연도는 언제인가요?,2024년,2023년,2026년,2025년,d
train_5319.jpg,train/train_5319.jpg,이 음식에 꽂혀 있는 깃발에 적힌 문구는 무엇인가요?,한국산 돼지고기 인증,대한민국 양계장 출생인증,친환경 야채 사용,국내산 한우 인증,b
train_5320.jpg,train/train_5320.jpg,이 간판에 적힌 가게 이름은 무엇인가요?,강원 365 닭강정,배니닭강정,금성닭강정,정보통 닭강정,b
train_5321.jpg,train/train_5321.jpg,"이 표지판에 따르면, 무엇이 금지되어 있나요?",좌회전 금지,유턴 금지,직진 금지,우회전 금지,d
train_5323.jpg,train/train_5323.jpg,파란색 캔에 그려진 캐릭터는 무엇인가요?,산리오의 폼폼푸린,포켓몬스터의 피카츄,포켓몬스터의 고라파덕,포켓몬스터의 야도란,c
train_5324.jpg,train/train_5324.jpg,비상시 행동요령에서 안내된 긴급전화번호는 무엇인가요?,031-320-8977/8958,031-320-8958/8971,031-320-8958/8977,031-320-8971/8958,b
train_5325.jpg,train/train_5325.jpg,이 제품들의 공통적인 특징으로 올바른 것은 무엇인가요?,저칼로리 두부면과 발효 유제품이다,고열량 밀가루 면과 낫또 제품이다,저칼로리 두부면과 낫또 제품이다,고칼로리 밀가루 면과 발효 유제품이다,c
train_5326.jpg,train/train_5326.jpg,사진 속 교재 이름은 무엇인가요?,DIGITAL WORLD,DIGITAL FUTURE,DIGITAL TECH,DIGITAL HERO,d
train_5329.jpg,train/train_5329.jpg,잡플래닛 제휴대학 서비스 이용 시 회원가입 단계에서 해야 하는 것은 무엇인가요?,전화번호 인증하기,학생증 사진 업로드하기,학교 이메일 인증하기,이메일 계정 인증하기,c
train_5330.jpg,train/train_5330.jpg,이 지하철역 이름은 무엇인가요?,서초역 현대타워 앞,서초역 삼성타워 앞,강남역 삼성타워 앞,강남역 서초 현대타워 앞,d
train_5331.jpg,train/train_5331.jpg,이 키보드에서 '스크롤 락' 기능을 담당하는 키는 무엇이라고 적혀 있나요?,ScrLk,Scroll Lock,Scroll,ScrLock,a
train_5332.jpg,train/train_5332.jpg,이 건물 입구에 붙어 있는 빨간색 표지판에 적힌 '대피소'는 무슨 뜻인가요?,대피소는 은행 영업시간을 알리는 표지판이다,대피소는 비상 시 피난하는 장소를 의미한다,대피소는 음식점 이름이다,대피소는 주차장을 나타내는 표지판이다,b
train_5334.jpg,train/train_5334.jpg,이 사진에 보이는 'E/V 비상사다리함'은 무엇을 위한 용도일까요?,화재 진압용 소화전,엘리베이터 비상사다리 보관함,전기실 안전장비함,유수검지장치 보관함,b
train_5335.jpg,train/train_5335.jpg,이 책의 제목은 무엇인가요?,자유론,밀 스튜어트 밀,박상건 옮김,On Liberty,d
train_5337.jpg,train/train_5337.jpg,박스 위에 적힌 글씨는 무엇인가요?,사랑하는 멍수 빈대,사4운 멍수 빈대,사4운 멍수 빈댜,새로운 멍수 빈대,b
train_5340.jpg,train/train_5340.jpg,"문제에서 주어진 식 3^(x+2) + 3^(x+1) + 3^x = 39일 때, x의 값은 무엇인가요?",1,3,2,4,a
train_5342.jpg,train/train_5342.jpg,이 사진에 보이는 그릇 테두리에 적혀 있는 글자는 무엇인가요?,KOREA TECH,SEOUL NATIONAL,YONSEI UNIVERSITY,YONSEI NURSERY,d
train_5343.jpg,train/train_5343.jpg,이 지도에서 '현재 위치'를 나타내는 표시는 무엇인가요?,현재 위치,슬라임신동,안심반사경,도로표지병,a
train_5344.jpg,train/train_5344.jpg,이 건물 2층에 위치한 상호명은 무엇인가요?,HAZZYS,상의 임대,클리비 의원,A TWOSOME PLACE,d
train_5345.jpg,train/train_5345.jpg,이 사진 속 표지판에 적힌 문구는 무엇인가요?,통행금지,주차장,출입금지,주차금지,d
train_5346.jpg,train/train_5346.jpg,이 건물에 입주해 있는 '이민음치과'는 어느 층에 위치해 있나요?,1층,2층,3층,6층,c
train_5347.jpg,train/train_5347.jpg,이 냉장고 안에 진열된 음료 중에서 '블루마운틴 스페셜'은 어떤 종류의 음료인가요?,아이스 스위트 아메리카노,아이스 헤이즐넛 커피,블루마운틴 스페셜,자연산 스피너치,c
train_5348.jpg,train/train_5348.jpg,사진 속 간판에 적힌 김밥집 이름은 무엇인가요?,음악창고,THE VENTI,LADY,고봉민김밥,d
train_5349.jpg,train/train_5349.jpg,이 건물에 입점해 있는 가게 중 지하에 위치한 가게는 무엇인가요?,SO PUNG 김밥 분식,비타민 노래방,CCTV 경고,강남 부동산,b
train_5350.jpg,train/train_5350.jpg,사진 속 제품 중에서 '베이킹소다'라고 적힌 용기의 무게는 얼마인가요?,700 g,500 g,1 kg,300 g,b
train_5351.jpg,train/train_5351.jpg,이 건물에 적힌 큰 글씨는 무엇인가요?,근본,근본주의,기본,기본주의,a
train_5352.jpg,train/train_5352.jpg,안내문에 따르면 이 시설은 어떤 이유로 출입이 금지되어 있나요?,시민의 생명과 재산을 보호하는 중요한 수해방지 시설이기 때문에,야생 동물이 출몰하기 때문에,주차장이 만차여서,공사 중이기 때문에,a
train_5353.jpg,train/train_5353.jpg,"이 사진 속 금연구역 안내문에 따르면, 흡연 시 부과되는 과태료는 얼마인가요?",5만원,20만원,15만원,10만원,d
train_5354.jpg,train/train_5354.jpg,이 맥주잔에 적혀 있는 브랜드 이름은 무엇인가요?,맥주,Kaitese Crew,kloud,일상,c
train_5355.jpg,train/train_5355.jpg,사진 속 안경닦이 천에 적힌 브랜드 이름은 무엇인가요?,LensWipe,GlasSON,OptiCare,CleanEye,b
train_5356.jpg,train/train_5356.jpg,벽에 붙어 있는 노란 메모지에 적혀 있는 문구는 무엇인가요?,8월 마지막 간식,7월 마지막 간식,6월 첫 간식,9월 첫 간식,a
train_5358.jpg,train/train_5358.jpg,이 건물에 있는 음식점의 상호명은 무엇인가요?,Since 1972,GS25,수월통닭,수월 chicken & Beer,d
train_5359.jpg,train/train_5359.jpg,냉장고 문에 붙어 있는 빨간색 안내문에는 무엇이라고 적혀 있나요?,사용후 반드시 시건장치함 관계자외 사용을 금합니다!,사용전 반드시 점검하십시오!,음식물 반입 금지!,냉장고 온도는 -27도로 설정되어 있습니다.,a
train_5360.jpg,train/train_5360.jpg,사진 속 과학마술 콘서트가 열리는 장소는 어디인가요?,광화문 광장,서울시청 대강당,코엑스 컨벤션 센터,꿈의숲 아트센터 퍼포먼스홀,d
train_5361.jpg,train/train_5361.jpg,이 건물에 적힌 간판의 업체명은 무엇인가요?,행복한 베이커리,서울 부동산,삼성 전자,두레 컨설팅,d
train_5362.jpg,train/train_5362.jpg,사진 속 박스에 적힌 글자는 무엇인가요?,행복한 우리 밀,맛있는 바나나 우유,신선한 제주 감귤,먹으면 촉촉한 구운란,d
train_5363.jpg,train/train_5363.jpg,1번 파티에 속한 플레이어 중 '루페온' 서버가 아닌 서버는 어디인가요?,뚱후니,방토라,히후땅,태경비,d
train_5364.jpg,train/train_5364.jpg,이 버스 정류장 전광판에 표시된 '140(여유)'는 무엇을 의미하나요?,버스 정원 여유 인원,운행 종료 시간,운행 대기 시간,버스 번호,a
train_5365.jpg,train/train_5365.jpg,이 건물에 있는 PC 공방의 이름은 무엇인가요?,삼구골뱅이,몸부림,이불팩토리,釜山꽃삼겹,c
train_5368.jpg,train/train_5368.jpg,이 지하철 칸은 몇 호차인가요?,4호차,8호차,10호차,6호차,b
train_5369.jpg,train/train_5369.jpg,이 건물의 이름은 무엇인가요?,STARBUCKS,MODI,FUJI ROCK FESTIVAL '25,Ma Maison,b
train_5371.jpg,train/train_5371.jpg,이 편의점에서 새로 입고된 상품에 대해 안내하는 문구는 무엇인가요?,신상품 입고!,오늘의 특가!,한정 판매!,재고 정리 중!,a
train_5372.jpg,train/train_5372.jpg,이 건물 2층에서 제공하는 서비스가 아닌 것은 무엇인가요?,향암가발,증모술,탈모파마,아이스크림 판매,d
train_5373.jpg,train/train_5373.jpg,이 데코 테이프 제품의 가격은 얼마인가요?,"\1,500","\2,000",\500,"\1,000",d
train_5374.jpg,train/train_5374.jpg,다음 중 이미지 속 광고에서 소개하는 제품명이 아닌 것은 무엇인가요?,테라 라이트,참이슬,처음처럼,일품진로,c
train_5375.jpg,train/train_5375.jpg,이 가게에서 머리핀과 머리끈을 판매하는 브랜드 이름은 무엇인가요?,HAIRZONE,STYLEME,D'TALE,HAIRART,c
train_5376.jpg,train/train_5376.jpg,이 건물에 입주해 있는 병원의 이름은 무엇인가요?,국민병원,서울병원,더드림병원,삼성병원,c
train_5377.jpg,train/train_5377.jpg,사진 속 대기번호 중 가장 큰 숫자는 무엇인가요?,177,176,175,178,d
train_5378.jpg,train/train_5378.jpg,이 도로 표지판에 적힌 글자는 무엇입니까?,천천히,정지선,주차금지,횡단보도,d
train_5380.jpg,train/train_5380.jpg,이 식물의 한글 이름은 무엇인가요?,쪽,다래풀과,Persicaria tinctoria H.Gross,홍릉,a
train_5381.jpg,train/train_5381.jpg,스타트래블 우리카드의 혜택으로 맞는 것은 무엇인가요?,국내와 해외 모두 2만원 당 별 1개 적립,"국내에선 1만원 당 별 2개, 해외에선 4배 더 특별하게","국내에선 3만원 당 별 1개, 해외에선 2배 더 특별하게","국내에선 2만원 당 별 1개, 해외에선 3배 더 특별하게",d
train_5382.jpg,train/train_5382.jpg,이 건물에 있는 헬스장 이름은 무엇인가요?,GYM MECA,스타댄스,로고스,DECO,a
train_5383.jpg,train/train_5383.jpg,사진에 보이는 높은 건물의 이름은 무엇인가요?,63 BUILDING,LOTTE WORLD TOWER,SEOUL TOWER,GALERIA FORET,d
train_5384.jpg,train/train_5384.jpg,이 문구가 붙어 있는 방은 무엇이라고 적혀 있나요?,사무실 Office,휴게실 Rest Area,통역실 Booth A,회의실 Room B,c
train_5386.jpg,train/train_5386.jpg,사진 속 상가 간판 중 한국어로 적힌 한의원 이름은 무엇인가요?,동아한의원,엘림한의원,엘림침술원,동아식품,b
train_5387.jpg,train/train_5387.jpg,이 건물 2층에 위치한 '율핏'에서는 어떤 서비스를 제공한다고 적혀 있나요?,1:1PT / 그룹PT,영어 학원,커피 판매,요가 수업,a
train_5388.jpg,train/train_5388.jpg,이미지에 보이는 가방 브랜드 이름은 무엇인가요?,Nike,Puma,Adidas,Supreme,d
train_5389.jpg,train/train_5389.jpg,이 병원 건물 앞에 설치된 현수막에 소개된 장비는 무엇인가요?,첨단 CT 스캔 장비,최첨단 MRI 스캐너,초정밀 인공지능 디지털 X-ray (초저선량),고해상도 초음파 장비,c
train_5390.jpg,train/train_5390.jpg,가운데 칸에 보관된 '믹스' 브랜드 제품 중 가장 아래에 있는 제품의 이름은 무엇인가요?,믹스 프렌치,믹스 블루썸,믹스 아이스뱅,믹스 이스더블,c
train_5391.jpg,train/train_5391.jpg,이 건물에 있는 음악학원의 이름은 무엇인가요?,수완 리스트 피아노 음악학원,원스 실용음악학원,수완 고실 검도관,대한검도회,a
train_5392.jpg,train/train_5392.jpg,이 지하철역에서 7호선의 다음 역이 아닌 것은 무엇인가요?,석남,도봉산,온수,미아,d
train_5393.jpg,train/train_5393.jpg,"우시라멘 메뉴 중에서 가격이 10,000원인 음식은 무엇인가요?",소유라멘,돈가스정식,오야꼬동,남작우동 SET,a
train_5394.jpg,train/train_5394.jpg,"에어컨 전용 리모컨 안내문에 따르면, 여름철 적정 온도는 얼마 이상으로 설정해야 하나요?",26도 이상,20도 이상,24도 이상,22도 이상,a
train_5395.jpg,train/train_5395.jpg,이 치과의 이름은 무엇인가요?,서울치과,바른이 치과,김철수 치과,이도훈 치과,d
train_5396.jpg,train/train_5396.jpg,이 상자에 적힌 제품 이름은 무엇인가요?,OCTOPUS 9K HE,OCTOPUS 7K LE,OCTOPUS 8K HE,OCTOPUS 8K XE,c
train_5397.jpg,train/train_5397.jpg,"신호해안방재림 황톳길에서 반려견 이용에 관한 안내문에 따르면, 황토 구간은 어떤 목적으로 조성된 구간인가요?",맵발 전용 산책로로 조성된 구간,차량 통행 전용 구간,자전거 전용 도로,반려동물 출입이 허용된 구간,a
train_5398.jpg,train/train_5398.jpg,터미널에 출력된 'k=3'일 때 x의 값은 무엇인가요?,x=[1.00102881 0.99978237 1.0001585],x=[1.00910156 0.99786328 1.00098926],x=[1.000109 0.999978 1.0000109],x=[0.75 0.825 1.03125],b
train_5399.jpg,train/train_5399.jpg,이 이미지 속 간판 중 '여성 웰니스 리딩 파트너'라는 문구가 적힌 회사 이름은 무엇인가요?,한화생명금융서비스,한화손보,Eagles,한화투자증권,b
train_5400.jpg,train/train_5400.jpg,이 건물 안내판에 적혀 있지 않은 내용은 무엇인가요?,Next Academy,스타벅스 매장 위치,GLA,SSAFY,b
train_5401.jpg,train/train_5401.jpg,이 버스 정류장의 관리번호는 무엇인가요?,140,134,132,130,b
train_5402.jpg,train/train_5402.jpg,"사진 속에 적힌 문구 중 """"비오는 날""""에 관련된 내용은 무엇인가요?",계단 주의,금연시설 안내,우산 판매 중,결제는 카카오페이,c
train_5404.jpg,train/train_5404.jpg,CU 편의점 출입문은 어디에 있나요?,건물 2층에 있습니다,건물 옥상에 있습니다,건물 입구에 있습니다,건물 뒤쪽에 있습니다,c
train_5405.jpg,train/train_5405.jpg,이 건물의 2층에 위치한 곳은 어디인가요?,고양이 카페,디자이너 사무실,신승원컷앤컷,말랑캣 카페,c
train_5406.jpg,train/train_5406.jpg,이 건물 3층에 위치한 병원의 이름은 무엇인가요?,이민음치과,리앤웰성형외과의원,HPN-K,알앤비성형외과,d
train_5407.jpg,train/train_5407.jpg,"이 사진 속에 적힌 문구 중, 맥도날드가 사용하는 문구는 무엇인가요?",위험용 조명등,우리동네 나눔 가게,부산광역시 용역업체 사용을 허가합니다.,맥도날드는 부산광역시용역업체 사용을 허가합니다.,b
train_5408.jpg,train/train_5408.jpg,사진 속 녹색 포장지에 적힌 제품 이름은 무엇인가요?,양념김밥,핫도그,카다이프 츈득초코,카다이프 츈득찹쌀떡,c
train_5409.jpg,train/train_5409.jpg,사진에 보이는 간판에 적힌 은행 이름은 무엇인가요?,KEB 하나은행,신한은행,국민은행,IBK 기업은행,d
train_5410.jpg,train/train_5410.jpg,이 길가에 세워진 노란색 표지판에 적힌 제한 속도는 얼마인가요?,80km/h,60km/h,30km/h,50km/h,c
train_5411.jpg,train/train_5411.jpg,이 제품의 보관 방법으로 옳은 것은 무엇인가요?,습기가 많은 곳에 보관하기,서늘하고 건조한 곳에 보관하기,냉장고에 바로 넣기,직사광선에 오래 두기,b
train_5412.jpg,train/train_5412.jpg,이 매장의 오뚜기 컵밥 한 개의 할인된 가격은 얼마인가요?,"1,990원","3,000원","2,800원","2,490원",d
train_5413.jpg,train/train_5413.jpg,이 간판에 적힌 단어는 무엇입니까?,카페 베이커리,커피 숍,커피 베이커리,베이커리 카페,c
train_5414.jpg,train/train_5414.jpg,SSAFA에서 학생들이 지켜야 할 행동 강령 중 5번째 항목은 무엇인가요?,진도가 빨라도 8으로 미뤄!,에러 해결하면? 박수 8번!,8 빠지게 코딩 즐기기!,졸려도 항상 88하기!,c
train_5415.jpg,train/train_5415.jpg,사진 속 녹색 상자에 적힌 제품명은 무엇인가요?,じゃがりこL,抹茶のもなか,ライフコレクション,ロキソニンS,b
train_5416.jpg,train/train_5416.jpg,사진에 보이는 현수막에 적힌 전화번호는 무엇인가요?,1234-5678,02-123-4567,1555-4737,010-9876-5432,c
train_5417.jpg,train/train_5417.jpg,이 매장 진열대에 붙어 있는 간판에 적힌 내용은 무엇인가요?,스낵 / 과자,건강 식품,음료 / 주류,신선 식품,a
train_5418.jpg,train/train_5418.jpg,이 식당의 간판에 적힌 전문 요리는 무엇인가요?,해물탕 전문점,전주비빔밥과 한우 전문점,삼겹살 전문점,김치찌개 전문점,b
train_5419.jpg,train/train_5419.jpg,사진 속 간판에 적힌 '창인카센터'의 연락처 번호 중 하나는 무엇인가요?,010-2562-6828,051-741-1100,051-746-2336,010-4723-2336,a
train_5420.jpg,train/train_5420.jpg,이 가게 점심 메뉴 중에서 '셰프 추천 코스'의 가격은 얼마인가요?,"4,200엔","3,300엔","6,600엔","5,500엔",c
train_5421.jpg,train/train_5421.jpg,이 식당에서 테이크아웃 아메리카노의 가격은 얼마인가요?,"1,000원","1,500원","3,000원","2,500원",b
train_5422.jpg,train/train_5422.jpg,왼쪽에 있는 과자 봉지에 적힌 주요 재료는 무엇인가요?,고구마 60%,햇감자 100%,옥수수 80%,밀가루 50%,b
train_5423.jpg,train/train_5423.jpg,이 가게의 이름은 무엇인가요?,GP FACTORY,BMW MOTORRAD,CLASSICLE DAEGU,SUZUKI,a
train_5424.jpg,train/train_5424.jpg,이 사진에 나온 가게 이름 중 올바른 것은 무엇인가요?,홍천뚝배기,조광페인트,광천마트,홍천커피숍,a
train_5425.jpg,train/train_5425.jpg,홈플러스 동광주점에서 정상영업한다고 알리는 현수막에 적힌 문구는 무엇인가요?,홈플러스 동광주점은 할인행사 중입니다.,홈플러스 동광주점은 임시휴업 합니다.,홈플러스 동광주점은 휴무일입니다.,홈플러스 동광주점은 정상영업 합니다!,d
train_5426.jpg,train/train_5426.jpg,이 기차역 승강장의 호차번호는 무엇인가요?,5호차,9호차,3호차,7호차,a
train_5427.jpg,train/train_5427.jpg,이 건물의 5층에 위치한 병원은 무엇인가요?,안과,피부과,내과,치과,d
train_5428.jpg,train/train_5428.jpg,이 장소의 이름은 무엇인가요?,ASHLEY QUEENS DOPAMINE,QUEENS ASHLEY DOPAMINE,DOPAMINE ASHLEY QUEENS,QUEENS DOPAMINE ASHLEY,a
train_5429.jpg,train/train_5429.jpg,사진 속 왼쪽 포스터에 적힌 민트초코 맥주의 알코올 도수는 얼마인가요?,6.0도,5.0도,4.5도,3.2도,d
train_5430.jpg,train/train_5430.jpg,"사진 속 건물에 있는 간판 중, 'THE WAVE'는 어떤 종류의 간판인가요?",음식점 간판,영화관 간판,마사지샵 간판,호텔 간판,d
train_5431.jpg,train/train_5431.jpg,사진에 보이는 책의 제목은 무엇인가요?,파이썬 프로그래밍 기초,SQL 자격검정 실전문제,데이터 과학 입문,웹 개발 완성,b
train_5432.jpg,train/train_5432.jpg,사진 속 안내문에서 '양(미)'가 나타내는 시간은 언제인가요?,오전 7시~9시,오후 1시~3시,오전 9시~11시,오후 5시~7시,b
train_5435.jpg,train/train_5435.jpg,사진에 보이는 부동산 중 전화번호가 010-3628-6567인 곳은 어디인가요?,아성부동산,선수촌부동산,신광매일마트,수가정의학과,a
train_5437.jpg,train/train_5437.jpg,엘리베이터 문에 붙어 있는 경고 문구 중 '손대지 마시오'는 어떤 의미인가요?,문 앞에서 기다리라는 안내,엘리베이터 문을 밀라는 지시,손을 대지 말라는 경고,문을 세게 닫으라는 안내,c
train_5438.jpg,train/train_5438.jpg,이 건물의 2층은 무엇으로 표시되어 있나요?,교육동 2F,휴게실 2F,회의실 2F,사무실 2F,a
train_5439.jpg,train/train_5439.jpg,"이 현수막에 적힌 내용 중, 전동 킥보드 이용자에게 어떤 행동을 권고하고 있나요?","급경사로 사고위험, 하차 후 보행",급경사로 이용 금지,급경사로 속도 제한,급경사로 통행 허용,a
train_5440.jpg,train/train_5440.jpg,이 표지판에 적힌 안내문 내용은 무엇인가요?,쓰레기를 버리지 마세요.,실내와 야외 모두 금연입니다.,주차 금지 구역입니다.,음식물 반입 금지입니다.,b
train_5441.jpg,train/train_5441.jpg,사진 속 간판에 적힌 전화번호는 무엇인가요?,031-987-6543,042-123-4567,010-1111-2222,042-485-2650,d
train_5442.jpg,train/train_5442.jpg,왼쪽 배너에 적힌 음식 이름은 무엇인가요?,오마카세 모듬회,불고기 정식,김치찌개,초밥 세트,a
train_5443.jpg,train/train_5443.jpg,이미지 속 영화 '마루 밑 아리에티'의 4K 리마스터링 개봉일은 언제인가요?,2024.12.01,2025.07.10,2026.08.19,2023.09.15,c
train_5444.jpg,train/train_5444.jpg,이 가게의 이름은 무엇인가요?,인생 PIZZA,피자나라,맛있는 피자,행복 피자,a
train_5446.jpg,train/train_5446.jpg,이 건물에 입주해 있는 의료기관 중 '성형외과'로 표기된 곳은 어디인가요?,CU 편의점,LR HEALTH & BEAUTY,이밀음치과,리앤웰성형외과의원,d
train_5447.jpg,train/train_5447.jpg,영수증에 적힌 카페 이름은 무엇인가요?,커피 하루,하루 커피,카페 하루,하루 카페,c
train_5448.jpg,train/train_5448.jpg,이 소공원 안내도에서 안내하는 위치 중 하나가 아닌 것은 무엇인가요?,소화전,화장실,운동공간,출입구,a
train_5449.jpg,train/train_5449.jpg,사진 속 건물에 적힌 간판 중 '공인중개사'가 포함된 간판의 전화번호는 무엇인가요?,02-455-1388,02-455-1389,452-6688,02-455-1380,c
train_5450.jpg,train/train_5450.jpg,이 표지판에 적힌 금지 사항은 무엇인가요?,음주금지,쓰레기 투기 금지,흡연금지,애완동물 출입 금지,c
train_5451.jpg,train/train_5451.jpg,이 대출 광고에서 최대 상환 기간은 며칠인가요?,103일,60일,30일,180일,a
train_5452.jpg,train/train_5452.jpg,오리온 촉촉한 초코칩 쿠키의 중량은 얼마인가요?,320g,150g,216g,500g,a
train_5453.jpg,train/train_5453.jpg,이 과자 봉지에 적힌 문구 중 옳은 것은 무엇인가요?,옥수수의 고소함과 바삭한 식감,밀가루의 고소함과 쫄깃한 맛,쌀의 담백함과 촉촉한 식감,감자의 부드러움과 달콤한 맛,a
train_5455.jpg,train/train_5455.jpg,진열된 상품 중 '古都華ジャム'의 가격은 얼마인가요?,"?1,320（??み）","?2,200（??み）",?830（??み）,"?1,710（??み）",c
train_5456.jpg,train/train_5456.jpg,이 이미지에 보이는 캐릭터와 함께 적힌 문구는 무엇인가요?,전설의 용사,디어 마이 히어로,영웅을 찾아서,모험을 시작하라,b
train_5458.jpg,train/train_5458.jpg,이 향수의 이름은 무엇인가요?,Citrus Moon,Rose Bloom,Ocean Breeze,Lavender Sky,a
train_5459.jpg,train/train_5459.jpg,사진 속 아이스크림 중 초콜릿 맛 아이스크림의 이름은 무엇인가요?,에쵸 바닐라,스위트 망고,스위트 딸기,에쵸 초코,d
train_5460.jpg,train/train_5460.jpg,건물 2층에 위치한 '수학의 힘' 학원의 상담 전화번호는 무엇인가요?,T. 419-7612,T. 512-9111,T. 570-7742,T. 511-0582,d
train_5461.jpg,train/train_5461.jpg,다음 중 이 도로 표지판에서 오른쪽 방향으로 안내하고 있는 장소는 무엇인가요?,기흥구보건소,백남준 아트센터,경기도어린이박물관,경기도박물관,a
train_5463.jpg,train/train_5463.jpg,이 모기채 제품에 대해 설명한 내용 중 맞는 것은 무엇인가요?,헤드는 본체에 고정되어 있지 않다,간편한 건전지 타입이 아니다,버튼을 동시에 눌러야 작동한다,AAA 건전지 4개가 필요하다,c
train_5464.jpg,train/train_5464.jpg,이 건물에 입주한 학원 중에서 '김영천 수학 학원'의 전화번호는 무엇인가요?,1-959-2550,959-2550,959-4435,959-4433,b
train_5465.jpg,train/train_5465.jpg,이 안내문에 따르면 냉난방 중에는 무엇을 해야 하나요?,창문을 잠가주시기 바랍니다.,창문을 열어주시기 바랍니다.,창문을 닫아주시기 바랍니다.,창문을 깨끗이 닦아주시기 바랍니다.,c
train_5467.jpg,train/train_5467.jpg,이 식당 테이블 위에 보이는 병맥주 브랜드 이름은 무엇인가요?,테라,카스,맥스,하이트,b
train_5468.jpg,train/train_5468.jpg,유라시아 대륙철도 승차권에 적힌 출발지와 도착지는 어디인가요?,익산 → 런던,대구 → 뉴욕,서울 → 베를린,부산 → 파리,a
train_5472.jpg,train/train_5472.jpg,이 상점의 간판에 적힌 상호명은 무엇인가요?,수완점,MR. OPTIC,안경 콘택트,EYESAVER,d
train_5473.jpg,train/train_5473.jpg,인성 영화 감상문 공모전의 공모기간은 언제부터 언제까지인가요?,2020년 11월 1일(일)~11월 30일(월),2020년 9월 1일(화)~9월 30일(수),2020년 12월 1일(화)~12월 31일(목),2020년 10월 12일(월)~30일(금),d
train_5474.jpg,train/train_5474.jpg,세 가지 식사 메뉴 중에서 '샌드위치 콤보'에 포함된 음식은 무엇인가요?,주로 흰쌀밥과 반찬으로 구성된 도시락,"샌드위치와 다양한 야채, 콩류, 견과류",여러 가지 버섯과 견과류가 포함된 샐러드,볶음밥과 김치가 포함된 한식 세트,b
train_5476.jpg,train/train_5476.jpg,이 뮤지컬 포스터에 적힌 제목은 무엇인가요?,"외쳐, 조선!",2025 MUSICAL SWAG AGE,"SWAG AGE 외쳐, 조선!",SWAG AGE,c
train_5477.jpg,train/train_5477.jpg,이 사진에서 보이는 공항의 이름은 무엇인가요?,인천 국제공항,김포 국제공항,부산 국제공항,제주 국제공항,d
train_5478.jpg,train/train_5478.jpg,"스마트오피스텔 차량 무료 등록 안내에 따르면, 입주민 명의 이외의 차량이 유료로 주차하려면 어떻게 해야 합니까?",입주민 명의 차량과 동일하게 등록된다,관리사무소에 방문하여 신청해야 한다,입주민이 직접 ㈜에이엔텍에 전화로 신청해야 한다,무료로 등록할 수 있다,c
train_5479.jpg,train/train_5479.jpg,이 식당의 상호명은 무엇인가요?,이웃집 아저씨가 튀겨주는,산토리 프리미엄 몰츠,쿠시카츠 오지상,오사카식 튀김꼬치,c
train_5481.jpg,train/train_5481.jpg,이 사진 속에 적힌 '강민경 자리' 안내문 아래쪽에 그려진 그림은 무엇인가요?,음료수 캔과 병,와인잔과 맥주잔,맥주병과 소주병,커피잔과 컵,c
train_5482.jpg,train/train_5482.jpg,이 건물에 적힌 상호명은 무엇인가요?,청운마트,선우마트,대성마트,행복마트,b
train_5484.jpg,train/train_5484.jpg,이 사진의 조형물에 적힌 글자는 무엇인가요?,HOLIDAY LETTERS,LETTERS FROM SUMMER,SUMMER VACATION,SUMMER MEMORIES,b
train_5485.jpg,train/train_5485.jpg,이 가게에서 'the Notting Hill shopping bag'의 개별 가격은 얼마인가요?,?25.00,?32.00,?15.00,?17.99,c
train_5486.jpg,train/train_5486.jpg,BBQ 통김말이 가격으로 맞는 것은 무엇인가요?,"7,000원",2.0/6.0 원,"2,000원","6,000원",b
train_5487.jpg,train/train_5487.jpg,이 세탁기에서 표시된 최대 세탁 용량은 얼마인가요?,5kg,16kg,10kg,20kg,b
train_5488.jpg,train/train_5488.jpg,이 영수증에 적힌 거래 금액은 얼마인가요?,"180,000원","200,000원","150,000원","100,000원",a
train_5489.jpg,train/train_5489.jpg,슬러시 메이커 제품 박스에 적힌 최소 작동 시간은 얼마인가요?,최소 1시간이 필요해요!,최소 2시간이 필요해요!,최소 10분이 필요해요!,최소 30분이 필요해요!,b
train_5490.jpg,train/train_5490.jpg,이 사진 속 조미료 용기 중 가운데에 적힌 것은 무엇인가요?,소금,고추가루,간장,후추,b
train_5491.jpg,train/train_5491.jpg,이 안내문에 따르면 에스컬레이터가 정비 중일 때 이용하라고 권장하는 것은 무엇인가요?,버스 또는 택시,자전거 또는 킥보드,계단 또는 엘리베이터,지하철 또는 기차,c
train_5492.jpg,train/train_5492.jpg,이 문구에서 '금지합니다'라는 단어가 의미하는 것은 무엇인가요?,모든 출입을 허용한다,모든 출입을 금지한다,직원 외 출입을 금지한다,직원 외 출입을 허용한다,c
train_5493.jpg,train/train_5493.jpg,사진 속에서 '노웨어 틴스틱'의 정가가 얼마라고 적혀 있나요?,"29,000원","19,550원","23,000원","20,000원",c
train_5494.jpg,train/train_5494.jpg,이 사진에 보이는 가장 큰 건물의 상호명은 무엇인가요?,리앤웰 성형외과,Orange Planet,이민호,ISU UMM,b
train_5495.jpg,train/train_5495.jpg,이 건물 2층에 위치한 매장의 이름은 무엇인가요?,산더미 미서 돼지국밥,MEGA COFFEE,그린 약국,D. Ark,d
train_5496.jpg,train/train_5496.jpg,사진 속 책 표지에 적힌 시집의 제목은 무엇인가요?,봄파이어,春川 시집,春川,춘천시동인회 22집,c
train_5497.jpg,train/train_5497.jpg,퀴즈노스에서 빅3 샌드위치 탄산콤보 중 햄&치즈 + 탄산음료의 가격은 얼마인가요?,"9,000원","8,000원","11,400원","7,300원",d
train_5498.jpg,train/train_5498.jpg,이 가게 간판에 적힌 가게 이름은 무엇인가요?,한결식당,한결마트,한결서점,한결카페,a
train_5500.jpg,train/train_5500.jpg,이 건물에 붙어 있는 간판에 적힌 글자는 무엇인가요?,CAFE RESTAURANT,HOTEL PRAGUE,MUSEUM OF ART,BAR KTER? NEEXISTUJE,d
train_5501.jpg,train/train_5501.jpg,미락국밥 가게 앞에 주차장은 어디에 있다고 안내하고 있나요?,가게 안쪽,바로 앞,옆 건물 앞,건물 뒷편,d
train_5502.jpg,train/train_5502.jpg,사진 속 책 제목 중 '데미안'을 쓴 작가는 누구인가요?,에밀 신클레어,헤르만 헤세,소로,Claire,b
train_5503.jpg,train/train_5503.jpg,사진 속 문구에서 '꿈을 현실로 만드는' 다음에 이어지는 단어는 무엇인가요?,도전,시작,중간,끝,b
train_5504.jpg,train/train_5504.jpg,이 가게에서 제공하는 서비스로 맞는 것은 무엇인가요?,주차 무료 서비스,모든 메뉴 포장 가능합니다,테이크아웃 불가,포장 불가,b
train_5505.jpg,train/train_5505.jpg,콜라박스의 평균 방음 효과는 몇 dB인가요?,79.27 dB,40.20 dB,-39.07 dB,-40.20 dB,c
train_5506.jpg,train/train_5506.jpg,이미지에 적힌 '강남구' 표지판 아래에 있는 문구 중 맞는 것은 무엇인가요?,강남을 힘차게! 시민을 신나게! 강남 대전환!,강남을 힘차게! 구민을 신나게! 강남 대혁명!!,강남을 힘차게! 구민을 신나게! 강남 대전환!!,강남을 힘차게! 구민을 신나게! 강남 대혁신!!,c
train_5507.jpg,train/train_5507.jpg,이 표지판에 적힌 '비상문'의 영어 표기는 무엇인가요?,EXIT,SAFETY DOOR,FIRE EXIT,EMERGENCY DOOR,a
train_5509.jpg,train/train_5509.jpg,이 광고문구에서 소개하는 서비스는 무엇과 관련이 있나요?,음식 배달 서비스,교육 콘텐츠 서비스,금융지능 서비스,여행 예약 서비스,c
train_5512.jpg,train/train_5512.jpg,쓰레기 분리수거함 중에서 캔과 유리를 버리는 곳은 어디인가요?,PLASTIC,TRASH,CAN GLASS,PAPER,c
train_5513.jpg,train/train_5513.jpg,이 가게 간판에 적힌 문구는 무엇인가요?,Let's meet time,Let's eat time,Let's meat fine,Let's meat time,d
train_5514.jpg,train/train_5514.jpg,다음 중 이미지 속에 있는 표지판에 적힌 내용이 아닌 것은 무엇인가요?,낭만부자 주차장,제주 낭만 포레스트,강호장군 주차장,낭만부자,c
train_5515.jpg,train/train_5515.jpg,다음 중 이 사진에 보이는 트럭에 적힌 택배 회사 이름은 무엇인가요?,한진택배,롯데택배,경동택배,CJ대한통운,c
train_5516.jpg,train/train_5516.jpg,이 포장마차에서 모듬순대의 가격은 얼마인가요?,"6,000원","8,000원","10,000원","12,000원",b
train_5518.jpg,train/train_5518.jpg,이 메뉴판에 적힌 '아샷추 아이스티'의 가격은 얼마인가요?,"3,600원","3,400원","3,000원","3,200원",b
train_5519.jpg,train/train_5519.jpg,이 도로 표지판에 적힌 도로 이름은 무엇인가요?,신창지구·2순환로,신만마을·고실마을,풍영로,운남지구,c
train_5520.jpg,train/train_5520.jpg,이 표지판에 쓰인 비상용 망치 사용법으로 옳은 것은 무엇인가요?,비상 버튼을 눌러 경보를 울린다,유리창 모서리를 깨고 신속히 탈출한다,유리창 중앙을 부수고 탈출한다,문 손잡이를 돌려 문을 연다,b
train_5521.jpg,train/train_5521.jpg,이 사진 속 간판에 적힌 한의원 이름은 무엇인가요?,석산로한의원,간석한의원,봄봄한의원,주안한의원,c
train_5522.jpg,train/train_5522.jpg,이 가게 간판에 적힌 상호명은 무엇인가요?,최고의 PC,프로 PC,퍼펙트 PC,완벽한 PC,c
train_5523.jpg,train/train_5523.jpg,사진 속에 보이는 '야타이키타' 메뉴의 할인된 가격은 얼마인가요?,"50,000원","40,000원","45,000원","35,000원",d
train_5524.jpg,train/train_5524.jpg,대전시내버스가 2022년 7월 1일부터 시행하는 정책은 무엇인가요?,현금요금 할인,노선 변경,무료 와이파이 제공,교통카드 전면시행,d
train_5525.jpg,train/train_5525.jpg,"여름 한정 케이크 메뉴 중에서 가격이 21,000원인 것은 무엇인가요?",몰티즈&리트리버 인형 키링,말차 생크림 롤 케이크,몰티즈 하트 무드등,몰티즈&리트리버 미니 파우치,c
train_5526.jpg,train/train_5526.jpg,이 비석에 새겨진 시의 제목은 무엇인가요?,가을의 서정,미인의 곡,생명의 노래,추억의 강,b
train_5528.jpg,train/train_5528.jpg,사진 속 간판에 적힌 '역삼 우주 약국'의 전화번호는 무엇인가요?,558-1234,558-7931,558-5485,555-3540,c
train_5529.jpg,train/train_5529.jpg,이미지 속 병원 광고에 나온 수술 종류는 무엇인가요?,관절수술,뇌수술,노안백내장수술,심장수술,c
train_5530.jpg,train/train_5530.jpg,이 장소에서 주차가 금지된 이유로 올바른 것은 무엇인가요?,주차 공간이 부족합니다.,시멘트 덩어리 떨어져요!,도로 공사 중입니다.,주차 시 과태료가 부과됩니다.,b
train_5531.jpg,train/train_5531.jpg,사진 속 튜브형 용기에 적힌 자외선 차단제의 SPF 지수는 무엇인가요?,SPF 50+ PA+++,SPF 15 PA+,SPF 30+ PA++,SPF 70 PA++++,a
train_5532.jpg,train/train_5532.jpg,이 사진에서 가장 큰 글씨로 적혀 있는 문구는 무엇인가요?,환기구에 쓰레기를 버리지 맙시다!,6-227,911-9900,추락 위험 (출입하지 마세요),a
train_5533.jpg,train/train_5533.jpg,이 벽에 적힌 글귀 중 'By' 뒤에 나오는 단체명은 무엇인가요?,유성복합터미널,주유성구,백마봉사단,충남대학교,c
train_5535.jpg,train/train_5535.jpg,이 스코어보드에서 '오스틴' 선수의 타율은 얼마입니까?,0.336,0.427,1.082,0.655,a
train_5536.jpg,train/train_5536.jpg,이 티켓의 공연 시작 시간은 언제인가요?,2025년 07월 05일 오후 7시 30분,2025년 07월 04일 오후 7시 30분,2025년 07월 04일 오후 4시 24분,2025년 06월 04일 오후 7시 30분,b
train_5537.jpg,train/train_5537.jpg,이 매장에서 판매 중인 스퀴즈팝(스트로베리구미)의 가격은 얼마인가요?,"14,990원","12,990원","10,990원","9,990원",b
train_5539.jpg,train/train_5539.jpg,이 건물 간판에 적힌 호텔의 이름은 무엇인가요?,그랜드 HOTEL,아카데미 모텔,서울 호텔,아카데미 HOTEL,d
train_5542.jpg,train/train_5542.jpg,사진에 보이는 아이리스클린 제품의 제조번호는 무엇인가요?,삼한정세(주),2022-11-12,25002,Good Eyedea,c
train_5543.jpg,train/train_5543.jpg,이 문구는 어떤 문을 안내하는 표지인가요?,화장실 문,출입문,비상문,회의실 문,c
train_5544.jpg,train/train_5544.jpg,이 버스의 노선 번호는 무엇인가요?,1300,1200,1100,2200,b
train_5545.jpg,train/train_5545.jpg,치즈숯불뼈구이 중 사이즈의 가격은 얼마인가요?,"34,000원","40,000원","42,000원","36,000원",d
train_5546.jpg,train/train_5546.jpg,이 건물에 입주해 있는 업체 중 '세무사' 사무실의 이름은 무엇인가요?,호조,블랙박스,권동운,골프연습장,c
train_5547.jpg,train/train_5547.jpg,이미지 속 노란색과 파란색 간판에 적힌 단어는 무엇인가요?,프르미스,프로미,프로스,프로미스,d
train_5548.jpg,train/train_5548.jpg,이 사진에서 보이는 지하철 역의 이름은 무엇인가요?,신촌역,사당역,산본역,서울역,c
train_5550.jpg,train/train_5550.jpg,이 병에 적혀 있는 술의 종류는 무엇인가요?,드라이 진,럼,보드카,위스키,a
train_5552.jpg,train/train_5552.jpg,이 맥주 캔에 적힌 '프린체'와 '당질' 관련 문구는 무엇인가요?,프린체 50% 당질 ON,프린체 70% 당질 ON,프린체 50% 당질 OFF,프린체 70% 당질 OFF,d
train_5553.jpg,train/train_5553.jpg,이 건물의 이름은 무엇인가요?,루벤스빌,청담빌딩,삼성빌딩,카이져빌딩,a
train_5554.jpg,train/train_5554.jpg,데이터 수집 미션 진행 방식에 따른 제출 가능한 이미지 파일 형식은 무엇인가요?,bmp 파일만 가능,gif 파일만 가능,jpg와 png 파일 가능,tiff 파일만 가능,c
train_5555.jpg,train/train_5555.jpg,이 사진에 보이는 간판 중 커피와 관련된 상호명은 무엇인가요?,PARK VIEW,커피빈,GS25 편의점,스타벅스,a
train_5556.jpg,train/train_5556.jpg,이 이미지에 보이는 의약품 중에서 '설사' 증상 완화에 도움을 주는 약은 무엇인가요?,복합 지사제,세티리진 정,모르겠습니다,락토스탑 2알 x 3일,a
train_5559.jpg,train/train_5559.jpg,사진 속 간판에 적힌 단어는 무엇인가요?,Fantastic,Fantashic,Fastastic,Fantasic,a
train_5560.jpg,train/train_5560.jpg,"이 금연구역 표지판에 따르면, 금연구역 내에서 흡연할 경우 부과되는 과태료는 얼마인가요?",1만원,3만원,5만원,10만원,c
train_5561.jpg,train/train_5561.jpg,이 제품의 100g당 나트륨 함량은 얼마인가요?,0.34 g,2.77 g,158 g,340.3 mg,d
train_5562.jpg,train/train_5562.jpg,이 음료의 이름은 무엇인가요?,포도녹차 젤리 크러쉬,딸기 바나나 스무디,초콜릿 라떼,망고 요거트 쉐이크,a
train_5563.jpg,train/train_5563.jpg,이미지 속 중앙에 적힌 문구는 무엇인가요?,99% 살균 인체무해,반찬은 셀프바 이용 부탁드립니다,손님은 위생을 꼭 지켜주세요,음식은 남기지 마세요,b
train_5565.jpg,train/train_5565.jpg,이 편의점 출입문에 붙어 있는 노브랜드 관련 문구에서 노브랜드 상품을 구매할 수 있는 곳은 어디인가요?,노브랜드 매장,온라인 쇼핑몰,이마트24 편의점,편의점24,c
train_5566.jpg,train/train_5566.jpg,이 과자 봉지에 적힌 과자의 종류는 무엇인가요?,CASAVA CHIPS,SWEET POTATO CHIPS,POTATO CHIPS,TARO CHIPS,a
train_5568.jpg,train/train_5568.jpg,이 책 표지에 적힌 내용 중 이 책이 다루는 분야가 아닌 것은 무엇인가요?,항공법,철도시설법,한국철도공사법,철도산업발전기본법,a
train_5569.jpg,train/train_5569.jpg,캐리마켓 패밀리세일 기간은 언제부터 언제까지인가요?,8.11 ~ 8.20,9.1 ~ 9.10,7.20 ~ 7.30,8.1 ~ 8.10,a
train_5570.jpg,train/train_5570.jpg,이 포켓몬 카드의 이름은 무엇인가요?,뷰티플라이,파이리,이상해씨,피카츄,a
train_5571.jpg,train/train_5571.jpg,이 상품의 이름은 무엇인가요?,Drink缶バッジ Collection,Drink缶バッジ Series,Drink缶バッジ Pack,Drink缶バッジ Set,a
train_5572.jpg,train/train_5572.jpg,사진 속 파란색 표지판에 적힌 도로명은 무엇인가요?,아차산로7길,성락성결교회,성수2가7동 주민센터,공영주차장,a
train_5574.jpg,train/train_5574.jpg,"Dublins Horse and Carriages 가격표에 따르면, 'Dublin Castle / City Hall'의 가격은 얼마인가요?",€50,€30,€40,€60,c
train_5575.jpg,train/train_5575.jpg,화면에 보이는 치킨텐더 샐러드의 가격은 얼마인가요?,"\16,500","\10,000","\15,500","\6,000",c
train_5577.jpg,train/train_5577.jpg,사진 속에 보이는 오뚜기 컵밥 포장지에 적힌 문구는 무엇인가요?,신제품 출시,20% UP,10% 할인,30% 증량,b
train_5578.jpg,train/train_5578.jpg,화장실에서 올바른 사용법으로 표시된 것은 무엇인가요?,변기 위에 올라가서 사용한다,변기 옆에 앉아서 사용한다,변기에 앉아서 사용한다,변기 앞에 서서 사용한다,c
train_5579.jpg,train/train_5579.jpg,"이 행사 포스터에 따르면, 2025 금융권 공동채용 박람회의 주최 기관 중 하나가 아닌 것은?",생명보험협회,한국무역협회,금융투자협회,은행연합회,b
train_5580.jpg,train/train_5580.jpg,사진 속 큰 현수막에 적힌 문구 중에서 '들꽃'과 함께 쓰인 표현은 무엇인가요?,가장 먼저 밀어올라는 들꽃,가장 늦게 피어나는 들꽃,가장 예쁘게 피는 들꽃,가장 많이 자라는 들꽃,a
train_5583.jpg,train/train_5583.jpg,이 포스터에서 소개하는 냉동식품의 시작 가격은 얼마인가요?,"2,900원부터","2,800원부터","3,000원부터","4,900원부터",a
train_5584.jpg,train/train_5584.jpg,이 경기장 내 광고판에 나온 치킨 브랜드 이름은 무엇인가요?,No Brand Pizza,No Brand Coffee,No Brand Burger,No Brand Chicken,c
train_5585.jpg,train/train_5585.jpg,이 사진에서 보이는 현수막에 적힌 문구는 무엇인가요?,평화시장 주차장은 무료입니다.,이제 그만! 담배꽁초 무단투기!,"오늘은 비가 옵니다, 우산을 챙기세요.",환영합니다! 평화시장 방문을 환영합니다.,b
train_5586.jpg,train/train_5586.jpg,이 도로 표지판에 적힌 문구는 무엇을 알리고 있나요?,횡단보도입니다,주차금지 구역입니다,도로 공사 중입니다,어린이보호구역 여기부터 속도를 줄이시오,d
train_5587.jpg,train/train_5587.jpg,수제 어묵 고로케 가게에서 판매하지 않는 고로케 종류는 무엇인가요?,김치 어묵고로케,고구마 어묵고로케,불고기 어묵고로케,치즈 어묵고로케,c
train_5588.jpg,train/train_5588.jpg,이 천에 적힌 글씨는 무엇인가요?,감귤 창고 감자밭,감자 창고 미깡밭,미깡 창고 감귤밭,감귤 창고 미깡밭,c
train_5591.jpg,train/train_5591.jpg,이 음료수 병에 적혀 있는 브랜드 이름은 무엇인가요?,fanta,sprite,rivella,cola,c
train_5592.jpg,train/train_5592.jpg,이 주문권에 적힌 주문번호는 무엇인가요?,4750,0475,4175,0216,b
train_5593.jpg,train/train_5593.jpg,이 건물에서 '강진숯불갈비'는 어느 층에 위치해 있나요?,3층,5층,1층,7층,a
train_5594.jpg,train/train_5594.jpg,이 건물에 위치한 병원의 이름은 무엇인가요?,KB국민은행,뿌리연합의원,센트럴치과의원,동동클리닉,b
train_5595.jpg,train/train_5595.jpg,사진 속 노란색 간판에 적힌 상호명은 무엇인가요?,S-mart,Speed 부동산,동전자,아이 이쁘다,a
train_5596.jpg,train/train_5596.jpg,이 가게의 이름은 무엇인가요?,참치정육점,참치학교,영조어패류,얼음,a
train_5597.jpg,train/train_5597.jpg,이 카페의 와이파이 비밀번호는 무엇인가요?,KT_GIGA_8A23,WiFi2024,Cafe1234,0cda4dh696,d
train_5599.jpg,train/train_5599.jpg,화이트보드에 적힌 SSAFY 목표 중 '코딩 즐기기'를 몇 배로 하라고 했나요?,100배,8배,무한대 배,88배,b
train_5600.jpg,train/train_5600.jpg,이 트램이 향하는 목적지는 어디인가요?,Causeway Bay,Happy Valley,Kennedy Town,Central,c
train_5601.jpg,train/train_5601.jpg,사진에 보이는 카페의 이름은 무엇인가요?,EDIYA COFFEE,HOLLYS COFFEE,PASCUCCI,STARBUCKS,c
train_5602.jpg,train/train_5602.jpg,이 교차로의 오른쪽에 있는 큰 건물의 이름은 무엇인가요?,서울시립도서관,서울시립미술관,서울시립대학교 병원,서울시립대학교,d
train_5603.jpg,train/train_5603.jpg,이미지 속 선반에 있는 '카밀 핸드 크림'의 가격은 얼마인가요?,"6,000원","2,430원","2,900원","4,600원",b
train_5604.jpg,train/train_5604.jpg,서울국제정원박람회가 열리는 기간은 언제부터 언제까지인가요?,2026년 5월 1일부터 10월 27일까지,2026년 4월 1일부터 9월 30일까지,2026년 3월 1일부터 8월 31일까지,2026년 6월 1일부터 11월 30일까지,a
train_5605.jpg,train/train_5605.jpg,컴배트 맥스 제품에 표시된 살충 지속 기간은 얼마인가요?,즉각 살충 + 3주 지속,즉각 살충 + 2주 지속,즉각 살충 + 4주 지속,즉각 살충 + 5주 지속,c
train_5606.jpg,train/train_5606.jpg,식당 출구로 가기 위해서 어떻게 해야 한다고 안내되어 있나요?,계단으로 이동 후 19층 엘리베이터를 이용하세요.,직접 엘리베이터를 타고 19층으로 올라가세요.,계단으로 이동 후 20층 엘리베이터를 이용하세요.,직접 엘리베이터를 타고 20층으로 올라가세요.,a
train_5607.jpg,train/train_5607.jpg,이 이미지에 보이는 돈까스 제품 이름은 무엇인가요?,오리지널 돈까스,리야 새우,디지게 매운 돈까스,매운 소스 돈까스,c
train_5609.jpg,train/train_5609.jpg,이 건물 3층에 있는 업체는 어떤 서비스를 제공하나요?,노래방,택배 서비스,조명 판매,당구장,b
train_5610.jpg,train/train_5610.jpg,이곳은 어떤 종류의 공간인가요?,회의실,휴게실,SELF CAFE,자판기 코너,c
train_5611.jpg,train/train_5611.jpg,가게 간판에 적힌 문구는 무엇인가요?,HONG KONG STAY HAPPY,HONG KONG BE HAPPY,HONG KONG BE BRAVE,HONG KONG STAY STRONG,b
train_5612.jpg,train/train_5612.jpg,순찰자전용 거점주차구역의 주간 거점시간은 언제인가요?,14:00 ~ 16:00,12:00 ~ 14:00,21:00 ~ 00:00,16:00 ~ 18:00,a
train_5614.jpg,train/train_5614.jpg,메뉴판에 따르면 '삼겹두루치기'의 가격은 얼마인가요?,"22,000","20,000","15,000","18,000",b
train_5615.jpg,train/train_5615.jpg,사진 속 식당의 이름은 무엇인가요?,그릴 하우스,고기 천국,마장동 김씨,레드 버튼,c
train_5617.jpg,train/train_5617.jpg,이 사진 속 건물에 적힌 병원 이름 중 하나가 아닌 것은 무엇인가요?,연세 큰별치과 의원,바른치과 의원,아름다운나라 피부과,성남교육지원청 의원,d
train_5618.jpg,train/train_5618.jpg,이 사진에 보이는 세 가게 중 중앙에 위치한 가게의 이름은 무엇인가요?,삼물 지역 농협,풍년 떡집·방앗간,맛깔반찬,연창역 이번지,c
train_5619.jpg,train/train_5619.jpg,사진 속 멀티캠퍼스(역삼) 주간메뉴표에 따르면 7월 23일 목요일 도시락 메뉴 중에 포함된 음식은 무엇인가요?,돼지고기김치볶음,닭갈비,소불고기,대파매운족발구이,d
train_5620.jpg,train/train_5620.jpg,사진에 보이는 바다 근처 공원에 설치된 조형물에 적힌 글자는 무엇인가요?,LOVE,PEACE,HOPE,HAPPY,a
train_5621.jpg,train/train_5621.jpg,사진 속 건물에 크게 보이는 브랜드 이름은 무엇인가요?,Heineken,Corona,Guinness,Budweiser,a
train_5622.jpg,train/train_5622.jpg,이 구호용품보관함 안에 비치되어 있는 마스크는 어떤 상황에서 사용하라고 적혀 있나요?,지진 발생 시 사용,홍수 발생 시 사용,화재 발생 시 사용,정전 시 사용,c
train_5623.jpg,train/train_5623.jpg,이 가게의 간판에 적힌 상호명은 무엇인가요?,HOF & SOJU,디오니스 생맥주 퓨전,TSINGTAO PREMIUM BEER,디오니스 퓨전 요리전문점,b
train_5624.jpg,train/train_5624.jpg,이미지에 보이는 만화책 『하이큐!!』 시리즈에서 7권의 표지에 그려진 캐릭터의 모습은 어떤가요?,공을 받으려는 모습,앞을 보고 점프하는 모습,뒤를 돌아보며 서 있는 모습,앉아서 쉬고 있는 모습,a
train_5625.jpg,train/train_5625.jpg,이 건물에 있는 간판 중 영어 학원을 의미하는 곳은 어디인가요?,LUMI ON,애로우 잉글리시,용용선생,게임캠퍼스,b
train_5626.jpg,train/train_5626.jpg,건물에 적힌 대학 이름은 무엇인가요?,고려대학교,건국대학교,서울대학교,연세대학교,b
train_5627.jpg,train/train_5627.jpg,이 간판에 적힌 빵집 이름은 무엇인가요?,聰明小熊?乾專門店,Jenny Bakery,文具 STATIONERY,珍?曲奇聰明小熊,b
train_5628.jpg,train/train_5628.jpg,왼쪽 가게 간판에 적힌 전화번호는 무엇인가요?,T.827-1717,T.826-1717,T.827-1008,T.826-1008,d
train_5632.jpg,train/train_5632.jpg,이 가판대에서 판매하는 맥주의 브랜드는 무엇인가요?,칭다오(???酒),하이네켄(Heineken),버드와이저(Budweiser),블루문(Blue Moon),a
train_5634.jpg,train/train_5634.jpg,이미지에 보이는 책 중에서 '취업성공 후기집'이라는 제목의 책을 제공하는 곳은 어디인가요?,네이버,삼성전자,서울대학교,SSAFY 취업지원센터,d
train_5635.jpg,train/train_5635.jpg,이 간판에 적힌 약국의 이름은 무엇인가요?,행복약국,서울약국,팜스약국,건강약국,c
train_5636.jpg,train/train_5636.jpg,이 가게의 이름은 무엇인가요?,PleaseMangoMany,MangoPleaseMany,ManyMangoPlease,MangoManyPlease,d
train_5637.jpg,train/train_5637.jpg,"""""어제가 내일이었으면 좋겠다. 그럼 오늘이 금요일일 텐데...""""라는 문장에서 오늘은 무슨 요일인가요?",목요일,수요일,일요일,금요일,c
train_5638.jpg,train/train_5638.jpg,이 도로의 제한 속도는 얼마인가요?,50 km/h,30 km/h,20 km/h,40 km/h,b
train_5639.jpg,train/train_5639.jpg,케이블TV 방송 단체서비스 월 이용료가 변경되어 얼마가 되었나요?,"변경 전 월 5,000원 → 변경 후 월 6,000원","변경 전 월 6,000원 → 변경 후 월 7,000원","변경 전 월 3,800원 → 변경 후 월 4,200원","변경 전 월 4,400원 → 변경 후 월 5,500원",d
train_5640.jpg,train/train_5640.jpg,이 사진에 걸려 있는 글씨는 무엇을 알리고 있나요?,2024 혼디 환영회,2023 혼디 송년회,2024 혼디 송년회,2024 혼디 신년회,c
train_5642.jpg,train/train_5642.jpg,오른쪽 안내문에 적힌 내용 중 맞는 것은 무엇인가요?,도시락 드시는 고객께서는 직원에게 불러주세요.,도시락 드시는 고객께서는 직원을 불러주세요. :),도시락 드시는 고객께서는 직원에게 직접 결제해 주세요.,도시락 드시는 고객께서는 셀프로 도시락을 가져가세요.,b
train_5643.jpg,train/train_5643.jpg,"하형종 선인장의 물주기 방법 중 봄, 여름, 가을에 잎 흙이 마르면 어떻게 해야 하나요?",흙을 완전히 적신다,잎에만 물을 뿌린다,흙이 마르면 흠뻑 관수한다,물을 주지 않는다,c
train_5645.jpg,train/train_5645.jpg,천장에 설치된 기기의 브랜드는 무엇인가요?,EPSON,LG,삼성,SONY,a
train_5646.jpg,train/train_5646.jpg,이 영화 예매권에 적힌 영화 제목은 무엇인가요?,탑 건 (2D 광음 4K),인터스텔라 (3D),기생충 (4D),어벤져스 (IMAX),a
train_5647.jpg,train/train_5647.jpg,이 사진 속 철제 보관함에 적힌 글자는 무엇인가요?,공지사항,자전거,소화기,소독제,c
train_5648.jpg,train/train_5648.jpg,이 사진에 보이는 은행의 이름은 무엇인가요?,국민은행,하나은행,우리은행,신한은행,c
train_5649.jpg,train/train_5649.jpg,이 영화관의 이름은 무엇인가요?,MOVIE PALACE,SHONAN CINEMA HALL,109 CINEMAS SHONAN,CINEMA PARK,c
train_5653.jpg,train/train_5653.jpg,이 사진에 보이는 가게의 이름은 무엇인가요?,서울베이커리,서울샐러드,서울커피,서울식당,b
train_5654.jpg,train/train_5654.jpg,사진에 보이는 간판 중에서 '미용실'이라고 적힌 곳의 이름은 무엇인가요?,노블레스 홈쇼핑,emart24,행운 미용실,이안식당,c
train_5655.jpg,train/train_5655.jpg,책 제목 'FLUSH 똥'의 부제는 무엇인가요?,일상 속 과학 이야기,재미있는 생물학 탐험,뜻밖의 보물에 숨겨진 놀라운 과학,화학의 신비를 풀다,c
train_5657.jpg,train/train_5657.jpg,사진 속 음료 캔에 적힌 칼로리 정보는 무엇인가요?,200 kcal,100 kcal,50 kcal,0 kcal,d
train_5658.jpg,train/train_5658.jpg,이 건물 2층에 있는 학원 이름은 무엇인가요?,본도시락,공인중개사,인투엠 수학·과학,하이베스트문구,c
train_5659.jpg,train/train_5659.jpg,이 건물 간판에 적힌 업소 이름은 무엇인가요?,서울커피,부산마사지,서울안마,인천안마,c
train_5660.jpg,train/train_5660.jpg,이 사진에 보이는 간판의 상호명은 무엇인가요?,교차로,헤어갤러리,카페베네,톤미플,b
train_5661.jpg,train/train_5661.jpg,"이 기계에 붙어 있는 안내문에 따르면, 쾌적한 실내공기를 위해 누가 환기장치를 설치했나요?",부산시청,부산도시철도,한국전력,환경부,b
train_5663.jpg,train/train_5663.jpg,사진 속 상점 중 세일(SALE) 표시가 보이는 곳은 어디인가요?,BEBENORI,ALLERMAN,STYLE 21st.,그린오피스,a
train_5664.jpg,train/train_5664.jpg,이 식당의 전화번호는 무엇인가요?,010-5555-6666,02-123-4567,033-632-1567,031-987-6543,c
train_5665.jpg,train/train_5665.jpg,이 주차장 입구의 통과 높이 제한은 얼마인가요?,2.1m,2.5m,3.0m,2.3m,d
train_5666.jpg,train/train_5666.jpg,이 건물의 2층에 위치한 내과 병원의 이름은 무엇인가요?,옥계내과,다원동종의학과의원,이 지 학 원,보새한의원,a
train_5667.jpg,train/train_5667.jpg,'아이&아이' 무인할인점에서 24시간 판매하는 상품이 아닌 것은?,음료,과자,의류,아이스크림,c
train_5668.jpg,train/train_5668.jpg,이 공인중개사 사무소 간판에 적힌 전화번호는 무엇인가요?,451-1355,987-6543,123-4567,407-5800,d
train_5669.jpg,train/train_5669.jpg,이곳에서 볼 수 있는 편의점의 이름은 무엇인가요?,7-Eleven,GS25,CU,이마트24,b
train_5670.jpg,train/train_5670.jpg,메뉴판에 적힌 '여름철 메뉴'에서 '서리태 냉 콩국수'의 가격은 얼마인가요?,"5,000원","7,000원","12,000원","8,000원",d
train_5671.jpg,train/train_5671.jpg,이 벽에 설치된 설비의 명칭은 무엇인가요?,소화기,엘리베이터 안내,피난계획도,소화전,d
train_5672.jpg,train/train_5672.jpg,이 간판에 적힌 글귀는 무엇인가요?,일본 가정식 살림살이,중국 요리 전문점,이탈리아 피자 가게,한국 전통 음식 전문점,a
train_5673.jpg,train/train_5673.jpg,사진 속 가게의 이름은 무엇인가요?,해물쑥 아이스크림,시작한 집,찹쌀떡 딸기,여수당,d
train_5674.jpg,train/train_5674.jpg,beige 색상의 양초에 적힌 문구는 무엇인가요?,활력: 에너지를 북돋아 주는 향,마무리: 오래도록 마음에 남는 향,시작: 새로운 하루의 첫 페이지를 열어보세요,휴식: 편안한 저녁 시간을 위한 향,c
train_5675.jpg,train/train_5675.jpg,이 사진에 보이는 그릇 세트에 적혀 있는 내용 중 맞는 것은 무엇인가요?,COFFEE,PEPPER,SALT SHAKER,SUGAR,b
train_5676.jpg,train/train_5676.jpg,이 안내문에서 '발빠짐 주의'라는 문구가 의미하는 것은 무엇인가요?,승강장에 미끄러운 물이 있으니 조심하라는 뜻,승강장 문이 갑자기 닫히니 조심하라는 뜻,열차가 빠르게 출발하니 조심하라는 뜻,열차와 승강장 사이의 간격이 넓으니 조심하라는 뜻,d
train_5677.jpg,train/train_5677.jpg,사진 속 상품 중 1+1 행사로 판매되고 있는 것은 무엇인가요?,하몽 소다 크래커,일품 곱창볶음,감성 깡냉이,김치왕교자,a
train_5678.jpg,train/train_5678.jpg,이 이미지에 적힌 문구는 무엇인가요?,희망은 언제나 우리 곁에,"우린 초라, 해져도 다시 빛나",빛나는 미래를 위해,"우리 함께 걷자, 영원히",b
train_5679.jpg,train/train_5679.jpg,이 사진에서 보이는 큰 길 입구에 있는 문은 무엇이라고 적혀 있나요?,雷門,ストレスをなくすための皆さんに,日本トムソン,太田買取,a
train_5680.jpg,train/train_5680.jpg,이 건물의 7층에 위치한 치과의 이름은 무엇인가요?,하이치과,엠마뷰티아카데미,센텀이비인후과,더바디테라피,a
train_5681.jpg,train/train_5681.jpg,글빛도서관 1층에 없는 자료실은 무엇인가요?,자료실1_일반도서,자료실2_일반도서,자료실1_아동,자료실1_그림,b
train_5682.jpg,train/train_5682.jpg,사진 속에서 '그래놀라'의 가격은 얼마인가요?,"5,480원","4,980원","5,980원","2,300원",c
train_5683.jpg,train/train_5683.jpg,이 건물의 1층에는 어떤 업종이 입주해 있나요?,피트니스 센터,자전거 대여,커피숍,서점,b
train_5684.jpg,train/train_5684.jpg,이 엘리베이터 안에 붙어있는 포스터는 무엇을 축하하는 내용인가요?,삼성 임직원 복지 프로그램 안내,삼성전자 신제품 출시 축하,삼성청년 SW·AI아카데미 16기 입학 축하,엘리베이터 안전 수칙 안내,c
train_5685.jpg,train/train_5685.jpg,이미지에 보이는 책 중 '동국대전' 시리즈는 몇 권으로 구성되어 있나요?,4권,1권,3권,2권,d
train_5686.jpg,train/train_5686.jpg,이 이미지 속에 보이는 간식의 맛은 무엇인가요?,바닐라 맛,딸기 맛,레몬 버터 맛,초콜릿 맛,c
train_5687.jpg,train/train_5687.jpg,이 가게의 Orange Bagel은 어떤 재료로 만들었나요?,100% 오렌지 과즙과 이탈리아산 밀가루,100% 레몬 과즙과 프랑스산 밀가루,100% 오렌지 과즙과 프랑스 & 캐나다산 밀가루,100% 사과 과즙과 미국산 밀가루,c
train_5688.jpg,train/train_5688.jpg,이 제품의 이름은 무엇인가요?,쑥인절미,호박인절미,팥인절미,단호박떡,b
train_5689.jpg,train/train_5689.jpg,이 교차로에서 지켜야 할 제한 속도는 무엇인가요?,80 km/h,50 km/h,30 km/h,60 km/h,b
train_5690.jpg,train/train_5690.jpg,이 사진 속 표지판에 적힌 도로 이름은 무엇인가요?,역삼로 12길,테헤란로 33길,삼성로 21길,강남대로 45길,b
train_5691.jpg,train/train_5691.jpg,이 이미지에서 레몬 맛 젤로(JELL-O)의 가격은 얼마인가요?,$5.99,$2.49,$1.79,$2.99,b
train_5692.jpg,train/train_5692.jpg,텐퍼센트 메뉴에서 'Parfait' 종류에 해당하는 음료가 아닌 것은?,탐탐초코파르페,탐탐커피파르페,탐탐말차파르페,딸기딸기파르페,c
train_5693.jpg,train/train_5693.jpg,이 건물의 간판에 적힌 상호명(가게 이름)은 무엇인가요?,롯데마트,도라에몽,이마트,돈키호테,d
train_5694.jpg,train/train_5694.jpg,이 버스 정류장의 이름은 무엇인가요?,부산역,임랑삼거리,해운대,포구,b
train_5695.jpg,train/train_5695.jpg,아이스크림 컵에 적혀 있는 상호명은 무엇인가요?,서울우유,상하목장,롯데제과,빙그레,b
train_5696.jpg,train/train_5696.jpg,"특실 서비스 변경 안내에 따르면, 특실물품은 어디에서 셀프 서비스로 제공되나요?",객실 내 뒤편(테이블),객실 복도,객실 내 앞편(의자),객실 내 창가 쪽,a
train_5697.jpg,train/train_5697.jpg,이 매장에서 진행 중인 할인 행사 내용으로 맞는 것은 무엇인가요?,여름 시즌 상품 20% 할인,겨울 시즌 상품 30% 할인,전 상품 10% 할인,신상품 15% 할인,a
train_5701.jpg,train/train_5701.jpg,사진 속 옷 라벨에 적혀 있지 않은 문구는 무엇인가요?,100% cotton material,MADE IN KOREA_OMNIBUS,Made with organic cotton,basic and simple_colorful,c
train_5703.jpg,train/train_5703.jpg,이미지에 보이는 초코파이 제품의 브랜드는 무엇인가요?,오리온,해태,농심,롯데,d
train_5705.jpg,train/train_5705.jpg,이 건물에 있는 노래방 이름은 무엇인가요?,야채랑 과일나라,독일보험,PRO BIT.,청개구리 노래방,d
train_5706.jpg,train/train_5706.jpg,이 건물 안내판에 따르면 1층에 있는 곳은 어디인가요?,국민은행 ATM,정반 강남시험센터,세미나홀 임대,스타벅스와 GS25,d
train_5707.jpg,train/train_5707.jpg,이 휴지 케이스에 붙어 있는 안내문 중 '한 창만 사용해도 충분한 에어플렉스 타올이 들어있습니다'라는 문구는 어떤 의미인가요?,한 번에 한 창만 당겨서 사용하세요.,휴지를 여러 장 당겨 사용하세요.,한 번에 두 창을 당겨서 사용하세요.,두 개 창을 동시에 당기지 마세요.,a
train_5708.jpg,train/train_5708.jpg,이 노란색 표지판에는 무엇에 대해 경고하고 있나요?,불법주·정차 CCTV 단속 중,과속 차량 단속 중,주차 요금 안내,쓰레기 무단 투기 금지,a
train_5710.jpg,train/train_5710.jpg,이 건물 입구에 적혀 있는 노래방의 이름은 무엇인가요?,노래방,강남공인중개사,비타민,연습장,c
train_5712.jpg,train/train_5712.jpg,이 분리수거함에서 파란색 뚜껑이 붙은 통에는 어떤 쓰레기를 버리나요?,재활용품,종량제 봉투,일반 쓰레기,음식물 쓰레기,c
train_5713.jpg,train/train_5713.jpg,사진에 보이는 두 가게 간판 중 왼쪽 가게의 이름은 무엇인가요?,D. Ark,KOLON SPORT,디아크헤어,MEGA COFFEE,a
train_5714.jpg,train/train_5714.jpg,사진 속 텍스트에 적힌 아파트 단지 이름은 무엇인가요?,금봉3동 행복정원,금봉2동 매력정원,금봉2동 아름정원,금봉1동 매력정원,b
train_5716.jpg,train/train_5716.jpg,이 건물에 적힌 간판 중 '진성정밀' 간판에 적힌 내용으로 맞는 것은 무엇인가요?,200T 보링,100T 보링,50T 보링,150T 보링,b
train_5717.jpg,train/train_5717.jpg,아래 안내문에 적힌 '역곡 1호점'의 전화번호는 무엇인가요?,032-343-9970,032-343-2340,080-478-9247,080-080-0808,a
train_5718.jpg,train/train_5718.jpg,"사진 속 안내판에 따르면, 이용고객이 안전과 편의를 위해 이용해야 하는 것은 무엇인가요?",출입금지 구역,엘리베이터,노란안전선 안에 탑승,계단 또는 에스컬레이터,d
train_5719.jpg,train/train_5719.jpg,이 식당에서 뼈해장국의 가격은 얼마인가요?,"1,000원","9,000원","8,000원","10,000원",d
train_5721.jpg,train/train_5721.jpg,이 사진에 보이는 교차로 신호등의 현재 신호는 무엇인가요?,깜빡이는 빨간불,노란불,빨간불,파란불,c
train_5723.jpg,train/train_5723.jpg,이 표지판에 따르면 'The Cuckoo'까지의 거리는 얼마인가요?,2km,9km,3km,0.7km,a
train_5724.jpg,train/train_5724.jpg,기둥에 붙어 있는 포스터에 적힌 문구는 무엇인가요?,"THANKS, GREEN",GO GREEN NOW,SAVE THE PLANET,"HELLO, WORLD",a
train_5725.jpg,train/train_5725.jpg,"반미 362 세트 메뉴에서 10,000원에 포함된 메뉴는 무엇인가요?",반미샌드위치 + 쌀국수 + 캔음료,반미샌드위치 + 아메리카노,반미샌드위치 + 쌀국수,반미샌드위치 + 콜라,b
train_5726.jpg,train/train_5726.jpg,왼쪽 상자 위에 적힌 사용 방법 중 첫 번째 방법은 무엇인가요?,물을 입에 머금기,손에 덜어내기,치아로 씹기,혀로 핥기,b
train_5727.jpg,train/train_5727.jpg,리틀 그라운드 매장 벽에 적힌 문구 중 어떤 내용이 포함되어 있나요?,전 세계 다양한 브랜드 소개와 인큐베이팅을 통해 글로벌 트렌드를 만들어가는 감성 공간입니다.,리틀 그라운드는 전자제품을 판매하는 매장입니다.,리틀 그라운드는 식료품을 주로 판매하는 매장입니다.,리틀 그라운드는 성인 의류 전문 매장입니다.,a
train_5728.jpg,train/train_5728.jpg,사진에 보이는 '허니뻥이요' 과자의 가격은 얼마인가요?,"2,300원","2,100원","1,700원","2,000원",b
train_5730.jpg,train/train_5730.jpg,이 건물 입구에 붙어 있는 '위험' 표지판 아래에 적혀 있는 문구는 무엇인가요?,전기위험,출입금지,화재주의,고압가스,d
train_5731.jpg,train/train_5731.jpg,이 건물 3층에 위치한 병원의 진료과목은 무엇인가요?,치과,피부과,소아과,내과,b
train_5732.jpg,train/train_5732.jpg,2025 환경데이터 활용 및 분석 공모전 3차 평가에 참가한 팀 이름은 무엇인가요?,BAM,GREEN,ECO,DATA,a
train_5733.jpg,train/train_5733.jpg,사진 속 상가 임대 안내문에 적힌 전화번호는 무엇인가요?,010 1234-5678,010 3888.0113,010 5555-5555,010 9468-1233,b
train_5734.jpg,train/train_5734.jpg,사진 속 건물에 있는 '조은안과' 간판에 적힌 연락처는 무엇인가요?,031-987-6543,646-5055,02-123-4567,653-0000,b
train_5735.jpg,train/train_5735.jpg,"이 가게 '붓자 냉삼'에서 판매하는 메뉴 중 가격이 11,900원인 메뉴는 무엇인가요?",대패,냉삼,항정살,자돌,d
train_5737.jpg,train/train_5737.jpg,이 포스터에서 보호하고자 하는 대상은 무엇인가요?,성인 도박꾼,우리 아이들,학생의 학업권,스포츠 선수,b
train_5738.jpg,train/train_5738.jpg,이 식당의 이름은 무엇인가요?,서울식당,백종원의 삼계탕,맛있는 국수집,홍콩반점 0410,d
train_5739.jpg,train/train_5739.jpg,이 골목에 있는 상점 중에서 '도배 시공 전문점'이라고 적힌 곳은 어떤 상호명인가요?,부원지물포,바닥재 종합 할인매장,코치 브랜드 매장,병행수입,b
train_5742.jpg,train/train_5742.jpg,이 도로 표지판에 따르면 '언주로'까지 얼마나 떨어져 있나요?,300m,500m,1km,100m,a
train_5743.jpg,train/train_5743.jpg,이 지하철역에서 전광판에 표시된 3번째 역은 어디인가요?,역,출발,신내,도착,c
train_5744.jpg,train/train_5744.jpg,이 건물의 2층에 위치한 업종은 무엇인가요?,족발사우나,빅뱅,바둑,노래방,b
train_5745.jpg,train/train_5745.jpg,사진 속 주황색 표지판에 적힌 내용은 무엇인가요?,주차금지 호재마트앞,주차가능 호재마트앞,주차가능 관리사무소앞,주차금지 관리사무소앞,a
train_5746.jpg,train/train_5746.jpg,이 제품의 이름은 무엇인가요?,스태프 PICK,비누 & 데일리 세트,프레쉬 핸드 크림,우드 룸 스프레이,d
train_5747.jpg,train/train_5747.jpg,빵·케이크 보관 안내에 따르면 기본 보관 시간은 얼마인가요?,1시간,2시간,3시간,4시간,c
train_5748.jpg,train/train_5748.jpg,이 간판에 적힌 영화관 이름은 무엇인가요?,신영 독립예술극장,새신영약국,정신건강의학과,성형외과,a
train_5749.jpg,train/train_5749.jpg,사진 속 'ma:n'yo' 제품의 종류는 무엇인가요?,Pure Cleansing Oil,White Velvet Perfume Hand Wash,Facial Toner,Body Lotion,a
train_5750.jpg,train/train_5750.jpg,사진 속에서 '休足美脚' 제품의 가격은 얼마입니까?,598엔,1680엔,855엔,778엔,d
train_5751.jpg,train/train_5751.jpg,이 카페의 이름은 무엇인가요?,블러리 커피,커피 서너,쿠락부 카페,서너 쿠락부,d
train_5752.jpg,train/train_5752.jpg,다음 중 식당 출구 안내문에 적힌 내용으로 맞는 것은 무엇인가요?,식당 출구는 오른쪽 계단 옆에 있습니다,엘리베이터를 타고 바로 식당 출구로 이동하세요,식당 출구는 통역실 옆에 있습니다,계단으로 이동 후 19층 엘리베이터를 이용해주세요,d
train_5753.jpg,train/train_5753.jpg,사진 속 트럭에 적혀 있는 전화번호는 무엇인가요?,02-3456-7890,010-1234-5678,1588-7924,031-9876-5432,c
train_5754.jpg,train/train_5754.jpg,이 이미지에서 '텍스트 파운데이션 모델: 거대 언어 모델' 강의 중 AI 프로그래밍 관련 내용을 설명하는 교수는 누구인가요?,여현일 교수,김재원 교수,심현경 교수,김태훈 교수,b
train_5755.jpg,train/train_5755.jpg,이 건물에 입주해 있는 스튜디오의 이름은 무엇인가요?,메이크유 스튜디오,메이크업 아트 스튜디오,엄가네,양반네 연돈 삼겹구이,a
train_5756.jpg,train/train_5756.jpg,이 차단바에 적힌 문구 중 운전자가 주의해야 할 내용은 무엇인가요?,주차장 입구 주차금지,차단바 접촉사고 주의 파손시 운전자 배상책임,주차장 출구에서 정차 필수,차단바는 자동으로 열림,b
train_5757.jpg,train/train_5757.jpg,이 표지판에 적힌 내용은 무엇인가요?,양방향 주차장,일방통행 주차장,주차금지 구역,통행금지 구역,b
train_5758.jpg,train/train_5758.jpg,이 문에 붙어 있는 주의 문구 중 '반대편 사람 주의!'라는 문구에서 설명하는 것은 무엇인가요?,문 뒤에 사람이 있을 수 있다,문이 열려 있다,문이 자동으로 닫힌다,문이 잠겨 있다,a
train_5759.jpg,train/train_5759.jpg,사진 속 경고문에 따르면 엘리베이터 문에 어떤 행동을 하면 위험한가요?,뛰어들지 마시오,기대면 추락 위험,손대지 마시오,문을 잡아당기지 마시오,b
train_5760.jpg,train/train_5760.jpg,진웨이성 메뉴판에서 짜장면 가격은 얼마인가요?,"8,500","7,000","10,000","17,000",b
train_5761.jpg,train/train_5761.jpg,이 건물에 있는 진료 과목으로 올바른 것은 무엇인가요?,"정신과, 내과, 소아과","정형외과, 내과, 소아과","치과, 피부과, 내과","정형외과, 치과, 피부과",b
train_5762.jpg,train/train_5762.jpg,이 식당 메뉴판에 없는 메뉴는 무엇인가요?,오리지널가레,치킨가레,타코야끼가레,돈까스가레,d
train_5764.jpg,train/train_5764.jpg,이 사진 속 디저트 위에 적힌 글자는 무엇인가요?,달고래 바나나 소주,달고나 바나나 소주,밤고래 바나나 주스,밤고래 바나나 소주,d
train_5765.jpg,train/train_5765.jpg,이 매장의 브랜드 이름은 무엇인가요?,STARBUCKS,GODIVA,TWOSOME PLACE,LAVAZZA,b
train_5766.jpg,train/train_5766.jpg,사진 속 LP 앨범 표지에 적힌 영화 제목은 무엇인가요?,JUSTIN HURWITZ,MUSIC BY J?HANN J?HANNSSON,LA LA LAND,ORIGINAL MOTION PICTURE SOUNDTRACK,c
train_5767.jpg,train/train_5767.jpg,이 사진 속 매장 앞에 설치된 '티켓박스' 안내문에 적힌 화살표 방향은 어디를 가리키고 있나요?,아래쪽,왼쪽,위쪽,오른쪽,b
train_5768.jpg,train/train_5768.jpg,이 이미지에 보이는 퍼즐의 브랜드 이름은 무엇인가요?,HUZZLE,PUZZLE KING,LOGIC PUZZLE,CASTLE PUZZLE,a
train_5770.jpg,train/train_5770.jpg,이 간판에 적혀 있는 글자는 무엇인가요?,BOOK STORE,SNACK BAR,FLOWER SHOP,COFFEE SHOP,b
train_5771.jpg,train/train_5771.jpg,이 도로 표지판에서 '월드컵대로' 옆에 적혀 있는 영어 표기는 무엇인가요?,World cup dae ro,World cup-dae-ro,Worldcup daero,World cup-daero,d
train_5772.jpg,train/train_5772.jpg,이미지에 보이는 카드 중 노란색 카드에 적힌 숫자는 무엇인가요?,8,2,0,7,a
train_5773.jpg,train/train_5773.jpg,이 건물에 있는 가게 중 '두피&탈모' 서비스를 제공하는 곳의 이름은 무엇인가요?,보듬동물병원,김소영 뷰티플러스,수학에 미친,두피&탈모,d
train_5774.jpg,train/train_5774.jpg,이 가게 간판에 적혀 있는 문구는 무엇인가요?,Open 24 hours,매일 신선함,"Always, 365 fresh",Fresh every day,c
train_5775.jpg,train/train_5775.jpg,이 가게의 이름은 무엇인가요?,HBAF ALMOND store,HBAF ALMOND mart,HAPPY ALMOND store,HBAL ALMOND store,a
train_5776.jpg,train/train_5776.jpg,이 건물에 있는 '메가타운약국'은 몇 층에 위치해 있나요?,1층,4층,3층,2층,d
train_5777.jpg,train/train_5777.jpg,종합안내도에서 축구장 옆에 있는 시설은 무엇이라고 적혀 있나요?,주차장,농구장 및 구장,테니스장,야외 공연장,a
train_5779.jpg,train/train_5779.jpg,이 건물에 입점해 있는 카페의 이름은 무엇인가요?,커피빈,스타벅스,TOUS les JOURS,이디야커피,c
train_5780.jpg,train/train_5780.jpg,이 건물 앞에 붙어 있는 표지판에 적힌 금연 안내 문구로 옳은 것은 무엇인가요?,흡연 가능 구역,흡연실은 지하 1층에 있음,건물 앞 흡연 허용,건물 앞 흡연 절대금지,d
train_5781.jpg,train/train_5781.jpg,이 시장의 이름은 무엇인가요?,광장시장,청량리시장,뚝도청춘시장,남대문시장,c
train_5782.jpg,train/train_5782.jpg,이 전동 킥보드에 붙어 있는 노란색 쪽지에 적힌 내용은 무엇인가요?,브레이크 고장!! 타면 아파요 안돼!!,Beam 전동 킥보드는 안전하게 사용하세요.,배터리가 방전되었습니다.,이 킥보드는 99.9% 항균 처리되었습니다.,a
train_5784.jpg,train/train_5784.jpg,이 책의 제목은 무엇인가요?,공룡 탐험 이야기,이탈리안 브레인 롯 미 슈퍼 월드컵 도감 125종,한국 공룡 대 백과사전,세계의 동물들 100종,b
train_5785.jpg,train/train_5785.jpg,이 그림에서 '싸피'라는 기회를 어떻게 대해야 한다고 적혀 있나요?,싸피라는 기회를 소중히,싸피라는 기회를 무시하자,싸피라는 기회를 잊자,싸피라는 기회를 남용하자,a
train_5786.jpg,train/train_5786.jpg,사진 속에서 '롯데 후라보노레이디'껌의 가격은 얼마인가요?,"\1,200",\500,"\2,000","\1,000",a
train_5787.jpg,train/train_5787.jpg,이 프링글스 감자칩의 맛은 무엇인가요?,치폴레 사워 크림,핫&스파이시,사워크림 어니언,바비큐,a
train_5788.jpg,train/train_5788.jpg,이 이미지의 계산대에 적혀 있는 상호명은 무엇인가요?,코스트코,이마트,홈플러스,롯데마트,d
train_5789.jpg,train/train_5789.jpg,이 편의점 복권 판매점의 영업시간은 언제까지인가요?,오전 8시부터 오후 8시까지,오전 7시부터 밤 11시까지,24시간 영업,오전 9시부터 오후 10시까지,b
train_5790.jpg,train/train_5790.jpg,대전시립미술관 3-4전시실에서 진행되는 전시 기간은 언제부터 언제까지인가요?,2026.7.23.~9.27.,2026.6.23.~9.27.,2023.7.23.~9.27.,2026.7.23.~8.27.,a
train_5791.jpg,train/train_5791.jpg,"이 지하철역에서 수인분당선, 2호선, 5호선으로 갈아타려면 어느 방향으로 가야 하나요?",위쪽으로 간다,왼쪽으로 간다,아래쪽으로 간다,오른쪽으로 간다,c
train_5792.jpg,train/train_5792.jpg,사진 속 간판에 적힌 '플스방'은 무엇의 줄임말인가요?,Play Soccer Room,Play Station Room,Play Store Room,Play School Room,b
train_5793.jpg,train/train_5793.jpg,이미지 속 티켓 두 장은 어떤 공연의 입장권인가요?,노트르담 드 파리,오페라의 유령,레 미제라블,캣츠,a
train_5795.jpg,train/train_5795.jpg,이 신문 2090호의 발행일은 언제인가요?,2023년 12월 31일,2024년 5월 1일,2024년 4월 1일,2023년 3월 15일,c
train_5796.jpg,train/train_5796.jpg,이 니트 조끼에 적혀 있는 문구는 무엇인가요?,MERRY CHRISTMAS,HAPPY HOLIDAYS,LET IT SNOW,SANTA! OMG I KNOW HIM!,d
train_5797.jpg,train/train_5797.jpg,사진 속 쇼핑백 안에 붙어 있는 파란색 스티커에 적힌 문구는 무엇인가요?,해동 후 바로 조리해 주세요,개봉 후 냉장 보관하세요,냉동 보관 후 해동해 주세요,직사광선을 피하세요,b
train_5798.jpg,train/train_5798.jpg,이 도시락 포장지에 적힌 주요 메뉴는 무엇인가요?,치킨 데리야끼와 밥,불고기,김치찌개,비빔밥,a
train_5799.jpg,train/train_5799.jpg,'건강검진센터' 안내판 아래 노란색 표지판에 적힌 내용 중 올바른 것은 무엇인가요?,사내 건강검진 오신분들은 흥부X-ray 버스 앞 출입문을 이용해 주시기 바랍니다.,건강검진은 오전 9시부터 시작합니다.,건강검진센터는 이쪽 방향입니다.,건강검진 예약은 필수입니다.,a
train_5801.jpg,train/train_5801.jpg,이 지하철 노선도에서 표시된 이 칸의 차량번호는 무엇인가요?,1102,1305,1234,1216,d
train_5802.jpg,train/train_5802.jpg,포키 초콜릿 과자의 이름에 적힌 한글은 무엇인가요?,포키크세,포키극새,포키극세,포키크새,c
train_5803.jpg,train/train_5803.jpg,사진에 보이는 'DAMTA' 매장은 어떤 종류의 매장인가요?,커피 전문점,의류 매장,24시 무인 매장,서점,c
train_5804.jpg,train/train_5804.jpg,이 자동차 정비소 간판에 적힌 영어 브랜드 이름은 무엇인가요?,CONTINENTAL,BRIDGESTONE,GOODYEAR,MICHELIN,c
train_5805.jpg,train/train_5805.jpg,이 대기표에서 '대기인수'는 몇 명인가요?,16명,5명,147명,41명,d
train_5806.jpg,train/train_5806.jpg,이 곳에서 제공하는 무료 와이파이의 ID는 무엇인가요?,GIGA_KT_0245,FREE_WIFI_01,KT_WIFI_2023,KT_GIGA_0245,d
train_5807.jpg,train/train_5807.jpg,이 초콜릿 제품의 카카오 함량은 얼마인가요?,70%,100%,99%,85%,c
train_5809.jpg,train/train_5809.jpg,'03. 사각사각 바다소금촉' 키링에 적힌 알파벳은 무엇인가요?,HOME,LIFE,LOVE,HOPE,c
train_5810.jpg,train/train_5810.jpg,위 이미지에 표시된 장소는 어디인가요?,기계실,통제구역,공조기계실,전기실,a
train_5811.jpg,train/train_5811.jpg,이 역의 이름은 무엇인가요?,札幌,なえぼ,Sapporo,そうえん,c
train_5812.jpg,train/train_5812.jpg,이 안내판에 적힌 노래 제목은 무엇인가요?,숲속의 노래,산골짜기 이야기,도끼비리를 노래하다,강물의 노래,c
train_5813.jpg,train/train_5813.jpg,사진에 보이는 건물 입구에 적힌 글자는 무엇인가요?,M3,A1,C4,B2,a
train_5814.jpg,train/train_5814.jpg,라벤더 퍼플 메뉴 중 라벤더 아이스크림 가격은 얼마인가요?,5.4,7.5,6.9,4.8,d
train_5816.jpg,train/train_5816.jpg,이미지에 적힌 수수께끼의 답은 무엇인가요?,A BOOK,A HAT,A CLOCK,A PILLOW,d
train_5818.jpg,train/train_5818.jpg,칠리 토마토 컵라면 옆에 놓인 과자는 무엇인가요?,KitKat,Pocky,Pepero,Pretz,d
train_5819.jpg,train/train_5819.jpg,이 술병에 적힌 위스키 이름은 무엇인가요?,JOHNNIE WALKER,CHIVAS REGAL,BALLANTINE'S,JACK DANIEL'S,b
train_5820.jpg,train/train_5820.jpg,사진 속 안내문에 따르면 코로나19 관련하여 어떤 지침을 부탁하고 있나요?,식사 시 대화 자제를 부탁드립니다,식사 시 반드시 마스크 착용을 부탁드립니다,손 소독을 꼭 하시길 부탁드립니다,입장 전 체온 측정을 부탁드립니다,a
train_5822.jpg,train/train_5822.jpg,이 가게에서 결제 가능한 모바일 결제 서비스가 아닌 것은 무엇인가요?,삼성 페이(Samsung Pay),애플 페이(Apple Pay),제로페이,네이버 페이,a
train_5823.jpg,train/train_5823.jpg,사진 속 'Half Day 면접' 과정 중 '심층 인터뷰'에 포함된 내용으로 옳은 것은 무엇인가요?,"PC 기반, 직무 시나리오 상황에서의 과제를 수행",정해진 답이 없는 인문학적 주제에 대한 그룹 토의 진행,면접장에 마련된 별도 공간에서 비대면 영상 인터뷰 응시,"문제해결 PT 포함, 지원서 내 경험, 연구, 수상 등 기재 내용에 대한 심층 질의응답 진행",d
train_5824.jpg,train/train_5824.jpg,이 곳에 적힌 환영 문구는 무엇인가요?,Welcome to Korea,Bienvenue en France,Bienvenido a M?xico,Hafa Adai! WELCOME TO GUAM,d
train_5825.jpg,train/train_5825.jpg,이 건물 2층에 있는 학원 이름은 무엇인가요?,365 코너,한인동 제과 제빵 학원,오디션 동전 노래연습장,MG 새마을금고,b
train_5826.jpg,train/train_5826.jpg,사진 속 버스 좌석 헤드커버에 적힌 글씨는 무엇인가요?,한양여행사,서울버스,행복여행,은혜장식,d
train_5827.jpg,train/train_5827.jpg,천원책방에서 9월 1일부터 진행하는 명절선물특선 행사와 관련하여 문의할 전화번호는 무엇인가요?,031-9876-5432,02-1234-5678,010-0000-0000,010-3901-0078,d
train_5829.jpg,train/train_5829.jpg,메뉴판에 적힌 '복숭아 아이스티'의 가격은 얼마인가요?,3.5,3.9,4.0,3.0,d
train_5830.jpg,train/train_5830.jpg,이 사진 속 간판에 따르면 수안보 사우나의 회원권 3개월 가격은 얼마인가요?,3만원,30만원,12만원,90만원,c
train_5831.jpg,train/train_5831.jpg,이 건물에 있는 핑퐁장 이름은 무엇인가요?,탁구 월드,핑퐁 스타,스매시 365,PINGPONG 24,d
train_5832.jpg,train/train_5832.jpg,이 책의 제목은 무엇인가요?,마음산책,자신감 없는 만화가가 생존하는 법,진짜진짜최종,들개이빨,c
train_5834.jpg,train/train_5834.jpg,이 간판에 적힌 MY HOME 원룸텔의 전화번호는 무엇인가요?,02-123-4567,02-558-5156,02-987-6543,02-555-1234,b
train_5835.jpg,train/train_5835.jpg,이 사진에 있는 표지판에 적힌 도로명은 무엇인가요?,인동가산로,영등포로,구로중앙로,남포동로,a
train_5836.jpg,train/train_5836.jpg,이 거리 표지판에 적힌 도로 이름은 무엇인가요?,논현로98길,강남대로,삼성로123길,청담동길,a
train_5837.jpg,train/train_5837.jpg,"이 통신 매장에서 월 9,900원부터 무제한으로 이용할 수 있는 서비스는 무엇인가요?",통화/문자/데이터 무제한,데이터 무제한,통화/문자 무제한,통화만 무제한,c
train_5838.jpg,train/train_5838.jpg,사진 속 케이크에 적힌 문구는 무엇인가요?,welcome back,thank you,congratulations,happy birthday,a
train_5839.jpg,train/train_5839.jpg,이 사진 속 상자에 적힌 'aCafela simply' 제품 중 한 가지 맛은 무엇인가요?,바닐라 라떼,아메리카노,로어슈거 라떼,카푸치노,b
train_5843.jpg,train/train_5843.jpg,이미지에 보이는 '성굿닥터 365 의원' 간판에서 제공하지 않는 진료과는 무엇인가요?,내과,피부과,치과,이비인후과,c
train_5846.jpg,train/train_5846.jpg,사진 속 과자의 이름은 무엇인가요?,부산20 갈매기,부산16 갈매기맛,부산16 갈매기,서울12 갈매기,c
train_5848.jpg,train/train_5848.jpg,분홍색 종이에 적힌 문구 중 '석회는 ___'에 들어갈 알맞은 말은 무엇인가요?,알아서 갈아라,구매해가라,없애라,사용하지마라,a
train_5849.jpg,train/train_5849.jpg,쿠키런 모험의 탑 × 노티드 콜라보 팝업 스토어는 언제까지 진행되나요?,2024.06.28(금) ~ 07.11(목),2024.07.01(월) ~ 07.15(월),2024.06.01(토) ~ 06.28(금),2024.05.20(월) ~ 06.10(월),a
train_5850.jpg,train/train_5850.jpg,이 볼링 점수판에서 '경식' 선수의 10프레임 점수는 몇 점인가요?,9점,8점,7점,10점,a
train_5851.jpg,train/train_5851.jpg,이 도로 표지판에 적힌 문구는 무엇인가요?,NO PARKING,ROAD WORK AHEAD,SPEED LIMIT 50,STOP,b
train_5852.jpg,train/train_5852.jpg,이 사진에 보이는 상점 이름은 무엇인가요?,드럭 스토어,도톤보리 랜드,ドン?キホ?テ,도쿄 마트,c
train_5853.jpg,train/train_5853.jpg,사진 속 가게의 이름은 무엇인가요?,BEVERLY,PALM TREE,DANCO,FREE,c
train_5854.jpg,train/train_5854.jpg,메뉴판에서 'DONER KEBABS'의 가격은 얼마인가요?,$19.00,$13.00,$15.00,$10.00,b
train_5856.jpg,train/train_5856.jpg,이 음료 포장지에 적힌 문구 중 무엇이 맞나요?,수박 먹으면 힘이 난다,수박 먹으면 건강해진다,수박 먹으면 행복해진다,수박 먹으면 나랑 사귀는 거다,d
train_5857.jpg,train/train_5857.jpg,참치뱃살에 함유된 영양소 중 어패류 중 최고라고 설명된 것은 무엇인가요?,비타민 C,칼슘,DHA와 EPA,단백질,c
train_5858.jpg,train/train_5858.jpg,이 티켓은 어떤 전시회의 입장권인가요?,근현대 미술의 이해,인상주의에서 초기 모더니즘까지,고흐의 생애와 작품,한국 전통 미술의 세계,b
train_5859.jpg,train/train_5859.jpg,사진 속 소화전 사용 방법 중 3번째 단계는 무엇인가요?,불 끄기,밸브 닫기,호스 빼내기,밸브 열기,a
train_5860.jpg,train/train_5860.jpg,찻잔에 적힌 문구는 무엇인가요?,따뜻한 차 (Warm Tea),차가운 물 (Cold Water),시원한 음료 (Cold Drink),커피 한 잔 (A Cup of Coffee),a
train_5861.jpg,train/train_5861.jpg,habit tracker에서 1일부터 7일까지 어떤 습관을 매일 체크하도록 되어 있나요?,운동하기,영양제 챙기기,10시 이전 취침,물 2L 마시기,d
train_5862.jpg,train/train_5862.jpg,이 도로 표지판에 적힌 큰 글씨는 무엇인가요?,장신로,신완마을-고실마을,신창지구-2순환로,하남산단,a
train_5864.jpg,train/train_5864.jpg,제로당식당에서 설탕 사용에 대해 어떤 점을 강조하고 있나요?,설탕을 많이 사용함,설탕 없이 더 맛있게,설탕 50% 절감,설탕 대체 감미료 사용,b
train_5865.jpg,train/train_5865.jpg,"CCTV 설치 안내에 따르면, CCTV가 촬영하는 장소가 아닌 곳은 어디인가요?",역사 출입구,엘리베이터,승강장,대합실,b
train_5866.jpg,train/train_5866.jpg,이 사진에 보이는 두 가게의 이름은 무엇인가요?,GS25와 Paris Baguette,이마트24와 Starbucks,CU와 Dunkin' Donuts,7-ELEVEN과 TOUS les JOURS,d
train_5867.jpg,train/train_5867.jpg,이 가게 '구룡아구 1번지'에서 전문으로 하는 음식은 무엇인가요?,치킨 전문,삼겹살 전문,생아구 전문,피자 전문,c
train_5868.jpg,train/train_5868.jpg,'배진 도원참치' 점심 인기메뉴 중 초밥은 몇 피스부터 주문 가능한가요?,10피스부터,12피스부터,20피스부터,15피스부터,a
train_5869.jpg,train/train_5869.jpg,'두루미 문양 청자 주병'은 어떤 문양이 그려져 있나요?,용 문양,호랑이 문양,두루미 문양,여우 문양,c
train_5870.jpg,train/train_5870.jpg,광장 순희네 빈대떡 가게에서 녹두 빈대떡의 가격은 얼마인가요?,"4,000원","5,000원","3,500원","6,000원",b
train_5871.jpg,train/train_5871.jpg,이 건물 입구에 적힌 상호명은 무엇인가요?,multicampu,multicampus,multicamp,multicampuss,b
train_5873.jpg,train/train_5873.jpg,이 안내판에서 '어린이 보호자 손 꼭 잡고!' 문구가 강조된 곳은 어디인가요?,승강장,엘리베이터,화장실,출입구,a
train_5874.jpg,train/train_5874.jpg,사진 속 투명 병에 붙어 있는 라벨에 적힌 내용은 무엇인가요?,노란포션 YELLOW POTION,빨간포션 RED POTION,초록포션 GREEN POTION,파란포션 BLUE POTION,d
train_5875.jpg,train/train_5875.jpg,이미지 속 'Layred BAR' 제품에 적힌 맛은 무엇인가요?,밀크 초콜릿 & 바나나,다크 초콜릿 & 아몬드,딸기 초콜릿,화이트 초콜릿 & 라즈베리,d
train_5876.jpg,train/train_5876.jpg,"이미지 속 검은색 벽면에 적힌 글에 따르면, 춤추는 별을 탄생시키기 위해서는 무엇을 지니고 있어야 하나요?",끊임없는 연습과 노력을 해야 한다.,다른 사람과 협력해야 한다.,자신 속에 혼돈을 지니고 있어야 한다.,별의 빛을 따라야 한다.,c
train_5877.jpg,train/train_5877.jpg,이 건물에 입주해 있는 치과의원은 몇 층에 있나요?,11층,3층,12층,10층,d
train_5878.jpg,train/train_5878.jpg,사진 속 건물에 적혀 있는 호텔 이름은 무엇인가요?,호텔 더 베이,호텔 더 가든,호텔 더 보탱크,호텔 더 라운지,c
train_5879.jpg,train/train_5879.jpg,사진 속 냉장고 안의 만두 종류 중 '맵치광이만두'와 '매운김치만두' 이외에 나머지 만두의 이름은 무엇인가요?,육즙고기만두,김치만두,야채만두,해물만두,a
train_5882.jpg,train/train_5882.jpg,냉동실에 진열된 피자의 이름은 무엇인가요?,콰트로치즈피자,하와이안피자,불고기피자,페퍼로니피자,a
train_5883.jpg,train/train_5883.jpg,이 도착 안내 전광판에 따르면 서울에서 출발하는 열차 중 18시 39분에 도착하는 열차의 플랫폼 번호는 무엇인가요?,4,3,10,9,b
train_5885.jpg,train/train_5885.jpg,이미지에 나온 '탕화궁주'는 어떤 종류의 음식 브랜드인가요?,대한민국 마라탕 브랜드,일본 라멘 브랜드,이탈리아 파스타 브랜드,중국 딤섬 브랜드,a
train_5886.jpg,train/train_5886.jpg,더어 카페에서 아메리카노 가격은 얼마인가요?,4.0,3.5,3.0,3.8,c
train_5887.jpg,train/train_5887.jpg,사진 속 건물에 적힌 간판 중 '아나고곱장어'라는 가게의 전화번호는 무엇인가요?,473-9293,031-1234,466-2999,010-5678,a
train_5888.jpg,train/train_5888.jpg,다음 중 이미지 속 우편함에 적혀 있지 않은 이름은 무엇인가요?,네트워크실,청소년 상담실,PC지원실,전임교수실,b
train_5889.jpg,train/train_5889.jpg,이미지에 나온 선거 포스터에서 제안하는 정책이나 구호는 무엇인가요?,공공의료를 강화하겠습니다.,서강·합정의 밤길이 더 밝아지도록 함께 걷겠습니다.,교통비를 절감하겠습니다.,청년 일자리를 늘리겠습니다.,b
train_5891.jpg,train/train_5891.jpg,사진 속 큰 박스에 적혀 있는 제품은 무엇인가요?,식기세척기,전자레인지,컴퓨터 이동형 모니터 스탠드,냉장고,c
train_5892.jpg,train/train_5892.jpg,"사진 속 텍스트에 따르면, '브런치 카페'는 어떤 이미지로 다가오는가요?",화려한 무대의 이미지,활기찬 운동장의 이미지,조용한 도서관의 이미지,편안한 쉼터의 이미지,d
train_5893.jpg,train/train_5893.jpg,이 문이 위치한 곳은 어디인가요?,화장실,휴게실,기계실,회의실,c
train_5894.jpg,train/train_5894.jpg,이 경기장 외벽에 크게 적힌 구단 이름은 무엇인가요?,KB손해보험 스타즈,부산 아이파크,대한민국 배구 대표팀,서울 SK 나이츠,a
train_5897.jpg,train/train_5897.jpg,사진 속 전기버스에 적힌 문구는 무엇인가요?,"깨끗한 공기, 전기버스와 함께",친환경 버스와 함께 가요,서울시민을 위한 전기버스,전기버스 타고 숨 쉬는 서울로,d
train_5898.jpg,train/train_5898.jpg,이 유리잔에 적혀 있는 위스키 브랜드 이름은 무엇인가요?,MAKER'S MARK,JIM BEAM,JACK DANIEL'S,JAMESON,b
train_5899.jpg,train/train_5899.jpg,이 사진에 보이는 노래방과 당구 클럽은 건물의 몇 층에 위치해 있나요?,1층,2층,지하 1층,3층,b
train_5900.jpg,train/train_5900.jpg,이 사진에 있는 간판들 중에서 '이삭토스트' 매장의 전화번호는 무엇인가요?,02-123-4567,02-336-8815,02-761-2345,02-322-6745,d
train_5901.jpg,train/train_5901.jpg,사진 속 엑셀 파일에서 P1 열의 2번째 숫자는 무엇인가요?,11.81009,10.36816,17.63046,15.56433,b
train_5902.jpg,train/train_5902.jpg,이 이미지에 적힌 문구 중에서 SSAFY 16기와 함께하는 것을 무엇이라고 표현했나요?,행복한 시간,멋진 도전,즐거운 모임,새로운 여행,d
train_5904.jpg,train/train_5904.jpg,이 건물 벽에 적힌 글자는 무엇을 뜻하는가?,자연과학관,자동차교육장,자전거수리점,자전거교육장,d
train_5906.jpg,train/train_5906.jpg,아래 책들 중 'Why?' 시리즈가 다루고 있는 주제가 아닌 것은 무엇인가요?,사춘기와 성,똥,공룡,우주 탐사,d
train_5907.jpg,train/train_5907.jpg,이 액자에 적힌 글귀의 내용은 무엇인가요?,'너가 우릴 보고 싶다면 홍대로 와','너가 우릴 보고 싶다면 상수로 와','너가 우릴 보고 싶다면 이태원으로 와','너가 우릴 보고 싶다면 강남으로 와',b
train_5908.jpg,train/train_5908.jpg,피규어라이즈 스탠다드 AMPLIFIED 황제드라몬의 가격은 얼마인가요?,"60,000원","50,000원","45,000원","54,000원",d
train_5910.jpg,train/train_5910.jpg,이 현수막에 적힌 상점가의 이름은 무엇인가요?,인동로데오상가,주차장 모닝,전국제일,모닝 BAR,a
train_5911.jpg,train/train_5911.jpg,포스터에 적힌 전시 기간은 언제부터 언제까지인가요?,2023년 9월 27일부터 10월 21일까지,2025년 9월 27일부터 10월 21일까지,2025년 10월 1일부터 11월 1일까지,2024년 9월 1일부터 10월 1일까지,b
train_5913.jpg,train/train_5913.jpg,이 이미지 속 커피 전문점의 이름은 무엇인가요?,스타벅스,투썸플레이스,이디야 커피,커피빈,c
train_5915.jpg,train/train_5915.jpg,쿠퍼 패밀리 멤버십에 가입하면 스탬프 5개 적립 시 어떤 혜택을 받을 수 있나요?,1팩 무료 증정,사은품 증정,할인 쿠폰 제공,추가 적립금 지급,a
train_5916.jpg,train/train_5916.jpg,이 신발 매장의 브랜드 이름은 무엇인가요?,BIRKENSTOCK,NEW BALANCE,ADIDAS,NIKE,a
train_5918.jpg,train/train_5918.jpg,2026년 주민등록 사실조사 방문조사 기간은 언제부터 언제까지인가요?,2026. 3. 27. ~ 5. 27.,2026. 8. 22. ~ 8. 23.,2025. 9. 8. ~ 11. 9.,2026. 7. 20. ~ 9. 7.,c
train_5919.jpg,train/train_5919.jpg,이 건물 입구 주차장 근처에 붙어 있는 노란색과 빨간색 간판에 적힌 임대 관련 전화번호는 무엇인가요?,010-4432-3794,02-123-4567,010-1234-5678,010-9876-5432,a
train_5920.jpg,train/train_5920.jpg,이 주차장 입구에 붙어 있는 '월주차' 안내문에 적힌 전화번호는 무엇인가요?,02-1234-5678,02-1111-2222,02-6498-6716,02-9876-5432,c
train_5922.jpg,train/train_5922.jpg,이 지폐에 적힌 액면가는 얼마인가요?,"10,000원","50,000원","5,000원","1,000원",a
train_5923.jpg,train/train_5923.jpg,이 제품의 이름은 무엇인가요?,고급 캐러멜 호두,프리미엄 호두정과,그린넛 아몬드,프리미엄 캐슈넛,b
train_5924.jpg,train/train_5924.jpg,이미지 속 제품 포장지에 표시된 크런치의 함량은 몇 퍼센트인가요?,10%,50%,25%,75%,c
train_5925.jpg,train/train_5925.jpg,이 공사 현장 출입문 위에 적힌 조경공사 위치는 어디인가요?,화성동탄2 여울공원 지하주차장 하부 국제자가격원 조경공사,화성동탄1 공원 지하주차장 상부 국제자가격원 조경공사,화성동탄2 여울공원 지하주차장 상부 국제자가격원 조경공사,화성동탄1 공원 지하주차장 하부 국제자가격원 조경공사,c
train_5926.jpg,train/train_5926.jpg,이 사진 속 가게의 이름은 무엇인가요?,복경주빵,이상복경주빵,경주빵카페,경주빵명가,b
train_5927.jpg,train/train_5927.jpg,사진 속에서 '동원 골든 스위트콘' 1+1 행사 가격은 얼마인가요?,"3,000원","2,240원","2,800원","1,300원",c
train_5928.jpg,train/train_5928.jpg,사진에 보이는 투명한 갈색 병에 붙어 있는 라벨 중 '베이비파우더'라고 적힌 번호는 무엇인가요?,Moss,33,48,01,c
train_5929.jpg,train/train_5929.jpg,사진 속에서 'Almond pain au'의 가격은 얼마인가요?,5.0,4.0,6.0,4.5,a
train_5931.jpg,train/train_5931.jpg,이 건물 입구에 설치된 보라색 표지판은 어떤 이용자를 위한 주차장임을 안내하고 있나요?,고령자 전용 주차장,일반인 전용 주차장,장애인 전용 주차장,임산부 전용 주차장,c
train_5933.jpg,train/train_5933.jpg,사진 속 '빼빼로' 제품 중 화이트 쿠키 맛의 칼로리는 몇 kcal인가요?,205 kcal,185 kcal,220 kcal,150 kcal,b
train_5934.jpg,train/train_5934.jpg,이미지 속 볼링핀 모양 광고판에 적힌 영업 시작 시간은 언제인가요?,오후 1시,오전 9시,오전 10시 30분,오후 12시,c
train_5935.jpg,train/train_5935.jpg,이 이미지에 사용된 축하 문구 중 한글로 올바르게 적힌 것은 무엇인가요?,생일 축하해요,생일 축하 해요,행복한 생일,생일 축하합니다,d
train_5937.jpg,train/train_5937.jpg,이 건물의 이름은 무엇인가요?,FORTY EIGHT,FORTY EIGHT 18,FORTY EIGHT 28,FORTY EIGHT 38,d
train_5941.jpg,train/train_5941.jpg,사진 속 표지판에 따르면 성덕고등학교와 성덕중학교는 각각 얼마만큼 떨어져 있나요?,600m,300m,400m,500m,c
train_5942.jpg,train/train_5942.jpg,사진 속 현수막에 적힌 문구 중 올바른 내용은 무엇인가요?,근저당대통령은 세제개편 추진하라,근저당대통령은 세제개편 철회하라,근저당대통령은 교육개혁 철회하라,근저당대통령은 환경개선 철회하라,b
train_5943.jpg,train/train_5943.jpg,이 그림에 적힌 문구 중에서 정확한 내용은 무엇인가요?,공에 바람을 넣어라!,공에 날개를 달아라!,공을 멀리 던져라!,공을 잡아라!,b
train_5945.jpg,train/train_5945.jpg,이 사진에 보이는 음식점 간판의 이름은 무엇인가요?,치킨비어,핫한마라탕,불닭볶음탕,마라샹궈,b
train_5946.jpg,train/train_5946.jpg,이 건물 임대 안내문에 적힌 전화번호는 무엇인가요?,02) 5555-0000,02) 6003-5034,02) 9876-5432,02) 1234-5678,b
train_5948.jpg,train/train_5948.jpg,이미지에 보이는 PC방의 이름은 무엇인가요?,무지개 PC,별 PC,드림 PC,하늘 PC,a
train_5949.jpg,train/train_5949.jpg,이 거리에서 흡연을 할 경우 부과되는 과태료는 얼마인가요?,5만원,1만원,50만원,10만원,d
train_5950.jpg,train/train_5950.jpg,사진 속에 보이는 수학학원의 이름은 무엇인가요?,AMERICAN PIZZA,SOGA NAIL SALON,롯데프레시,온[o:n] 수학 학원,d
train_5952.jpg,train/train_5952.jpg,이 사진에 보이는 파란색 교통 표지판에는 어떤 내용이 적혀 있나요?,일방통행,주차금지,속도제한 30km,횡단보도,a
train_5953.jpg,train/train_5953.jpg,이 위스키의 숙성 연수는 몇 년인가요?,21년,15년,17년,12년,c
train_5954.jpg,train/train_5954.jpg,이 건물의 간판에 적힌 글자는 무엇인가요?,맑은 유치원,푸른 어린이집,행복한 유치원,바른 어린이집,d
train_5955.jpg,train/train_5955.jpg,사진 속에 보이는 '극세사로 부드러운 동물모양 먼지떨이'의 가격은 얼마인가요?,"\3,000","\2,000","\5,000","\1,000",b
train_5956.jpg,train/train_5956.jpg,"이 사진에서 4, 5번 출구는 어떤 상태인가요?",임시 개방 중이다,폐쇄되어 있다,공사 중이다,정상 운영 중이다,b
train_5957.jpg,train/train_5957.jpg,이 간판에서 남성 커트 가격은 얼마인가요?,"9,000원","5,000원","15,000원","12,000원",a
train_5958.jpg,train/train_5958.jpg,이 건물 간판에 적힌 한의원의 이름은 무엇인가요?,금강산 한의원,설악산 한의원,백두산 한의원,한라산 한의원,a
train_5960.jpg,train/train_5960.jpg,이 건물에 있는 '빵스토리' 가게에서 빵과 도넛의 시작 가격은 얼마인가요?,2000원,1500원,500원,1000원,d
train_5961.jpg,train/train_5961.jpg,이 마트 음료 코너에 오늘 날짜로 안내된 날짜는 언제인가요?,1월 26일,11월 26일,12월 25일,12월 26일,d
train_5962.jpg,train/train_5962.jpg,이 물건들에 적힌 문구는 무엇인가요?,WINTER SWAG 2023,SUMMER FEST 2023,SUMMER SWAG 2023,SPRING SWAG 2023,c
train_5963.jpg,train/train_5963.jpg,이 이미지에 있는 프리미엄 에스프레소 머신의 모델명은 무엇인가요?,EX-100,EX-400,EX-200,EX-300,a
train_5966.jpg,train/train_5966.jpg,썸머 카운트다운 이벤트에서 '술 에르다 조각 교환권'을 획득하려면 무엇을 해야 하나요?,보너스 미션을 완료한다,더블클릭하면 술 에르다 조각을 1개 획득할 수 있다,썸머 파워업을 활성화한다,카운트다운 선물을 모두 받는다,b
train_5968.jpg,train/train_5968.jpg,이 안내문에 따르면 어디에서 만날 수 있다고 적혀 있나요?,홍대입구역점,강남역점,명동역점,영등포역점,d
train_5969.jpg,train/train_5969.jpg,2층 강의장의 중식시간은 언제인가요?,13:00 ~ 14:00,12:15 ~ 13:15,12:00 ~ 13:00,12:45 ~ 13:45,d
train_5972.jpg,train/train_5972.jpg,이 가게의 이름은 무엇인가요?,Salad Cafe fresh crispy,Salad Cafe freshcrisp,Salad Cafe crispyfresh,Salad Cafe crispy fresh,c
train_5974.jpg,train/train_5974.jpg,이 이미지에 보이는 간판에 적힌 글자는 무엇인가요?,동물원,주토피아,동물의 숲,?狂?物城,b
train_5975.jpg,train/train_5975.jpg,이 간판에 적힌 글씨는 무엇을 의미하나요?,중국 요리 전문점 이름,부동산 중개업소 이름,주차 대행 서비스 안내,피부치료 병원 이름,a
train_5976.jpg,train/train_5976.jpg,이 건물에 위치한 '화정 콜라텍'은 어디에 있나요?,2층,지하 1층,3층,1층,b
train_5977.jpg,train/train_5977.jpg,이 가게의 상호명은 무엇인가요?,펫in공간,개in공간,개in가게,프리미엄 펫샵,b
train_5979.jpg,train/train_5979.jpg,이 사진에 보이는 상점 간판 중 화장품과 생활용품을 주로 판매하는 곳은 어디인가요?,OLIVE YOUNG,A TWOSOME PLACE,DREAUM,SAMYANG,a
train_5980.jpg,train/train_5980.jpg,이 가게의 영업시간은 어떻게 되어 있나요?,24시간 영업,월요일 휴무,오후 12시부터 오후 10시까지,오전 9시부터 오후 9시까지,a
train_5981.jpg,train/train_5981.jpg,이 음료수의 맛은 무엇인가요?,복숭아맛,바나나맛,초코맛,딸기맛,d
train_5982.jpg,train/train_5982.jpg,이 건물 벽에 붙어 있는 안내문에 따르면 CCTV 설치의 목적은 무엇인가요?,홍보 및 광고 목적,주차 관리 및 차량 출입 통제,"방범 및 화재예방, 시설안전관리",에너지 절약 및 환경 보호,c
train_5984.jpg,train/train_5984.jpg,이 사진에서 '무등산 전통찻집' 간판에 적혀 있지 않은 내용은 무엇인가요?,우리 한방 약재,전통 차와 음료,무등산 찻잎과 약초,최신 전자제품,d
train_5985.jpg,train/train_5985.jpg,이미지 속 간판에 적힌 생맥주 가격은 얼마인가요?,"1,900원","3,000원",900원,"2,500원",a
train_5986.jpg,train/train_5986.jpg,"이 강의 자료에 따르면, 2024년에 발표된 'SAMURAI' 연구는 어떤 주제를 다루고 있나요?",로봇 제어 알고리즘,비주얼 물체 트래킹 State-of-the-art 모델,자연어 처리 모델,음성 인식 최신 기술,b
train_5987.jpg,train/train_5987.jpg,사진 속 건물 간판에 적힌 미용실 ‘모즈토리’의 매직 시술 가격은 얼마인가요?,"70,000원","40,000원","60,000원","50,000원",c
train_5988.jpg,train/train_5988.jpg,사진 속 흰색 택시 옆면에 적혀 있는 콜택시 브랜드 이름은 무엇인가요?,MyCab,블랙캡,서울콜,마리아 모텔,a
train_5991.jpg,train/train_5991.jpg,사진 속 버튼들의 가격은 얼마로 적혀 있나요?,700,450,800,1000,c
train_5992.jpg,train/train_5992.jpg,이 우유 팩에 적힌 내용 중 '1등급 신선한 목장우유'라고 표시된 것은 무엇을 의미하나요?,우유의 포장 크기를 나타낸다,우유의 가격이 1등급이다,우유가 1리터임을 의미한다,우유의 신선도와 등급을 나타낸다,d
train_5994.jpg,train/train_5994.jpg,이 사진에 보이는 베이컨 제품의 무게는 얼마인가요?,454g,300g,500g,200g,a
train_5995.jpg,train/train_5995.jpg,다음 중 이 이미지에 보이는 간판에 적힌 상호명이 아닌 것은 무엇인가요?,영주네 풍금,타방골 참순대,서울 고기집,순흥연 설비집,c
train_5996.jpg,train/train_5996.jpg,사진 속 지하철역에서 340번 방향으로 가면 어느 역으로 갈 수 있나요?,서울역,교대 (법원·검찰청),고속터미널,남부터미널,c
train_5998.jpg,train/train_5998.jpg,이 책의 제목에 포함된 주요 기술 용어는 무엇인가요?,JAVA,Python,HTML,SQL,d
train_5999.jpg,train/train_5999.jpg,이 가게에서 부대찌개 3인분을 주문할 때 제공되는 서비스는 무엇인가요?,무료 주차,음료수 제공,포장 및 배달,무제한 리필,c
train_6001.jpg,train/train_6001.jpg,이 건물의 주소는 무엇인가요?,강남대로 100,테헤란로 212,역삼로 300,삼성로 50,b
train_6002.jpg,train/train_6002.jpg,이 안내문에 따르면 지하철 하차 후 몇 분 내에 재승차하면 기본운임 부과가 면제되나요?,30분,10분,20분,15분,d
train_6003.jpg,train/train_6003.jpg,치킨만세 가게 간판 아래 빨간색 리본에 적힌 문구는 무엇인가요?,최고의 치킨 맛집,신선한 재료만 사용,정직한 가격으로 승부,치킨으로 모두가 만족하는 세상,d
train_6004.jpg,train/train_6004.jpg,이 식당에서 '얼큰 닭곰탕'의 가격은 얼마인가요?,"10,000원","12,000원","15,000원","13,000원",d
train_6005.jpg,train/train_6005.jpg,사진 속 상점 중에서 '돼지껍데기'를 판매하는 곳은 어디인가요?,라온 공인중개사,에이스인력,주식회사 샤원,바 글 바 글,d
train_6006.jpg,train/train_6006.jpg,이 이미지 속 버스 광고에서 지원하는 최대 금액은 얼마인가요?,최대 5000만원 지원,최대 6000만원 지원,최대 7000만원 지원,최대 8000만원 지원,b
train_6007.jpg,train/train_6007.jpg,이 골목에 위치한 라멘집의 이름은 무엇인가요?,SHINSEKAI RAMEN,신세계 중국집,라멘하우스,세계라멘집,a
train_6009.jpg,train/train_6009.jpg,2026년 화성시립도서관의 '책읽는 50+' 프로그램에서 책꾸러미 선물을 받기 위한 대상은 누구인가요?,화성시 거주 50세 이상 시민,전국 50세 이상 시민,화성특례시 거주 40세 이상 시민,화성특례시 거주 50세 이상 시민,d
train_6011.jpg,train/train_6011.jpg,사진 속에 보이는 SSAFY 16기 축하 카드에 적힌 문구는 무엇인가요?,SSAFY 16기 수료를 축하합니다,SSAFY 16기 입학을 축하합니다,SSAFY 16기 합격을 축하합니다,SSAFY 16기 졸업을 축하합니다,b
train_6013.jpg,train/train_6013.jpg,이 건물 3층에 위치한 곳은 무엇인가요?,우리안경,마사지,라테스,체형관리,b
train_6015.jpg,train/train_6015.jpg,사진 속에 보이는 상점의 이름은 무엇인가요?,MOM'S TOUCH,lululemon,도토루,스타벅스,b
train_6016.jpg,train/train_6016.jpg,이 구호용품 보관함에 비치된 마스크는 어떤 상황에서 사용해야 하나요?,일상적인 먼지 제거용으로 사용한다,화재 발생 시 사용한다,비상시 감기 예방용으로 사용한다,평상시 마스크 착용 시 사용한다,b
train_6017.jpg,train/train_6017.jpg,"면세물품 구입 시 유의사항 안내에 따르면, 면세점에서 산 물품을 국내로 가져갈 때 주의할 점은 무엇인가요?",면세점에서 산 물품은 국내에서 자유롭게 판매할 수 있다.,면세점에서 산 물품을 가져올 때는 반드시 세금을 납부해야 한다.,면세점에서 산 물품은 국내로 반입할 수 없다.,면세점에서 산 물품을 국내로 가져갈 때는 구입 영수증과 운송장 등 증빙 서류를 반드시 제출해야 한다.,d
train_6018.jpg,train/train_6018.jpg,천장에 붙어 있는 여러 포스터 중에서 농구와 관련된 포스터에 적힌 숫자는 무엇인가요?,5,7,10,1988,c
train_6019.jpg,train/train_6019.jpg,이 사진에 보이는 글자의 내용은 무엇인가요?,서행 15km 이하,속도 10km 제한,최고 속도 10km,서행 10km 이하,d
train_6020.jpg,train/train_6020.jpg,이 가게의 이름은 무엇인가요?,진미떡,진미떡방,판타스틱 코인 노래연습장,왕송편,b
train_6021.jpg,train/train_6021.jpg,이 만화책의 제목은 무엇인가요?,마법사의 이야기,열두 가지 모험,용사의 전설,일곱 개의 대죄,d
train_6023.jpg,train/train_6023.jpg,이 케이크의 이름은 무엇인가요?,멜론롤,초코롤,딸기롤,바나나롤,a
train_6024.jpg,train/train_6024.jpg,이미지 속 참이슬 소주 병 중에서 복숭아 맛을 나타내는 라벨에 적힌 일본어 단어는 무엇인가요?,フレッシュ,すもも,マスカット,ピ?チ,d
train_6025.jpg,train/train_6025.jpg,이 간판에 적힌 가게 이름은 무엇인가요?,막걸리하우스,순남시래기,노래방,역삼식당,b
train_6026.jpg,train/train_6026.jpg,이미지 속 행사장에서 볼 수 있는 게임존 이름은 무엇인가요?,VR 체험존,레트로 게임존,곤충 아케이드 게임존,보드 게임존,c
train_6027.jpg,train/train_6027.jpg,사진 속 표지판에 따르면 신호공원과 화장실까지 각각 몇 미터 남았나요?,"신호공원 300m, 화장실 350m","신호공원 250m, 화장실 200m","신호공원 200m, 화장실 250m","신호공원 150m, 화장실 180m",c
train_6028.jpg,train/train_6028.jpg,이 도로 표지판에 따르면 '광산 IC'로 가려면 어느 방향으로 가야 하나요?,우회전,유턴,좌회전,직진,a
train_6029.jpg,train/train_6029.jpg,이 건물에 있는 탁구 클럽의 이름은 무엇인가요?,어필형탁구클럽,몬스터홀덤,성성권의,열린마인드,a
train_6030.jpg,train/train_6030.jpg,사진 속 건물에 있는 '바로그의원'에서 진료하는 과목은 무엇인가요?,정형외과,치과,피부과,내과,c
train_6031.jpg,train/train_6031.jpg,사진 속 티셔츠 뒷면에 적힌 브랜드 이름은 무엇인가요?,patagonia,columbia,north face,marmot,a
train_6033.jpg,train/train_6033.jpg,이 공항 건물에 적혀 있는 문구는 무엇인가요?,Welcome to Incheon,Welcome to Jeju,Welcome to Busan,Welcome to Seoul,b
train_6034.jpg,train/train_6034.jpg,이 표지판에 적힌 공사 중인 장소는 도로에서 얼마나 떨어져 있나요?,500m 앞,200m 앞,100m 앞,300m 앞,d
train_6035.jpg,train/train_6035.jpg,이 포스터에 적힌 밴드 이름은 무엇인가요?,MUSE,RADWIMPS,COLDPLAY,ONE OK ROCK,a
train_6036.jpg,train/train_6036.jpg,"이 가게에서 1,280엔에 판매하는 상품은 무엇인가요?",紅茶(홍차),味覇(웨이파),コ?ヒ?(커피),カレ?(카레),b
train_6037.jpg,train/train_6037.jpg,이 안내문에서 '위험' 표시가 붙은 내용은 무엇인가요?,안전하게 이용하세요,손잡이를 꼭 잡으세요,어린이나 노약자는 보호자와 함께 이용하세요,걷거나 뛰지 마세요,d
train_6038.jpg,train/train_6038.jpg,덕전빌딩 2층에 입주해 있는 회사는 무엇인가요?,제이더블유세무파트너스 진산회계법인,니즈게임즈 주식회사,세븐일레븐,Connect 법무법인 커넥트,d
train_6039.jpg,train/train_6039.jpg,이 건물에 있는 간판 중 전화번호가 (042) 622-0321인 곳은 어디인가요?,GS25 편의점,꿈이 있는 교회,스카이 영·수 전문학원,효주의 상실,c
train_6040.jpg,train/train_6040.jpg,이 사진에서 촬영한 장소의 이름은 무엇인가요?,신다신,현대그룹 회장 정몽헌,오징어군내 전문,단천식당,d
train_6041.jpg,train/train_6041.jpg,이 이미지 속 제품 중에서 'HAND WASH'에 적힌 향기는 무엇인가요?,WILD ROSE,ROSEMARY,SAGE,VERBENA,a
train_6042.jpg,train/train_6042.jpg,전봇대에 붙어 있는 광고문에 적힌 전화번호는 무엇인가요?,011-408-0138,011-502-0138,010-1234-5678,031-502-0138,b
train_6043.jpg,train/train_6043.jpg,이 사진에 보이는 약국의 이름은 무엇인가요?,피치 약국,강남미소 약국,월로겔 약국,미소 약국,d
train_6044.jpg,train/train_6044.jpg,이 사진에 보이는 책 제목 중 파란색 책의 제목은 무엇인가요?,WHO WRESTLE WITH GOD,HABITS,WHO WRESTLE GOD,HABIT,a
train_6045.jpg,train/train_6045.jpg,'공주를 찾습니다' 이벤트에서 2시간 동안 여자 두 명이 마셔야 하는 소주 병 수는 몇 병인가요?,6병,8병,2병,4병,d
train_6046.jpg,train/train_6046.jpg,이 식당의 이름은 무엇인가요?,제주흑돼지,서울아지매막창,대구곱창전문,부산돼지국밥,b
train_6047.jpg,train/train_6047.jpg,사진 속 달걀 1판의 전단 세일 가격은 얼마인가요?,"5,800원","8,800원","7,800원","6,800원",d
train_6053.jpg,train/train_6053.jpg,이름표에 적힌 이름 중 오른쪽 이름표에 적힌 사람의 이름은 무엇인가요?,Jihyun Kim,Minseok Lee,yeowon Jung,Dongcho Park,c
train_6054.jpg,train/train_6054.jpg,이 가게에서 판매하는 음료의 가격은 얼마인가요?,"2,500원","1,200원","3,500원","1,900원",d
train_6055.jpg,train/train_6055.jpg,유의미커피로스터즈의 신메뉴 중 크림커피 이름은 무엇인가요?,자두주스,오로라에이드,솔티케이크 크림커피,자두에이드,c
train_6056.jpg,train/train_6056.jpg,이 표지판에서 'Confiss?es'(고해성사) 시간 중 월요일부터 금요일까지 해당하는 시간은 언제인가요?,14H00 / 19H30,07H30 / 13H00,17H30,07H30 / 19H30,d
train_6057.jpg,train/train_6057.jpg,복숭아 1+1 행사 가격은 얼마인가요?,"9,900원","15,800원","6,000원","7,900원",d
train_6058.jpg,train/train_6058.jpg,이 사진 속 간판에서 '100주년'을 기념하는 브랜드는 무엇인가요?,Glico,MEGMILK SNOW BRAND,SAMTY,CHINTAI,b
train_6059.jpg,train/train_6059.jpg,이 사진에 보이는 역 이름은 무엇인가요?,大正?,新大阪?,大阪?,梅田?,a
train_6060.jpg,train/train_6060.jpg,이 간판에서 가장 크게 보이는 식당 이름은 무엇인가요?,가정식집밥,대선159,행복식당,신호식당,d
train_6061.jpg,train/train_6061.jpg,이 표지판에 적힌 문구는 무엇인가요?,원숭이 출몰 지역,자전거 전용 도로,어린이 보호 구역,주차 금지 구역,a
train_6062.jpg,train/train_6062.jpg,음료 컵에 붙어 있는 라벨에는 어떤 문구가 적혀 있나요?,맛있는 음료,달콤한 커피,행복한 하루,사랑마루,d
train_6063.jpg,train/train_6063.jpg,이미지에 보이는 메뉴에서 '고기선택' 항목에 없는 것은 무엇인가요?,표고튀김,닭갈비,우삼겹,소곱창(강추),b
train_6064.jpg,train/train_6064.jpg,화면에 보이는 발표 제목은 무엇인가요?,프로그래밍 언어 기초,의지의 언어 vs. 쓸모의 언어,개발자와 기획자의 역할,소프트웨어 개발 프로세스,b
train_6065.jpg,train/train_6065.jpg,사진 속 빵 이름과 가격이 올바르게 짝지어진 것은 무엇인가요?,스리라차 베이컨 5.2,커리 5.4,치즈 통삼겹 7.6,콘치즈마요 7.4,c
train_6066.jpg,train/train_6066.jpg,이 카페에서 테이크아웃을 하면 얼마를 할인 받을 수 있나요?,할인 없음,1000원 할인,2000원 할인,500원 할인,b
train_6067.jpg,train/train_6067.jpg,이 사진에 보이는 글자는 무엇이라고 적혀 있나요?,BANARAS CITY,I ?? BANARAS,LOVE BANARAS,WELCOME TO BANARAS,b
train_6068.jpg,train/train_6068.jpg,이 건물 임대와 관련된 전화번호는 무엇인가요?,02) 5035-6003,02) 6003-5035,02) 6003-5034,02) 5034-6003,c
train_6070.jpg,train/train_6070.jpg,이 건물에 있는 약국의 이름은 무엇인가요?,효산약방,양약방,전대호포,생맥주전문점,a
train_6071.jpg,train/train_6071.jpg,이 사진에 보이는 간판 중 '치킨&호프'가 위치한 곳은 몇 층인가요?,2층,3층,1층,4층,c
train_6072.jpg,train/train_6072.jpg,이 짐 찾는 곳 안내판에서 5번 출구에 도착하는 비행기 중 'TG 6752' 항공편의 출발지는 어디인가요?,FUKUOKA,TOKYO,MANILA,SEATTLE,d
train_6073.jpg,train/train_6073.jpg,이 프로그램의 주요 내용은 무엇인가요?,역사 박물관 견학 및 퀴즈 대회,현대사 영화 감상 및 토론 프로그램,전통 역사 강의와 필기 체험 프로그램,"VR, 메타버스를 활용한 독립운동가 워크북 체험 프로그램",d
train_6075.jpg,train/train_6075.jpg,이미지 속 안내판에 비치된 위생봉투는 어떤 용도로 사용하나요?,반려동물 배변 위생봉투,쇼핑 물품 포장 봉투,일회용 비닐봉투,음식물 쓰레기 봉투,a
train_6076.jpg,train/train_6076.jpg,이 건물 안내판에서 1층에 위치한 편의점 이름은 무엇인가요?,Ministop,GS25,7-Eleven,CU,b
train_6077.jpg,train/train_6077.jpg,이 이미지에서 마블 스튜디오 영화 제목은 무엇인가요?,캡틴 아메리카,아이언맨,스파이더맨,토르,c
train_6078.jpg,train/train_6078.jpg,이 사진 속 의류함에 기재된 전화번호는 무엇인가요?,010-1234-5678,010-5918-2020,010-9876-5432,010-1111-2222,b
train_6079.jpg,train/train_6079.jpg,이 문이 위치한 곳은 어디인가요?,EPS-B,화장실,EPS-A,회의실,a
train_6080.jpg,train/train_6080.jpg,이 사진 속 입구의 상단에 적혀 있는 동물원의 이름은 무엇인가요?,大阪動物園 OSAKA ZOO,上野動物園 UENO ZOO,新宿動物園 SHINJUKU ZOO,東京動物園 TOKYO ZOO,b
train_6081.jpg,train/train_6081.jpg,이 가게의 이름은 무엇인가요?,HEALTHY TACOS & COLD BEER,NYC TAQUERIA,DOWNTOWN BROOKLYN,THE TACO BOOTH,d
train_6083.jpg,train/train_6083.jpg,이 주차장에 설치된 표지판에 적힌 문구는 무엇인가요?,주차 가능 시간 안내,차량 출입 자유,차량 진입금지 주차장,주차 허용 구역,c
train_6084.jpg,train/train_6084.jpg,테이블 위에 놓인 빨간색 종이에 적힌 문구는 무엇인가요?,3명이상 단체석,예약석입니다,좌석이 비어있습니다,5명이상 단체석,d
train_6085.jpg,train/train_6085.jpg,이 사진에서 '라움헤어'를 찾으려면 어디를 검색하라고 안내하고 있나요?,구글에서 '라움헤어' 검색,네이버에서 '평평문구' 검색,네이버에서 '라움헤어' 검색,다음에서 '라움헤어' 검색,c
train_6086.jpg,train/train_6086.jpg,이 건물의 이름은 무엇입니까?,절영로 194,시비감,흰여울 문화마을,"남자, 여자 화장실",c
train_6087.jpg,train/train_6087.jpg,이 건물에서 볼 수 있는 의료 관련 간판은 무엇인가요?,M-POWER 수학 학원,다봄 국어학원,알파 프로 바둑학원,엘리트치과,d
train_6088.jpg,train/train_6088.jpg,이 사진 속 피자 박스에 적힌 브랜드 이름은 무엇인가요?,GOPIZZA,PIZZAHUT,DOMINO'S,PIZZA ALVO,a
train_6089.jpg,train/train_6089.jpg,이 의자의 가격은 얼마인가요?,"21,490원","30,000원","10,990원","15,000원",a
train_6090.jpg,train/train_6090.jpg,창고에 적혀 있는 안내 문구 중 'KEEP CLEAR'가 의미하는 것은 무엇인가요?,이 구역은 안전 구역입니다,이 구역은 비워 두어야 합니다,이 구역에 물건을 쌓지 마세요,이 구역은 항상 깨끗이 청소하세요,b
train_6092.jpg,train/train_6092.jpg,이 건물의 이름은 무엇인가요?,성판악국립공원탐방안내소,한라산탐방안내센터,한라산국립공원성판악탐방안내소,성판악국립공원한라산안내소,c
train_6093.jpg,train/train_6093.jpg,이 표지판에 적힌 경고 내용으로 옳은 것은 무엇인가요?,가스 정합기 폭발위험 절대금연,가스 정합기 안전 사용 흡연 권장,가스 정합기 사용 가능 흡연 가능,가스 누출 주의 흡연 가능,a
train_6096.jpg,train/train_6096.jpg,이 건물의 간판에 적힌 상호명은 무엇인가요?,FIVE GUYS,POP MART,JINS,HUAWEI,d
train_6097.jpg,train/train_6097.jpg,이 장소에 설치된 대피소 표지판에서 '대피소'를 영어로 무엇이라고 표시하고 있나요?,SAFE ZONE,SHELTER,EVACUATION AREA,EMERGENCY EXIT,b
train_6098.jpg,train/train_6098.jpg,이미지에 적힌 두 가지 선택지 중 하나는 무엇인가요?,You win a million dollars,You develop a serious allergy to your favorite food,You travel to the moon,You develop a crippling fear of all animals,b
train_6100.jpg,train/train_6100.jpg,이 티셔츠에 인쇄된 문구 'GYULMEDAL' 아래에 적힌 것은 무엇인가요?,ENJOY YOUR DAY!,LOVE YOUR ORANGE!,FRESH AND SWEET!,CHECK OUT OUR TASTE NOTE!,d
train_6101.jpg,train/train_6101.jpg,왼쪽 화면에 적힌 것 중 '소비뇽 블랑' 바로 아래에 있는 단어는 무엇인가요?,소비뇽 블랑,샤르도네,리슬링,모스카토,c
train_6102.jpg,train/train_6102.jpg,CENTERFIELD 건물의 2층에 위치한 곳 중 '스파'를 제공하는 곳은 어디인가요?,THE TRINITY SPA,THE KITCHEN IL FORNO,emart24,STARBUCKS,a
train_6103.jpg,train/train_6103.jpg,이 식당 간판에 적힌 상호명은 무엇인가요?,なか卯 (NAKAU),EVANGELION,うどん (UDON),京風,a
train_6104.jpg,train/train_6104.jpg,이미지 속 'Jig Coffee' 간판에 기재된 문의 전화번호는 무엇인가요?,1533-1587,010-3590-1439,02-376-0600,010-5400-1439,a
train_6105.jpg,train/train_6105.jpg,이 버스 정류장의 이름은 무엇인가요?,삼성역,서울역,강남역,월평역,d
train_6106.jpg,train/train_6106.jpg,이 장소에서 음주 및 흡연에 대해 어떤 안내가 되어 있나요?,"음주 및 흡연 허용, 단 지정 구역에서만","음주, 흡연 금지 위반 시 과태료 10만원 부과",음주 및 흡연 자유롭게 가능,흡연은 가능하나 음주는 금지,b
train_6107.jpg,train/train_6107.jpg,이 건물에 입주해 있는 의료 기관 중 내과 진료를 전문으로 하는 곳은 어디인가요?,NH농협은행,정문약국,스마일내과의원,리더스치과,c
train_6108.jpg,train/train_6108.jpg,이 가게의 간판에 적힌 영어 단어는 무엇인가요?,cakehouse,breadhouse,bakehouse,bakehouse 서울,c
train_6109.jpg,train/train_6109.jpg,사진 속 건물 옥상에 적힌 문구는 무엇인가요?,강남역 맛집,서울대학교 병원,한강공원 캠핑장,복수원 온천 휘트니스센터,d
train_6110.jpg,train/train_6110.jpg,이 책들 중 'Part 7 필수 전략서'는 어떤 시험 준비를 위한 책인가요?,토익,텝스,토플,오픽,a
train_6111.jpg,train/train_6111.jpg,이 도로 표지판에 따르면 '신창·수완지구' 방면으로 가려면 어느 고속도로를 이용해야 합니까?,부산울산고속도로,무안광주고속도로,서울외곽순환고속도로,경부고속도로,b
train_6112.jpg,train/train_6112.jpg,이 음료수 캔에 적힌 제품명은 무엇인가요?,HOT6 THE QUEEN ENERGY,HOT6 THE PRINCE ENERGY,HOT6 THE HERO ENERGY,HOT6 THE KING ENERGY,d
train_6113.jpg,train/train_6113.jpg,사진 속 부동산 관련 간판에 적힌 부동산 이름은 무엇인가요?,기린 공인중개사,YK 부동산,삼성 공인중개사,송림 부동산,a
train_6114.jpg,train/train_6114.jpg,이 엘리베이터 문에 붙어 있는 빨간색 안내문에 적혀 있는 내용은 무엇인가요?,주의: 문 닫힘,음식물 반입 금지,담배연기 싫어요,비상시 연락처 안내,c
train_6115.jpg,train/train_6115.jpg,이 간판에 적힌 '쌈밥'의 가격은 얼마인가요?,"15,000원","12,000원","10,000원","14,000원",d
train_6117.jpg,train/train_6117.jpg,이 건물 2층에 있는 가게 이름은 무엇인가요?,도래타운,IN,은인당구클럽,레전드 내양금장,d
train_6118.jpg,train/train_6118.jpg,이 주차장(P7) 안내판에 1층(1F)에는 어떤 시설이 있나요?,그랜드볼룸,아쿠아리움,영화관,스타필드 코엑스몰,a
train_6121.jpg,train/train_6121.jpg,이 가게에서 안내하는 '임직원 & 가족 휴대폰 특별행사'에 해당하지 않는 내용은 무엇인가요?,"체험, 상담, 개통",신규가입,중고폰 매입,기기변경,c
train_6122.jpg,train/train_6122.jpg,다음 중 '통제구역' 표지판에 적힌 내용으로 맞는 것은 무엇인가요?,주의: 누구나 출입 가능,출입 허가자만 출입 가능,경고: 관계자외 출입금지,주차는 관계자만 가능,c
train_6123.jpg,train/train_6123.jpg,이 표지판에 적힌 경고 문구는 무엇인가요?,화재위험 불을 피우지 마시오,감전위험 만지지 마시오,낙상위험 손잡이를 잡으시오,출입금지 무단 출입 금지,b
train_6125.jpg,train/train_6125.jpg,8월 3일에 치르는 첫 시험은 무엇과 관련된 평가인가요?,오프라인 평가,AI 활용 평가,과목평가와 월말 평가,최종 프로젝트 평가,c
train_6126.jpg,train/train_6126.jpg,에드바르 뭉크의 작품 설명 중 '병든 아이'와 관련된 내용으로 옳은 것은 무엇인가요?,'병든 아이'는 뭉크의 어머니가 주인공인 작품이다.,'병든 아이'는 밝고 행복한 아이의 모습을 그린 작품이다.,'병든 아이'는 뭉크가 어린 시절 겪은 가족의 비극을 바탕으로 한 작품이다.,'병든 아이'는 뭉크가 성인이 된 후에 처음 만든 작품이다.,c
train_6128.jpg,train/train_6128.jpg,이 카페에서 판매하는 음료 중에 '엄마는 훌륭하다!'라는 이름이 붙은 음료가 아닌 것은 무엇인가요?,아메리카노,흑당 밀크티,밀크티 블렌디드,수박 주스,d
train_6129.jpg,train/train_6129.jpg,이 표지판에 적힌 한글 단어는 무엇인가요?,매점,식당,마트,카페,a
train_6130.jpg,train/train_6130.jpg,건물의 4층에 위치한 곳은 어디인가요?,선우 치과,하임민부 반영구,에이치 에어,GS25,c
train_6131.jpg,train/train_6131.jpg,이 간판에서 홍보하는 과일은 무엇인가요?,복숭아,배,포도,사과,a
train_6132.jpg,train/train_6132.jpg,이 러닝머신 화면에 표시된 현재 속도는 얼마인가요?,3.0,6.0,2.3,4.5,b
train_6133.jpg,train/train_6133.jpg,사진 속 건물 유리창에 보이는 간판 중 하나는 무엇인가요?,SUBWAY,JIMMY JOHN'S,STARBUCKS COFFEE,KFC,b
train_6134.jpg,train/train_6134.jpg,이 사진 속 간판에 적힌 커피숍 이름은 무엇인가요?,ESPRESSO BAR,BREW CAFE,COMPOSE COFFEE,COFFEE HOUSE,c
train_6135.jpg,train/train_6135.jpg,사진 속에 있는 사탕의 브랜드 이름은 무엇인가요?,롯데 칸쵸,해태 허니버터칩,오리온 초코파이,크라운 마이쮸,d
train_6136.jpg,train/train_6136.jpg,사진에 보이는 두 과자 중 바비큐 맛으로 표기된 과자는 무엇인가요?,Cheetos,Lays,Potato Crisp,Maltesers,c
train_6137.jpg,train/train_6137.jpg,사진 속 파란색 목걸이(목걸이끈)에 적혀 있는 문구는 무엇인가요?,SSAFY AI Academy,AI Academy 2023,SAMSUNG Electronics,SSAFY SAMSUNG SW AI academy For You,d
train_6139.jpg,train/train_6139.jpg,사진 속 우유 제품 중 행사 가격이 적용된 것은 무엇인가요?,맛있는 우유 GT,초코에몽 800원,"초코에몽 1,500원",흑임자 우유,b
train_6140.jpg,train/train_6140.jpg,인경 수선실에서 바지 허리 수선 가격은 얼마부터인가요?,"15,000원","8,000원","18,000원","5,000원",a
train_6141.jpg,train/train_6141.jpg,이 건물 내에 있는 노래방 이름은 무엇인가요?,인형뽑기방,노라존,코인노래방,헤어인글램,b
train_6142.jpg,train/train_6142.jpg,'스테인리스 자석바'의 가격은 얼마인가요?,"\3,000","\5,000","\1,000",\600,b
train_6143.jpg,train/train_6143.jpg,이 건물에 입주한 은행의 이름은 무엇인가요?,우리은행,신한은행,국민은행,하나은행,a
train_6145.jpg,train/train_6145.jpg,사진 속 '우먼스 타이레놀정 10정'의 가격은 얼마인가요?,"3,000원","24,000원","2,500원","6,000원",a
train_6147.jpg,train/train_6147.jpg,이 티셔츠에 적힌 문구 중에서 귤의 종류가 아닌 것은 무엇인가요?,HARIBBONG,LEMON,TANGERINE,HALLABONG,a
train_6148.jpg,train/train_6148.jpg,이 식당 출입 시 손 소독에 대해 안내하는 문구의 내용은 무엇인가요?,식당 출입 전 체온을 재주세요,"식당 출입 시, 손 소독을 해주세요",식당 출입 시 마스크 착용 필수,식당 내 음식물 반입 금지,b
train_6150.jpg,train/train_6150.jpg,'솔솔커피'에서 라떼 가격은 얼마인가요?,5.0,6.0,4.5,3.0,a
train_6151.jpg,train/train_6151.jpg,사진 속 노란색 간판에 적힌 학원의 이름은 무엇인가요?,삼성육교,결이고은 에스테틱,V-B,프렌즈 아카데미,d
train_6153.jpg,train/train_6153.jpg,이 카드에 적힌 문구의 내용으로 맞는 것은 무엇인가요?,문제를 더 보면서 답을 찾아라.,마음은 몸 아래에 머문다 하셨다.,쉬지 말고 계속 문제를 봐라.,답이 안 보이면 몸부터 쉬어라.,d
train_6154.jpg,train/train_6154.jpg,미나리의 효능으로 옳지 않은 것은 무엇인가요?,간기능 개선,중금속 배출과 해독,피부 미백 효과,심혈관질환 예방,c
train_6155.jpg,train/train_6155.jpg,오뚜기 컵라면 제품 이름은 무엇인가요?,매운 김치 라면,진라면 매운맛,열라 참깨 라면,불닭 볶음면,c
train_6157.jpg,train/train_6157.jpg,이 가게의 전문 요리는 무엇인가요?,일식,한식,중화요리,양식,c
train_6159.jpg,train/train_6159.jpg,렛 풀 다운 운동 시 호흡 방법에 대한 설명으로 옳은 것은 무엇인가요?,"밀으로 당기면서 호흡을 내쉬고, 놓을 때 호흡을 들이마신다.",호흡은 신경쓰지 않아도 된다.,"놓을 때 호흡을 내쉬고, 밀 때 호흡을 들이마신다.",운동 내내 호흡을 참는다.,a
train_6160.jpg,train/train_6160.jpg,이 건물에 입주한 기관 중 하나가 아닌 것은?,강남구청,대한산업복지회,현대365치과의원,세무법인이화,a
train_6161.jpg,train/train_6161.jpg,"이 이미지에 보이는 텀블러 중에서 가격이 23,000원인 제품은 무엇인가요?",보온 보냉 컵 320ml,보온병 2종 카페형,보온 보냉 컵 480ml,보온병 1종 카페형,c
train_6162.jpg,train/train_6162.jpg,트램펄린 운동이 자녀에게 어떤 도움이 된다고 적혀 있나요?,기초체력과 신체조절 능력을 키우고 스트레스를 해소한다,심폐 기능 강화와 혈액 순환을 돕는다,근육량 증가와 체중 감량에 효과적이다,학습 능력과 집중력을 향상시킨다,a
train_6163.jpg,train/train_6163.jpg,사진 속 빨간색 물체에 적힌 문구는 무엇인가요?,주차금지,소화기,출입금지,금연구역,a
train_6164.jpg,train/train_6164.jpg,이 역 이름은 무엇인가요?,京都?,大阪?,米子空港?,東京?,c
train_6165.jpg,train/train_6165.jpg,이 간판에 적힌 기관명은 무엇인가요?,서울신용보증재단,경남신용보증재단,대구신용보증재단,경북신용보증재단,d
train_6166.jpg,train/train_6166.jpg,이 사진 속 역명판에 적힌 역 이름은 무엇인가요?,부산,서울,용산,신촌,b
train_6167.jpg,train/train_6167.jpg,호텔 내 금연 구역에 대한 설명 중 옳은 것은 무엇인가요?,모든 객실과 모든 구역에서 흡연이 금지되어 있다.,흡연으로 인해 요금 청구가 절대 없다.,흡연 시 숙박비를 돌려준다.,흡연 시 현관 앞 흡연구역을 이용할 수 없다.,a
train_6168.jpg,train/train_6168.jpg,다음 중 이미지 속 빵 이름과 가격이 올바르게 짝지어진 것은 무엇인가요?,"플로레인 쌀 휘낭시에 2,700원","미니 단호박 우유 생크림 4,000원","크로와상 3,000원","얼그레이 티그레 4,000원",a
train_6169.jpg,train/train_6169.jpg,파란색 교통 표지판에 적힌 내용은 무엇인가요?,스쿨존 속도 단속 중,중앙차로 버스전용,횡단보도 50m 전방,운행차로 지정 단속 중,b
train_6170.jpg,train/train_6170.jpg,이 카페의 와이파이 비밀번호는 무엇인가요?,CONGCAPHE926,WIFI,CAPHE926,CONGCAPHE,a
train_6171.jpg,train/train_6171.jpg,이 가게 간판에 적혀 있는 글자는 무엇인가요?,MISSION,VISION,VISSION,VISSON,c
train_6174.jpg,train/train_6174.jpg,이 햄버거 포장지에 적힌 햄버거 이름은 무엇인가요?,스파이시 불고기,리안 불고기 더블,치즈 불고기 버거,더블 치킨 버거,b
train_6175.jpg,train/train_6175.jpg,이 사진 속 안내 표지판에 적힌 영어 단어는 무엇인가요?,EXIT,ENTRANCE,CAUTION,STATION,a
train_6177.jpg,train/train_6177.jpg,'장송의 프리렌' 화집 표지에 적혀 있는 문구 중 옳은 것은 무엇인가요?,"다시 떠올려도 돼, 프리렌.",여기서만 볼 수 있는 오리지널 단편 포함.,"저자: 김철수, 이영희",프리렌은 신비한 마법사입니다.,a
train_6179.jpg,train/train_6179.jpg,이 트럭에서 판매하고 있는 과일의 종류는 무엇인가요?,사과,감,포도,배,a
train_6181.jpg,train/train_6181.jpg,이 가게에서 전문적으로 수리하는 서비스는 무엇인가요?,"침수, 파손, 충격 A/S 100% 전문점",자동차 정비 전문점,컴퓨터 수리 전문점,가전제품 판매 전문점,a
train_6182.jpg,train/train_6182.jpg,이 이미지에 보이는 '청년잡 성장 프로젝트' 안내문에 포함된 프로그램이 아닌 것은 무엇인가요?,청년 맞춤형 프로그램,무료 영어 강의,1:1 진로·취업 상담,청년공간 이용,b
train_6183.jpg,train/train_6183.jpg,도서 반납함에 적힌 문구는 무엇인가요?,책 대출함,책 반납함,도서 반납함,도서 대출함,c
train_6184.jpg,train/train_6184.jpg,이 이미지에 적힌 '성심당'은 언제부터 시작되었나요?,1965 이전,1956 이후,1960 이후,1956 이래,d
train_6185.jpg,train/train_6185.jpg,이 매점에서 매점상품을 구매하려면 어떻게 해야 하나요?,셀프 오더를 이용한다,직원에게 직접 주문한다,온라인 주문을 한다,전화 주문을 한다,a
train_6187.jpg,train/train_6187.jpg,사진 속 놀이기구 이름은 무엇인가요?,QUEEN,PRINCE,KING,JOKER,c
train_6188.jpg,train/train_6188.jpg,사진 속 세로 전광판에 적힌 문구 중 'DREAME'와 함께 언급된 것은 무엇인가요?,세계 판매 No.2,세계 판매 No.1,한국 판매 No.2,한국 판매 No.1,b
train_6189.jpg,train/train_6189.jpg,소화전 사용 방법 중 두 번째 단계는 무엇인가요?,호스 빼내기,밸브 닫기,불 끄기,밸브 열기,d
train_6190.jpg,train/train_6190.jpg,이 건물 2층에 위치한 곳의 종류는 무엇인가요?,카페,술집,노래방,서점,b
train_6191.jpg,train/train_6191.jpg,사진 속 포스터에 등장하는 곽철이 여름 에디션 인형들의 크기가 아닌 것은 무엇인가요?,8cm 수박 곽철이,8cm 배찌 곽철이,10cm 서핑 곽철이,11cm 러닝 곽철이,c
train_6192.jpg,train/train_6192.jpg,왼쪽 간판에 적힌 가게 이름은 무엇인가요?,다연금조,이천마트,건영인테리어,지정택거래점,b
train_6193.jpg,train/train_6193.jpg,이 버스 정류장의 이름은 무엇인가요?,한빛마을2단지,DMC대방마을,풍림마을102,한빛마을1단지,b
train_6194.jpg,train/train_6194.jpg,사진 속 상점 중 음악학원 이름은 무엇인가요?,조민경 Hair,강인 배화학원,"안녕, 모차르트 음악학원",골드플래스,c
train_6196.jpg,train/train_6196.jpg,이 옷의 가격은 얼마인가요?,"\39,900","\69,900","\59,900","\49,900",d
train_6197.jpg,train/train_6197.jpg,사진 속 건전지 포장에 표시된 AA형 건전지의 가격은 얼마인가요?,"\1,000","\3,000","\16,000","\5,000",b
train_6198.jpg,train/train_6198.jpg,사진에 보이는 토익 교재 중 '해커스 토익' 시리즈에 포함되지 않은 교재는 무엇인가요?,해커스 토익 READING RC,해커스 토익 LISTENING LC,해커스 토익 문법,토익기출 VOCA,c
train_6199.jpg,train/train_6199.jpg,이 건물들 중에서 '은 Silver'라는 글자가 보이는 가게는 어디인가요?,뉴욕메들리,산호당,은 Silver,대흥철판갈비,b
train_6200.jpg,train/train_6200.jpg,이 표에서 ?物券(승차권)의 가격은 얼마인가요?,500엔,"2,000엔","1,000엔","1,500엔",c
train_6204.jpg,train/train_6204.jpg,이 이미지에서 가장 큰 광고판에 그려진 사람의 모습과 함께 적혀 있는 브랜드 이름은 무엇인가요?,Glico,Asahi,ZETTERIA,CHi,a
train_6206.jpg,train/train_6206.jpg,오뚜기 진라면 컵 65g*15입 세트의 할인 전 가격은 얼마인가요?,"10,500원","12,000원","11,680원","9,980원",c
train_6207.jpg,train/train_6207.jpg,이 밥솥에 적혀 있는 기능 중 '재가열'과 함께 표시된 단어는 무엇인가요?,예약,취사,보온,시간,c
train_6208.jpg,train/train_6208.jpg,오늘의 할 일(To-Do List)에 포함된 과제가 아닌 것은 무엇인가요?,책 '데이터 분석 실무 가이드' 읽기,Pandas groupby 실습 복습,SSAFY 데이터 분석 과제 제출하기,Buy coffee beans before 6pm,a
train_6209.jpg,train/train_6209.jpg,"신문 기사 제목에 따르면, '초지능시대'에 일상화된 것은 무엇인가요?",사람과 로봇의 결혼,로봇세와 주 4일 근무,미래 도시의 건설,인공지능의 완전한 통제,b
train_6210.jpg,train/train_6210.jpg,이 건물에 위치한 'YOGASTE'는 어떤 종류의 센터인가요?,치과의원,피트니스센터,요가전문센터,내과의원,c
train_6211.jpg,train/train_6211.jpg,이 도로 표지판에 표시된 '청명로'는 어느 방향으로 가라는 표시인가요?,오른쪽,직진,왼쪽,뒤로,b
train_6212.jpg,train/train_6212.jpg,이미지에 보이는 '핫도그 3입' 제품의 가격은 얼마인가요?,"7,890원","10,590원","8,590원","13,490원",c
train_6213.jpg,train/train_6213.jpg,책상 위에 놓인 휴대용 선풍기에 적힌 글자는 무엇인가요?,SAMSUNG,SSAFY,Samsung,AI,b
train_6214.jpg,train/train_6214.jpg,큰 현수막에 적힌 문구는 무엇인가요?,무재해가 어렵다,무재해가 쉽다,무재해가 행복이다,무재해가 불행이다,c
train_6215.jpg,train/train_6215.jpg,이 전광판에 표시된 다음 역은 어디인가요?,신당역,진접,오이도,왕십리,a
train_6216.jpg,train/train_6216.jpg,이 가게의 간판에 적힌 전문 요리는 무엇인가요?,코다리찜,닭볶음탕,갈비찜,김치찌개,a
train_6217.jpg,train/train_6217.jpg,이 식당 간판에 적힌 음식 메뉴는 무엇인가요?,콩국수 + 순두부,라면 + 떡볶이,비빔밥 + 불고기,김치찌개 + 된장찌개,a
train_6218.jpg,train/train_6218.jpg,이미지 속 말풍선에 적힌 문구는 무엇인가요?,밥먹으러 일로오나,밥먹으러 밖으로 나가자,밥먹으러 같이 가자,밥먹으러 집으로 가자,a
train_6220.jpg,train/train_6220.jpg,이 가게 간판에 적힌 가게 이름은 무엇인가요?,그대 꽃,나의 꽃,너의 꽃,우리 꽃,c
train_6221.jpg,train/train_6221.jpg,이 가게에서 새로 출시한 두쫀쿠는 어떤 맛이라고 광고하고 있나요?,초콜릿과 아몬드의 고소한 맛,망고와 코코넛의 상큼한 만남,바닐라와 딸기의 달콤한 조화,"결혼속바, 카다이프와 피스타치오의 미친 조화",d
train_6222.jpg,train/train_6222.jpg,이 사진에 보이는 '출구 OUT' 표지판은 무엇을 나타내고 있나요?,입구를 나타낸다,출구를 나타낸다,비상구 위치를 알려준다,화장실 위치를 알려준다,b
train_6223.jpg,train/train_6223.jpg,이 장소의 와이파이 비밀번호는 무엇인가요?,bo1234,password123,wifi2023,ts11301130,d
train_6224.jpg,train/train_6224.jpg,이 벽화에 적힌 '선물'이라는 시를 쓴 사람은 누구인가요?,김소월,이상,나태주,윤동주,c
train_6225.jpg,train/train_6225.jpg,사진 속 간판에 적힌 음식 이름은 무엇인가요?,짜장면 & 짬뽕,땡기면 & 땡비어,라면 & 만두,김밥 & 떡볶이,b
train_6227.jpg,train/train_6227.jpg,이 가게의 상호명은 무엇인가요?,청년통닭,서울통닭,진미통닭,황금통닭,c
train_6228.jpg,train/train_6228.jpg,이 도로 표지판에 적힌 하천 이름은 무엇인가요?,이계천,한강,낙동강,금강,a
train_6229.jpg,train/train_6229.jpg,천변고속화도로에서 시설물 보강 및 보수공사로 인해 교통통제가 실시되는 기간은 언제부터 언제까지인가요?,26년 7월 29일 ~ 26년 12월 31일,26년 6월 29일 ~ 26년 12월 30일,26년 7월 1일 ~ 26년 12월 31일,26년 8월 1일 ~ 26년 12월 25일,a
train_6230.jpg,train/train_6230.jpg,책장 위쪽에 꽂혀 있는 책 중 'Mother Goose' 시리즈는 몇 권인가요?,17권,16권,15권,14권,a
train_6231.jpg,train/train_6231.jpg,사진 속 포켓몬 카드 팩에 적힌 문구 중 올바른 것은 무엇인가요?,포켓몬 카드 게임,포켓몬 비디오 게임,포켓몬 영화 티켓,포켓몬 만화책,a
train_6232.jpg,train/train_6232.jpg,이 약국 입구에 크게 보이는 빨간색 글자는 무엇인가요?,약,치과,한의원,병원,a
train_6233.jpg,train/train_6233.jpg,사진 속 간판에서 '양진석검도관'은 어느 층에 위치해 있나요?,1층,2층,지하 1층,3층,b
train_6237.jpg,train/train_6237.jpg,이 가게의 이름은 무엇인가요?,오피스마트 & LIFT,오피스디포 & LIFE,오피스마트 & LIFE,오피스디포 & LIFT,b
train_6238.jpg,train/train_6238.jpg,이 광고판에 적힌 대학 이름은 무엇인가요?,대구보건대학교,광주보건대학교,서울보건대학교,부산보건대학교,a
train_6239.jpg,train/train_6239.jpg,이 병원에서 제공하지 않는 서비스는 무엇인가요?,미용실,요양원 연계,격리병실,건강검진,a
train_6240.jpg,train/train_6240.jpg,노란색 안전 펜스에 적힌 문구는 무엇인가요?,어린이 보호 구역,주차 금지 구역,자전거 전용 도로,학교 앞 정차 금지,a
train_6241.jpg,train/train_6241.jpg,이미지 속 만화에 나오는 문구 중 맞게 적힌 것은 무엇인가요?,그는 밴드에게서 눈을 떼었어.,그는 밴드에게서 눈을 감았어.,그는 밴드에게서 눈을 감지 못했어.,그는 밴드에게서 눈을 떼지 못했어.,d
train_6242.jpg,train/train_6242.jpg,N12 동아리관 1층에 있는 동아리가 아닌 것은 무엇인가요?,TENZ,A-SOUND,모헤,TEAM MIRACLE,c
train_6243.jpg,train/train_6243.jpg,오른쪽 봉제인형에 적혀 있는 브랜드 이름은 무엇인가요?,MobaXterm,Follow terminal folder,Remote monitoring,Kiwi,d
train_6244.jpg,train/train_6244.jpg,'로로네 빵 나오는 시간'에 관한 정보 중 옳지 않은 것은 무엇인가요?,밤식빵은 10:00부터 11:00까지 나온다,화이트롤과 리본패스츄리는 10:30부터 11:30까지 나온다,주차는 무료이다,소금빵은 12:00부터 12:30까지 나온다,c
train_6245.jpg,train/train_6245.jpg,"GS25 스무디 냉장고에 붙어 있는 스무디 종류 중 가격이 3,500원인 것은 무엇인가요?",초코 스무디,바닐라 스무디,바나나 스무디,딸기 스무디,d
train_6246.jpg,train/train_6246.jpg,행궁다과 카페의 간판에 적힌 설명으로 옳은 것은 무엇인가요?,일식 디저트 카페,중식 디저트 카페,한식디저트카페,양식 디저트 카페,c
train_6247.jpg,train/train_6247.jpg,사진 속 상자에 적힌 문구 중 올바른 문장은 무엇인가요?,SSAFY 15기 입학을 축하합니다,SSAFY 16기 입학을 축하합니다,SSAFY 16기 환영합니다,SSAFY 16기 졸업을 축하합니다,b
train_6248.jpg,train/train_6248.jpg,사진 속 간판에 적힌 '멜론 노래 연습'은 어떤 종류의 시설인가요?,카페,음악 공연장,피아노 학원,노래 연습장,d
train_6249.jpg,train/train_6249.jpg,이 음식점에서 점심특선으로 제공하는 메뉴 중 하나는 무엇인가요?,불백 구이 덮밥,된장찌개,닭다리구이 덮밥,김치찌개,c
train_6250.jpg,train/train_6250.jpg,이 사진에 보이는 가게의 이름은 무엇인가요?,국제시장,만복수산,꽃분이네,MERRY CHRISTMAS,c
train_6255.jpg,train/train_6255.jpg,다음 중 'Pony Film 포니필름'에 대해 올바르게 설명한 것은 무엇인가요?,아기자기하고 가성비 좋은 소품샵,"한국인의 식탁, 외국인에게 가장 사랑받는 곳",해운대 감성 가득한 듀플릿카페 수제 디저트와 브런치가 유명한 곳,어디에도 볼 수 없는 서부 아메리칸 영화같은 컨셉 셀프스튜디오,d
train_6256.jpg,train/train_6256.jpg,이 사진 속 상점의 이름은 무엇인가요?,VAPE WORLD,HELLO VAPE,VAPE ZONE,E-CIGARETTE SHOP,b
train_6257.jpg,train/train_6257.jpg,이 타로 카드 중에서 'THE DEVIL' 카드의 배경색은 무엇인가요?,주황색,분홍색,노란색,파란색,c
train_6258.jpg,train/train_6258.jpg,이 지하철 역 이름은 무엇인가요?,선릉,역삼 (센터필드),삼성,강남,b
train_6259.jpg,train/train_6259.jpg,이 전기 설비에 붙어 있는 노란색 경고문에 적힌 내용으로 알맞은 것은 무엇인가요?,전력 공급 중단 안내,고압 전기 위험 접근 금지,전기 설비 점검 중 출입 금지,특고압 전력케이블 매설 굴착 절대 금지,d
train_6260.jpg,train/train_6260.jpg,사진 속 현수막에 적힌 문구는 무엇인가요?,"잘했고, 잘하고 있고, 잘 될 거야!",성공은 노력의 결과다,항상 최선을 다하자!,꿈을 향해 달려가자,a
train_6262.jpg,train/train_6262.jpg,이 건물 이름은 무엇인가요?,진넥스타워,진넥스빌,진넥스홀,진넥스센터,b
train_6263.jpg,train/train_6263.jpg,이 건물 2층에 있는 가게 이름은 무엇인가요?,인터파크 PC방,설농탕 전문점,행복한 칼국수,명동 찜닭,a
train_6266.jpg,train/train_6266.jpg,이미지 속 셔터에 적힌 문구는 무엇인가요?,LOVE IS free,LOVE IS money,LOVE IS time,LOVE IS power,a
train_6267.jpg,train/train_6267.jpg,사진 속 메뉴판에 적힌 '꿔바로우'의 설명으로 옳은 것은?,각종 재료를 골고루 볶아 만든 볶음밥입니다.,새콤달콤한 토마토 국물이 특징인 마라탕입니다.,돼지고기 안심을 바삭하게 튀겨 새콤 달콤한 특제 소스에 버무린 중화요리입니다.,매운맛이 강한 마라탕입니다.,c
train_6268.jpg,train/train_6268.jpg,사진 속 커피 음료에 붙어있는 노란색 라벨에 적힌 브랜드 이름은 무엇인가요?,Maxim,Dunkin',Starbucks,Coffee Bean,a
train_6269.jpg,train/train_6269.jpg,이 음식점 간판에 적힌 문구 중에서 무한리필이 가능한 것은 무엇인가요?,명품 생삼겹살,흑돼지 대패,쌈야채 무한리필,명품 한돈 대패,c
train_6271.jpg,train/train_6271.jpg,BALLANTINE'S 17년 위스키의 가격은 얼마인가요?,"215,900원","130,900원","100,000원","200,000원",b
train_6272.jpg,train/train_6272.jpg,케이크 진열대에서 '생크림케이크'의 가격은 얼마인가요?,"32,000원","40,000원","30,000원","35,000원",b
train_6273.jpg,train/train_6273.jpg,이 자동차 정비소에서 제공하지 않는 서비스는 무엇인가요?,타이어 교체,손 세차,자동차 정비,세차,a
train_6275.jpg,train/train_6275.jpg,이 가게의 간판에 적힌 브랜드 이름은 무엇인가요?,au by KDDI,NTT docomo,SoftBank,?天モバイル,b
train_6276.jpg,train/train_6276.jpg,이 제품의 이름은 무엇인가요?,하이드레이트 크레아틴 모노 저스트,모노 크레아틴 저스트 하이드레이트,크레아틴 모노 저스트 하이드레이트,저스트 크레아틴 모노 하이드레이트,d
train_6277.jpg,train/train_6277.jpg,중앙 공인중개사사무소 간판에 적힌 전화번호는 무엇인가요?,923-5900,925-1000,923-1000,925-5900,c
train_6278.jpg,train/train_6278.jpg,"이 건설 현장 입구에 적힌 안내문에 따르면, 차량 운전자는 무엇을 해야 하나요?",안전모 착용,출입증을 제시,속도 제한 준수,보행자 확인 철저,d
train_6279.jpg,train/train_6279.jpg,이 간판에 적힌 가게 이름은 무엇인가요?,무국적 요리주점,부보상,과학 영재 학원,황돌길,b
train_6280.jpg,train/train_6280.jpg,회의실 벽에 적힌 문구는 무엇인가요?,Project Deadline,Annual General Meeting,Meeting for Slacking Off,Team Brainstorming,c
train_6281.jpg,train/train_6281.jpg,이 건물 간판에 적혀 있지 않은 가게 이름은 무엇인가요?,YANGMANI KOREAN BBQ,GABIN KOREAN GRILL,THE KIMBAP,SEOUL TACO,d
train_6282.jpg,train/train_6282.jpg,동천FC 축구회원 모집 공고에 따르면 정기모임은 언제 있나요?,매주 일요일 오전 8시 30분부터 12시까지,매주 수요일 오후 6시부터 8시까지,매주 토요일 오전 9시부터 11시까지,매주 월요일 오전 8시 30분부터 12시까지,a
train_6283.jpg,train/train_6283.jpg,이 사진에 나온 전통시장의 이름은 무엇인가요?,인천신포시장,부산자갈치시장,제주동문시장,서울남대문시장,c
train_6284.jpg,train/train_6284.jpg,이 가챠폰에서 한 번 뽑는데 드는 가격은 얼마인가요?,400원,300원,500원,600원,c
train_6285.jpg,train/train_6285.jpg,위너 축구교실에서 취미반은 주 몇 회 수업을 진행하나요?,주 5회 월~금,주 1회~3회,주 7회,주 2회~4회,b
train_6287.jpg,train/train_6287.jpg,이미지에 나온 서비스가 주로 어떤 사람들을 위한 것인가요?,운동을 좋아하는 사람들,요리를 좋아하는 사람들,음악을 좋아하는 사람들,차를 좋아하는 사람들,d
train_6288.jpg,train/train_6288.jpg,애스터스터디카페의 1회 시간권 6시간 이용 요금은 얼마인가요?,"4,000원","6,000원","8,000원","10,000원",c
train_6290.jpg,train/train_6290.jpg,이 이미지에 보이는 큰 글씨는 무엇이라고 적혀 있나요?,쿠키런 퓨전,쿠키런 킹덤,쿠키런 어드벤처,쿠키런 오븐브레이크,d
train_6291.jpg,train/train_6291.jpg,이 건물에 붙어 있는 안내문에 적힌 학교 이름은 무엇인가요?,해운대중학교,모라초등학교,부산과학고,동래고등학교,b
train_6292.jpg,train/train_6292.jpg,이 간판에 적힌 영어 단어는 무엇인가요?,Krispy Kreme,Starbucks,Subway,Jollibee,d
train_6293.jpg,train/train_6293.jpg,사진 속 건물에 적힌 상호명은 무엇인가요?,AGABANG & COMPANY,AGABANG & COMPANYX,AGABANG & COMPANION,AGABANG & COMPANIES,a
train_6294.jpg,train/train_6294.jpg,이 표지판에 따르면 5번 출구 방향은 어디인가요?,직진,뒤쪽,왼쪽,오른쪽,c
train_6295.jpg,train/train_6295.jpg,이 매대에 진열된 '몽쉘 생크림 케이크' 제품 중 딸기 맛으로 표시된 것은 어떤 색상 박스에 있나요?,갈색 박스,분홍색 박스,빨간색 박스,베이지색 박스,b
train_6297.jpg,train/train_6297.jpg,사진 속 건물 1층에 있는 커피숍 이름은 무엇인가요?,CATPLE,MEGA COFFEE,아쿠아 플레이하우스,사보야키,b
train_6298.jpg,train/train_6298.jpg,이 전기자전거 손잡이에 붙어있는 안내문에 적힌 내용은 무엇인가요?,전기자전거 요금은 1시간에 3000원,안전모 착용은 필수입니다,자전거 반납은 지정 장소에서만 가능,한번 타고 끝? 스윙은 환승까지,d
train_6299.jpg,train/train_6299.jpg,사진 속 '걸대 감자탕' 간판에 적힌 전화번호는 무엇인가요?,02-555-7600,02-555-7601,02-2052-4050,02-1577-8388,a
train_6301.jpg,train/train_6301.jpg,이 식당 메뉴판에서 '명란'의 가격은 얼마인가요?,6.5,5.5,3.5,4.5,a
train_6302.jpg,train/train_6302.jpg,이 식당에서 '대패삼겹살'을 주문하면 어떤 식재료를 제공하는 것인가요?,양념 돼지 갈비,소고기 불고기,닭갈비,생 대패 삼겹살,d
train_6303.jpg,train/train_6303.jpg,이 건물의 이름은 무엇인가요?,한강타워,강남빌딩,서울타워,재일강호타워,d
train_6304.jpg,train/train_6304.jpg,이 그림 속 둥근 테두리 안에 적힌 문구는 무엇인가요?,너 혼자 못한다,나 혼자 못한다,나는 잘한다,나 혼자 한다,b
train_6306.jpg,train/train_6306.jpg,사진 속 술병 라벨에 적힌 술의 도수는 얼마인가요?,20%,15%,25%,30%,c
train_6307.jpg,train/train_6307.jpg,이 이미지에 나온 대회 명칭은 무엇인가요?,2024년 메타버스 개발자 경진대회,2024년 소프트웨어 개발자 경진대회,2024년 인공지능 개발자 경진대회,2024년 게임 개발자 경진대회,a
train_6308.jpg,train/train_6308.jpg,이 간판에서 판매하는 음식 메뉴가 아닌 것은 무엇인가요?,닭,바베큐,피자,보리밥,c
train_6309.jpg,train/train_6309.jpg,사진 속 거북이 모양 스퀴시 제품의 향은 무엇인가요?,복숭아향,딸기향,메론향,사과향,c
train_6311.jpg,train/train_6311.jpg,사진에 보이는 큰 글자는 무엇인가요?,SSAFY,SAFETY,SASSY,SAFE,a
train_6312.jpg,train/train_6312.jpg,9월 12일 금요일 메뉴 중 식권 금액은 얼마인가요?,"5,000원","8,000원","6,000원","7,000원",d
train_6313.jpg,train/train_6313.jpg,"메뉴판에 따르면, '구운 한우교자 (올리브유)' 350g의 가격은 얼마인가요?","10,000원","11,000원","12,000원","6,000원",c
train_6314.jpg,train/train_6314.jpg,사진 속 신문 모양의 카드에서 1997년을 나타내는 문구는 무엇인가요?,Year Of Birth 1983,Year Of Birth 1997,Year Of Birth 1994,Year Of Birth 1984,b
train_6315.jpg,train/train_6315.jpg,이 선물 세트에 포함된 핸드워시의 향은 무엇인가요?,레몬 향,자몽 향,청포도 향,라벤더 향,c
train_6317.jpg,train/train_6317.jpg,이 술병의 라벨에 적힌 술 이름은 무엇인가요?,청포도막걸리,복분자막걸리,자연담은 복분자막걸리,복분자주,c
train_6318.jpg,train/train_6318.jpg,우유 버터 카스테라 신메뉴 할인 이벤트에서 할인 전 가격은 얼마인가요?,"6,800원","8,500원","7,800원","7,500원",b
train_6319.jpg,train/train_6319.jpg,사진 속 두 가게 중 '준차이' 가게는 어떤 종류의 음식점을 의미하나요?,중식당,일식당,양식당,한식당,a
train_6320.jpg,train/train_6320.jpg,이미지 속 간판에 적힌 '투자에 AI를 더하다'라는 문구와 함께 등장하는 회사명은 무엇인가요?,한화손보,PLUS ETF,한화투자증권 MTS,한화생명금융서비스,c
train_6321.jpg,train/train_6321.jpg,이 사진 속 가게의 간판에 적힌 글자는 무엇인가요?,blues & jazz,classical music,jazz & soul,rock & roll,c
train_6322.jpg,train/train_6322.jpg,이 카페에서 아메리카노의 가격은 얼마인가요?,"2,000원","3,000원","2,500원","3,500원",c
train_6323.jpg,train/train_6323.jpg,이미지 속 종이컵에 적힌 문구 중 옳은 것은 무엇인가요?,DUCOBI - NOT A COFFEE IT'S A TREND.,DUCOBI - THE BEST TEA SHOP.,DUCOBI - HOT CHOCOLATE SPECIAL.,DUCOBI - FRESH JUICE ONLY.,a
train_6324.jpg,train/train_6324.jpg,사진 속 가운데에 있는 책자의 제목은 무엇인가요?,젊은이여 노래하라,천주교대구대교구 인동성당,인동성당 주보,자캐오나무 미사곡,d
train_6325.jpg,train/train_6325.jpg,이 문에 붙어있는 표지판에 적힌 내용 중 옳은 것은 무엇인가요?,EPS-B,남자 화장실,출입금지 구역,회의실,a
train_6327.jpg,train/train_6327.jpg,영화 '인사이드 아웃'에서 다루는 주요 감정 중 포함되지 않은 감정은 무엇인가요?,기쁨,공포,분노,슬픔,b
train_6330.jpg,train/train_6330.jpg,이 안내문에 따르면 800 문학 구역에서 '한국소설'은 어떤 번호 범위에 있나요?,818~823,784~844,547~824,813~817,a
train_6331.jpg,train/train_6331.jpg,이 건물의 상호명은 무엇인가요?,한양대학교,강북학원,강남대성학원,서울대학교,c
train_6332.jpg,train/train_6332.jpg,이 건물에 있는 음식점 이름은 무엇인가요?,향미 콩밥,향미 콩 사랑,공룡 멸치 국수,한방 비지장,b
train_6333.jpg,train/train_6333.jpg,유니클로 OPEN 행사는 몇 일 동안 진행되나요?,5일간,8일간,3일간,10일간,b
train_6334.jpg,train/train_6334.jpg,'영등포 푸르지오' 공인중개사 사무소의 대표 이름은 무엇인가요?,이 민호,강 혁,김 영수,박 철수,b
train_6335.jpg,train/train_6335.jpg,이 사진 속 가게 간판에 적힌 가게 이름은 무엇인가요?,GOLFZON MARKET,골프마트,골프존 마켓,GOLF KING,a
train_6337.jpg,train/train_6337.jpg,사진에 붙어 있는 포스터에 따르면 삼성 스마트폰 SSAFY 교육생이 받을 수 있는 혜택은 무엇인가요?,임직원 동일 혜택 구입 가능,무료 점심 제공,교육비 전액 지원,무상 A/S 지원,a
train_6338.jpg,train/train_6338.jpg,이 간판에 적힌 문구 중 영어로 옳게 적힌 것은 무엇인가요?,Do you likes cheese cake?,Do you liking cheese cake?,Do you like cheese cake?,Do you liked cheese cake?,c
train_6339.jpg,train/train_6339.jpg,이 책의 차례에서 '나는 메리 포핀스'에 해당하는 MBTI 유형은 무엇인가요?,ENTP,INFJ,ISTJ,ISFP,c
train_6341.jpg,train/train_6341.jpg,이 표지판에 따르면 7번과 8번 출구는 어느 방향에 있나요?,아래쪽,위쪽,우측,좌측,b
train_6342.jpg,train/train_6342.jpg,이 용기면 라면의 이름은 무엇인가요?,얼큰한 김치찌개,진한 사골곰탕,매운맛 불닭볶음면,개운한! 새우탕,d
train_6344.jpg,train/train_6344.jpg,사진 속에 보이는 아이스크림 이름은 무엇인가요?,SEOUL CHERRY BLOSSOM ICE CREAM,JEJU CAMELLIA BLOSSOM ICE CREAM,BUSAN ROSE BLOSSOM ICE CREAM,BUSAN CAMELLIA BLOSSOM ICE CREAM,d
train_6345.jpg,train/train_6345.jpg,이 건물 옥외 전광판에 적힌 문구는 무엇인가요?,모슬 하나 연애 사겨려면 온 마을의 응원이 필요하다,모든 연애는 사랑과 인내가 필요하다,연애를 할 때는 친구의 조언이 중요하다,사랑을 이루려면 온 마을이 함께 해야 한다,a
train_6346.jpg,train/train_6346.jpg,삼형제김밥에서 3~4세 어린이용 유부김밥의 가격은 얼마인가요?,"5,500원","4,000원","5,000원","6,000원",b
train_6347.jpg,train/train_6347.jpg,이 사진에서 '엑스퍼티짐'에서 제공하는 서비스는 무엇인가요?,"헬스, 골프, PT","피트니스, 마사지, 다이어트","헬스, 수영, 명상","요가, 필라테스, 수영",a
train_6348.jpg,train/train_6348.jpg,이 이미지에 있는 텍스트 중 한국어로 올바르게 적힌 단어는 무엇인가요?,피카츄,레드카드,옐로우 카드,파란색 공,c
train_6349.jpg,train/train_6349.jpg,이 사진에 보이는 부동산 사무소의 전화번호는 무엇인가요?,526-5952,042-523-2700,523-4185,523-2700,d
train_6350.jpg,train/train_6350.jpg,이 가게의 이름은 무엇인가요?,아리랑 옛날 순대,부산 해물탕,서울 떡볶이,한식당 맛집,a
train_6353.jpg,train/train_6353.jpg,2024 부산국제보트쇼가 열리는 곳은 어디인가요?,BEXCO,COEX,DOME,KINTEX,a
train_6355.jpg,train/train_6355.jpg,이 전단지에서 'Smaller Size'가 얼마나 개선되었는지에 대해 올바르게 설명한 것은 무엇인가요?,12배 빨라짐,정확도 손실 1% 이하,87% 향상,90% ROI 향상,c
train_6357.jpg,train/train_6357.jpg,계란을 넣고 몇 분 동안 계속 저어야 한다고 안내되어 있나요?,3분,1분,5분,10분,b
train_6358.jpg,train/train_6358.jpg,사진에 보이는 컵라면의 상표명은 무엇인가요?,김치찌개 컵라면,순두부찌개 컵라면,육개장 사발면,된장찌개 컵라면,c
train_6360.jpg,train/train_6360.jpg,이 가게의 전화번호는 무엇인가요?,010-1111-2222,031-9876-5432,424-7692,02-1234-5678,c
train_6361.jpg,train/train_6361.jpg,이 편의점에서 수입 맥주 4캔의 가격은 얼마인가요?,4캔 이만원,4캔 2만원,4캔 만원,4캔 5천원,c
train_6362.jpg,train/train_6362.jpg,이미지 속 닌텐도 스위치 게임 중 '루이지 맨션 3'의 가격은 얼마인가요?,"64,800원","88,000원","54,800원","25,000원",a
train_6363.jpg,train/train_6363.jpg,추석 선물세트 사전예약 기간은 언제부터 언제까지인가요?,26.8.1(화) ~ 9.1(금),26.9.1(금) ~ 10.15(일),26.7.1(월) ~ 8.31(목),26.8.6(목) ~ 9.16(수),d
train_6365.jpg,train/train_6365.jpg,이 병원의 이름은 무엇인가요?,양·한방 협진병원,보건소,보강한방병원,동서진의료재단,c
train_6366.jpg,train/train_6366.jpg,이 빈 페트병에 적힌 음료수 이름은 무엇인가요?,펩시,환타,스프라이트,코카콜라,c
train_6368.jpg,train/train_6368.jpg,캐리어 배송 수령처의 운영시간은 언제인가요?,10:00 ~ 16:00,09:00 ~ 15:30,07:30 ~ 12:00,08:30 ~ 11:00,b
train_6369.jpg,train/train_6369.jpg,생곱창집 가게 앞 세로 배너에 적힌 서비스 내용은 무엇인가요?,포장 주문만 가능,예약 필수 안내,셀프서비스 시작합니다,음료 무제한 제공,c
train_6370.jpg,train/train_6370.jpg,코리아약국에 관한 안내문에 적힌 '정확 처방 조제'는 어디에 위치해 있나요?,지하 3층,1층,B1층,2층,c
train_6371.jpg,train/train_6371.jpg,대전 한화생명 볼파크 전광판에 나온 투수 이교훈 선수의 생일은 언제인가요?,2001년 7월 10일,1998년 12월 1일,1999년 3월 15일,2000년 5월 29일,d
train_6372.jpg,train/train_6372.jpg,이 가게의 이름은 무엇인가요?,포장가능 신갈비,불당 물갈비 전문점,불당 신사우 물갈비,신사우 갈비집,c
train_6373.jpg,train/train_6373.jpg,사진 속 가게의 이름은 무엇인가요?,ZUBORAYA,サロンパス,LOTTERIA,住友情報,c
train_6374.jpg,train/train_6374.jpg,책장 위쪽 책 중에서 '미적분 7일 만 끝내기' 책의 제목이 맞는 것을 고르세요.,미적분 7시간 만 끝내기,미적분 7일 만 끝내기,미적분 7일 만 하기,미적분 7주 만 끝내기,b
train_6375.jpg,train/train_6375.jpg,이 상자에 담긴 제품의 이름은 무엇인가요?,모이스처 라이징 로션,화이트닝 에센스,아쿠아 수딩 젤,R.E.D BLEMISH CLEAR CREAM,d
train_6376.jpg,train/train_6376.jpg,이 광고판에 소개된 제품은 무엇인가요?,황금 포르투갈 에그 타르트,초코 크림 케이크,바닐라 아이스크림,딸기 치즈 타르트,a
train_6377.jpg,train/train_6377.jpg,메뉴판에 따르면 '된장짜글이밥'의 가격은 얼마인가요?,"7,000원","10,000원","6,000원","4,000원",c
train_6378.jpg,train/train_6378.jpg,"이마트 앞에 걸린 현수막에 따르면, 1월 29일(수)은 어떤 날인가요?",휴점하는 날,정상 영업하는 날,문화 행사 진행하는 날,할인 행사가 있는 날,a
train_6379.jpg,train/train_6379.jpg,"SSAFY 소개 글에 따르면, 삼성청년SW·AI아카데미(SSAFY)의 주요 목표는 무엇인가요?",국제 IT 컨퍼런스 개최,취업 준비생에게 SW·AI 역량 향상 교육 및 취업 지원 서비스 제공,국내 대학과의 산학 협력 강화,최신 전자제품 개발 및 판매,b
train_6380.jpg,train/train_6380.jpg,사진 속 초콜릿 상자에 적힌 문구 중 올바른 것은 무엇인가요?,Small Batch Candy Bright Flavor Sugar Bean Direct Trade Sugar Bean,Medium Batch Chocolate Mild Flavor Coffee Bean Direct Trade Coffee Bean,Large Batch Chocolate Dark Flavor Cocoa Bean Indirect Trade Cocoa Bean,Small Batch Chocolate Bright Flavor Cacao Bean Direct Trade Cacao Bean,d
train_6381.jpg,train/train_6381.jpg,사진 속 건물의 이름은 무엇인가요?,서울역,대전역,부산역,광주역,c
train_6382.jpg,train/train_6382.jpg,이 상자 안에 들어있는 음식 브랜드 이름은 무엇인가요?,KFC,BBQ,GOOBNE CHICKEN,맘스터치,c
train_6383.jpg,train/train_6383.jpg,이 제품의 포장 개봉 방법으로 올바른 것은 무엇인가요?,포장 끝을 아래로 접어 천천히 연다,포장 끝을 돌려서 연다,포장 끝을 옆으로 잡아 빠르게 연다,포장 끝을 위로 접어 천천히 연다,d
train_6384.jpg,train/train_6384.jpg,이 건물 3층에 위치한 학원 이름은 무엇인가요?,점핑팝 줄넘기 클럽,영수학원,유성 태권도,스칼라 음악학원,d
train_6385.jpg,train/train_6385.jpg,이 건물 입구에 붙어 있는 '흡연금지' 안내문에 적힌 전화번호는 무엇인가요?,02-553-1896,02-553-1998,02-552-1996,02-553-1996,d
train_6386.jpg,train/train_6386.jpg,사진 속 메뉴판에 적힌 음식 이름은 무엇인가요?,매생이 굴죽,굴 전복죽,매생이 전복죽,전복 해물탕,c
train_6387.jpg,train/train_6387.jpg,소화전을 사용할 때 두 번째로 해야 할 행동은 무엇인가요?,호스 빼내기,불 끄기,밸브 열기,밸브 닫기,c
train_6389.jpg,train/train_6389.jpg,이미지 속 휘트니스엠 롯데캐슬점 5월 이벤트 가격은 얼마인가요?,15만원,10만원,20만원,25만원,a
train_6390.jpg,train/train_6390.jpg,이 건물에 위치한 병원의 이름은 무엇인가요?,대구병원,서울병원,대학병원,부산병원,a
train_6391.jpg,train/train_6391.jpg,음료 디스펜서 옆에 있는 통에 붙어 있는 문구는 무엇인가요?,음료 컵 보관함,쓰레기통,남은 음료 버리는 곳,자원 재활용함,c
train_6392.jpg,train/train_6392.jpg,이 건물에 입주해 있는 기관 중 하나의 이름은 무엇인가요?,대한사회복지회,서울대학교병원,한국은행,강남치과의원,a
train_6393.jpg,train/train_6393.jpg,사진 속 건물 임대 광고에 명시된 임대 면적은 얼마인가요?,1600 SQUARE METRES,1400 SQUARE METRES,1200 SQUARE METRES,1000 SQUARE METRES,b
train_6394.jpg,train/train_6394.jpg,이 사진 속 종이 가방에 적힌 '지평'은 무엇과 콜라보레이션을 한 브랜드인가요?,JIM BEAM,맥도날드,스타벅스,롯데,a
train_6395.jpg,train/train_6395.jpg,오리온에서 판매하는 '참 붕어빵' 한 박스에는 몇 마리가 들어 있나요?,5마리,12마리,30마리,18마리,d
train_6397.jpg,train/train_6397.jpg,이 케이크에 붙어 있는 상호명은 무엇인가요?,CHEFCHO,DOW'S,2020,PORT,a
train_6398.jpg,train/train_6398.jpg,사진 속 7-ELEVEN 편의점에서 와인과 위스키를 최대 몇 퍼센트 할인 판매하고 있나요?,최대 30%,최대 20%,최대 15%,최대 10%,b
train_6399.jpg,train/train_6399.jpg,이 제품의 이름은 무엇인가요?,ROYCE' VANILLA CHOCOLATE,ROYCE' ALMOND CHOCOLATE,ROYCE' STRAWBERRY CHOCOLATE,ROYCE' POTATOCHIP CHOCOLATE,d
train_6400.jpg,train/train_6400.jpg,이 삼각김밥의 종류는 무엇인가요?,참치마요,김치,멸치볶음,불고기,a
train_6401.jpg,train/train_6401.jpg,옐로우클렌즈 주스에 들어가지 않은 재료는 무엇인가요?,자몽,오렌지,당근,파인애플,c
train_6402.jpg,train/train_6402.jpg,사진 속 빨간색 간판에 적힌 가게 이름은 무엇인가요?,올킬 스터디카페,장터할인마트,진초동순두부,미향 부페식 고시식당,b
train_6407.jpg,train/train_6407.jpg,이 식당의 전화번호는 무엇인가요?,111-2222,475-9248,987-6543,123-4567,b
train_6408.jpg,train/train_6408.jpg,이 음식점의 간판에 적힌 가게 이름은 무엇인가요?,강남새롬치과,노리타,포도영상의원,사누키 제면소,d
train_6409.jpg,train/train_6409.jpg,이미지 속 음료 패키지에 적힌 상품명은 무엇인가요?,스페셜티 원두,델라페,델라샤스페셜티,홈커피,c
train_6410.jpg,train/train_6410.jpg,사진에 보이는 편의점 간판에 적힌 문구는 무엇인가요?,프리미엄 과일 모창,당신을 위한 편의점 CU,홍인 부동산,인스턴트 태닝 스튜디오,b
train_6411.jpg,train/train_6411.jpg,트레이더스 홀세일 클럽 명지점의 8월 휴점일은 언제인가요?,8월 3일과 8월 17일,8월 1일과 8월 15일,8월 10일과 8월 24일,8월 5일과 8월 20일,c
train_6412.jpg,train/train_6412.jpg,이 수하물의 무게는 얼마인가요?,13.5 kg,15.2 kg,16.0 kg,14.8 kg,d
train_6413.jpg,train/train_6413.jpg,이 건물의 간판에 적힌 전화번호는 무엇인가요?,987-6543,010-1111-2222,472-9933,123-4567,c
train_6414.jpg,train/train_6414.jpg,이 도로에 설치된 제한 속도 표지판에 적힌 제한 속도는 얼마인가요?,80,60,30,50,c
train_6415.jpg,train/train_6415.jpg,사진에 보이는 '만석군'은 어떤 종류의 음식점인가요?,양식당,한식부페,일식집,중식당,b
train_6416.jpg,train/train_6416.jpg,사진 속 건물 2층에 위치한 스터디 카페의 이름은 무엇인가요?,천지부동산,무에타이,제과제빵,아이비스터디카페,d
train_6417.jpg,train/train_6417.jpg,이 가게에서 판매한다는 내용으로 올바른 것은 무엇인가요?,"호박, 말뼈, 과일, 물, 한우, 설렁탕","호박, 말뼈, 과일, 물, 한우, 곰탕","호박, 말뼈, 과일, 물, 한우, 곰탕, 선인장","호박, 말뼈, 과일, 물, 한우, 각종제골",d
train_6418.jpg,train/train_6418.jpg,이 잔에 적혀 있는 맥주 브랜드 이름은 무엇인가요?,BUDWEISER,CARLSBERG,HEINEKEN,GUINNESS,d
train_6419.jpg,train/train_6419.jpg,이 건물에 입주해 있는 한식 전문점의 이름은 무엇인가요?,만두레한우,시우타일,세무사김영복,SIWOO TILE,a
train_6420.jpg,train/train_6420.jpg,미래치과의원의 진료시간은 언제인가요?,"월~금 09:30 - 18:30, 토요일 09:30 - 14:00","월~금 09:30 - 18:30, 토요일 09:30 - 12:30","월~금 09:30 - 18:30, 토요일 휴진","월~금 09:30 - 18:30, 토요일 09:30 - 15:00",a
train_6422.jpg,train/train_6422.jpg,이 약품의 용량은 얼마인가요?,10mL,5mL,20mL,14mL,d
train_6423.jpg,train/train_6423.jpg,이 부스의 주제는 무엇인가요?,인공지능,환경 과학,바이오 기술,로봇공학,a
train_6425.jpg,train/train_6425.jpg,이 가게의 전화번호는 무엇인가요?,0507-1322-8062,070-9876-5432,031-1234-5678,02-3456-7890,a
train_6426.jpg,train/train_6426.jpg,이 매장의 브랜드 행사 내용으로 옳은 것은 무엇인가요?,신제품 출시 기념 사은품 증정,마리끌레르 핸드백 최대 60% 할인,빵 구매 시 음료 무료 제공,전 품목 30% 할인,b
train_6427.jpg,train/train_6427.jpg,이 간판에 적힌 세탁소의 이름은 무엇인가요?,진평 2길 빨래방,24시 무인운영 빨래방,세븐 빨래방 24시,세븐 24시 빨래방,d
train_6428.jpg,train/train_6428.jpg,이 간판에 적힌 장소는 무엇인가요?,커피 전문점,수제 버거 전문점,영화관 입구,연인 노래 연습장,d
train_6430.jpg,train/train_6430.jpg,이 카페의 이름은 무엇인가요?,MEGA COFFEE HOUSE,MEGA MGC COFFEE,MEGA COFFEE,MEGA COFFEE SHOP,b
train_6431.jpg,train/train_6431.jpg,이 도로 표지판에 따르면 '하남산단'으로 가려면 어느 방향으로 가야 하나요?,오른쪽,왼쪽,직진,뒤로 돌아가야 한다,a
train_6432.jpg,train/train_6432.jpg,이 건물 옥상 광고판에 적힌 김치 관련 브랜드 이름은 무엇인가요?,맛있는 김치,김치월드,종가,청정원,c
train_6433.jpg,train/train_6433.jpg,사진 속 안내판에 따르면 '파미에스트레이'는 어느 지하철 호선을 의미하나요?,1호선,2호선,5호선,3·7·9호선,d
train_6434.jpg,train/train_6434.jpg,이 사진 속 도로 표지판에 표시된 길 이름은 무엇인가요?,테헤란로 34길,테헤란로 32길,테헤란로 40길,테헤란로 30길,a
train_6435.jpg,train/train_6435.jpg,'보쌈愛칼국수' 식당에서 보쌈 정식의 가격은 얼마인가요?,2만원,1만 5천원,5천원,1만원,d
train_6436.jpg,train/train_6436.jpg,세탁기용량 20kg 기준으로 표준코스의 세탁 요금은 얼마인가요?,"6,000","6,500","7,000","5,500",a
train_6437.jpg,train/train_6437.jpg,이미지에 적힌 '상가임대' 문의 전화번호는 무엇인가요?,010-1234-5678,010-3888-0113,02-3888-0113,010-9468-1233,b
train_6439.jpg,train/train_6439.jpg,이 건물에 입주한 학원의 전문 분야는 무엇인가요?,요리 전문학원,영어 전문학원,수학 전문학원,음악 전문학원,c
train_6442.jpg,train/train_6442.jpg,이 컴퓨터에 장착된 그래픽 카드 브랜드는 무엇인가요?,AMD RYZEN AI 7,Qualcomm Adreno,Intel UHD Graphics,NVIDIA GEFORCE RTX,d
train_6444.jpg,train/train_6444.jpg,이 작품 '아직은 낭만'은 어떤 가수의 노래에서 영감을 받았나요?,윤하,윤치호,윤미래,윤마치,d
train_6445.jpg,train/train_6445.jpg,메뉴판에서 '제육덮밥'의 가격은 얼마인가요?,"6,000원","6,500원","5,500원","7,000원",b
train_6446.jpg,train/train_6446.jpg,사진 속 스피커에 적힌 글자는 무엇인가요?,LikeMe,LoveYou,LookUp,LiveNow,a
train_6447.jpg,train/train_6447.jpg,이 표지판에 따르면 '관월교'로 가려면 어느 방향으로 가야 하나요?,유턴,직진,오른쪽,왼쪽,c
train_6449.jpg,train/train_6449.jpg,이미지 속 상품 '파워비타비백'의 가격은 얼마인가요?,"25,000원","49,000원","70,000원","35,000원",c
train_6450.jpg,train/train_6450.jpg,이 경기에서 뉴욕 닉스(New York Knicks)와 클리블랜드 캐벌리어스(Cleveland Cavaliers)의 현재 점수는 무엇인가요?,"뉴욕 닉스 130점, 클리블랜드 캐벌리어스 120점","뉴욕 닉스 120점, 클리블랜드 캐벌리어스 130점","뉴욕 닉스 124점, 클리블랜드 캐벌리어스 125점","뉴욕 닉스 125점, 클리블랜드 캐벌리어스 124점",d
train_6451.jpg,train/train_6451.jpg,화재 시 방수용 기구함에서 가장 먼저 해야 할 행동은 무엇인가요?,호스 빼내기,밸브 닫기,밸브 열기,불 끄기,a
train_6452.jpg,train/train_6452.jpg,버스에 적힌 '정비소 예약은 ___'라는 문구에서 빈칸에 들어갈 단어는 무엇인가요?,마인,마크,마이크,마일,c
train_6453.jpg,train/train_6453.jpg,위 이미지에서 '건강하고 맛있게 보관이 가능한' 용기의 재질은 무엇인가요?,종이,금속,플라스틱,유리,d
train_6454.jpg,train/train_6454.jpg,책꽂이에 꽂혀 있는 책 중에서 '국가론'이라는 제목이 붙은 책의 저자는 누구인가요?,강성태,유발 하라리,플라톤,정재승,c
train_6456.jpg,train/train_6456.jpg,사진 속 건물에 적힌 아울렛 매장의 이름은 무엇인가요?,2010 OUTLET 서울 아울렛,2022 OUTLET 대구 아울렛,2001 OUTLET 이천일 아울렛,1999 OUTLET 부산 아울렛,c
train_6457.jpg,train/train_6457.jpg,관외대학교 통학생 철도교통비 지원 내용 중 1회 최대 지원 금액은 얼마인가요?,20만원,10만원,30만원,50만원,b
train_6460.jpg,train/train_6460.jpg,이 건물에 있는 1층 상점에서 사용할 수 있다고 적힌 상품권은 무엇인가요?,지역사랑 상품권,문화 상품권,온누리 상품권,모바일 상품권,c
train_6461.jpg,train/train_6461.jpg,테이블 위에 놓인 안내문에 적힌 내용 중 맞는 것은 무엇인가요?,테이블은 매일 소독됩니다.,테이블 위에 음식을 올리지 마세요.,"테이블을 밀거나 매달릴 경우, 넘어져 위험할 수 있으니 주의 부탁드립니다.",테이블은 이동이 불가능합니다.,c
train_6462.jpg,train/train_6462.jpg,이 제품의 맛 종류 중 초콜릿 맛은 무엇이라고 적혀 있나요?,고구마 맛,녹차 맛,딸기 맛,피스타치오 초콜릿 맛,d
train_6463.jpg,train/train_6463.jpg,이 표지판에 적힌 내용은 무엇인가요?,출차시 일시정지 보행자 확인철저,주차금지 구역 설정,차량 속도 제한 30km,보행자 통행 금지,a
train_6464.jpg,train/train_6464.jpg,이 가게의 이름은 무엇인가요?,가시나 마트,가시나 상회,가시나 편의점,가시나 슈퍼,d
train_6465.jpg,train/train_6465.jpg,포스터에 적힌 문구 중 오른쪽 포스터에 있는 문구는 무엇인가요?,여름을 노래해 THE SUMMER,여름을 노래해,My Juicy WISH Summer,MEGA COFFEE EXO,b
train_6466.jpg,train/train_6466.jpg,이 제품의 이름은 무엇인가요?,X80 푸드서비스 타올,프리미엄 키친 타올,소프트 키친 타올,엑스트라 소프트 타올,a
train_6467.jpg,train/train_6467.jpg,이 계산서에서 '생맥주500 (0.45L)'의 총 금액은 얼마인가요?,"20,000원","80,000원","5,000원","22,900원",a
train_6469.jpg,train/train_6469.jpg,이 제품의 지름(크기)은 얼마인가요?,40cm,34cm,30cm,28cm,b
train_6470.jpg,train/train_6470.jpg,이 사진에 보이는 한의원의 전화번호는 무엇인가요?,475-1075,476-1075,472-2870,472-1075,a
train_6471.jpg,train/train_6471.jpg,이 건물의 간판에 적힌 기관명으로 옳은 것은 무엇인가요?,한국관광공사,서울교통공사,대한사회복지회,대한적십자사,c
train_6472.jpg,train/train_6472.jpg,이 건물에 있는 가게 중 2층에 위치한 가게는 무엇인가요?,진선참치,스크린 노래방,해피 노래방,계수나무,b
train_6474.jpg,train/train_6474.jpg,중구 7번 공영버스 노선도의 시범운행 시작일은 언제인가요?,2024. 7. 29.,2023. 7. 2.,2020. 12. 31.,2024. 1. 1.,c
train_6475.jpg,train/train_6475.jpg,"이미지에 따르면, 'the transformed PA'는 무엇으로 간주되었나요?",a (response variable),a predictor variable,a confounding variable,a random variable,a
train_6476.jpg,train/train_6476.jpg,이 마트에서 과자 1+1 행사에 대해 설명한 문구는 무엇인가요?,1+1 많이 살수록 더 싸게,3+1 많이 살수록 더 싸게,2+1 많이 살수록 더 싸게,1+2 많이 살수록 더 싸게,a
train_6477.jpg,train/train_6477.jpg,사진 속 도쿄 스카이트리 타워에 적힌 문구는 무엇인가요?,Happy New Year,Merry Christmas,Tokyo Skytree,Welcome to Tokyo,a
train_6478.jpg,train/train_6478.jpg,다음 중 '에어팟이 들어가는 사이즈'로 표시된 캐릭터는 무엇인가요?,도로로,커로로,쿠루루,기로로,b
train_6479.jpg,train/train_6479.jpg,이 영화관 입구에 설치된 간판에 적힌 기술 명칭은 무엇입니까?,ScreenX,Dolby VISION + ATMOS,IMAX 3D,4DX SCREEN,b
train_6480.jpg,train/train_6480.jpg,스티커에 적힌 문구는 무엇인가요?,조심하세요! 개가 있어요.,여기서 사진 촬영 금지입니다.,손 소독제를 꼭 사용하세요.,앗 들켰다! 다른 로라도 찾아봐!,d
train_6481.jpg,train/train_6481.jpg,이 사진에 보이는 상호명과 전화번호는 무엇인가요?,대형트럭부품 하남상사 954-0177,투아이 956-0366,타이어테크 광산IC점 062-956-0366,네비게이션,c
train_6483.jpg,train/train_6483.jpg,사진 속 과자 봉지에 적힌 글자는 무엇인가요?,오징어땅콩,감자깡,초코송이,베이컨칩,c
train_6484.jpg,train/train_6484.jpg,이 건물에 입주해 있는 학원 이름은 무엇인가요?,원더풀,대한병원,투썸플레이스,리아영어학원,d
train_6485.jpg,train/train_6485.jpg,이 건물 2층에서 판매하는 음식 메뉴와 가격이 올바르게 짝지어진 것은 무엇인가요?,"콩나물해장국 6000원, 콩나물비빔밥 6000원","콩나물해장국 6000원, 콩나물비빔밥 7000원","콩나물해장국 7000원, 콩나물비빔밥 6000원","콩나물해장국 5000원, 콩나물비빔밥 7000원",b
train_6486.jpg,train/train_6486.jpg,이 금속 구조물에 적힌 전화번호 중 '카드' 관련 서비스 전화번호는 무엇인가요?,02-1234-5678,010-5555-5555,010-9881-3667,010-2180-5824,c
train_6487.jpg,train/train_6487.jpg,이 그림 종이의 아래쪽에 적힌 글씨는 무엇인가요?,화재 예방 안내문,환경을 생각합시다,중요한 노트입니다,3M 엑셀패드,d
train_6488.jpg,train/train_6488.jpg,이 건물 2층에 위치한 업종은 무엇인가요?,약국,부동산,노래방,김밥집,b
train_6489.jpg,train/train_6489.jpg,이 뮤지컬 '매디슨 카운티의 다리'는 어느 기간 동안 공연되나요?,2024.12.01 ~ 12.31,2025.06.01 ~ 08.01,2025.05.01 ~ 07.13,2024.10.01 ~ 11.30,c
train_6490.jpg,train/train_6490.jpg,이 게시판의 이름은 무엇인가요?,장안2파출소 게시판,서울경찰청 게시판,드론 비행 제한구역 안내판,중요지명피의자 게시판,a
train_6491.jpg,train/train_6491.jpg,이 화면에서 상단에 표시된 프로그램 이름은 무엇인가요?,docker.desktop,Docker Hub,MCP Toolkit,Kubernetes,a
train_6492.jpg,train/train_6492.jpg,이 건물에 적힌 상호명 중 하나가 아닌 것은 무엇인가요?,マトウ家具,K-BOOKS KingsKing,Starbucks,Shoden,c
train_6493.jpg,train/train_6493.jpg,이 교육과정 자판기에서 '인공지능'과 '빅데이터' 교육과정을 받으려면 어떻게 해야 하나요?,동전을 넣는다,버튼을 누른다,화면을 터치한다,레버를 돌린다,d
train_6495.jpg,train/train_6495.jpg,이 이미지에 나온 매일우유의 지방 함량은 얼마인가요?,3.6%,1.5%,2.0%,5.0%,a
train_6497.jpg,train/train_6497.jpg,이마트 행사에서 참여 비용은 얼마인가요?,"20,000원","10,000원","25,000원","15,000원",d
train_6498.jpg,train/train_6498.jpg,사진 속 상자에 적힌 문구는 무엇인가요?,건강을 생각하는 마음,"깨끗한 물, 제주 삼다수",맛있는 과자와 함께,정성을 채우다. 즐거움을 맛보다,d
train_6499.jpg,train/train_6499.jpg,2026 국립광주과학관 사진 특별전의 전시 기간은 언제부터 언제까지인가요?,2026.4.24.(금) ~ 6.14.(일),2026.5.1.(토) ~ 7.15.(목),2026.3.1.(월) ~ 5.31.(일),2026.6.1.(수) ~ 8.30.(일),a
train_6501.jpg,train/train_6501.jpg,이 사진에 있는 안내문 중 '피난계획도'는 몇 층에 해당하는 건물의 도면인가요?,18층,17층,20층,19층,d
train_6503.jpg,train/train_6503.jpg,이 사진 속 티셔츠와 에코백에 공통적으로 적혀 있는 단어는 무엇인가요?,space,rb m,riverberamento,coffee,c
train_6504.jpg,train/train_6504.jpg,이 야구 경기에서 한국과 대결하는 상대 국가의 국기는 무엇인가요?,일본,미국,중국,호주,d
train_6505.jpg,train/train_6505.jpg,이 표지판에 적힌 내용은 무엇인가요?,출입구 앞 주차금지,환풍구입구 추락위험 접근금지,화재 발생 시 연락처 안내,비상구 위치 안내,b
train_6506.jpg,train/train_6506.jpg,이 영화 '건국전쟁2 프리덤파이터'의 전국 개봉일은 언제인가요?,8월 15일,12월 25일,10월 9일,9월 10일,d
train_6507.jpg,train/train_6507.jpg,이미지 왼쪽 하단에 찍힌 날짜는 무엇인가요?,2024/12/31,2022/11/11,2025/03/26,2023/05/01,c
train_6508.jpg,train/train_6508.jpg,이 간판에 적힌 상호명은 무엇인가요?,Santorini,Athens,Mykonos,Rhodes,a
train_6509.jpg,train/train_6509.jpg,이 이미지에 보이는 야시장의 이름은 무엇인가요?,Shilin Night Market,Feng Chia Night Market,Liuhe Night Market,Raohe Night Market,b
train_6510.jpg,train/train_6510.jpg,이 매장의 와이파이 비밀번호는 무엇인가요?,U+NET1370-5G,라인시럽,MEGA COFFEE,FF44000#6J,d
train_6511.jpg,train/train_6511.jpg,이 건물 옥상에 적힌 문구는 무엇인가요?,백억커피 투자하세요,백억커피 투자해요,백억커피 투자해 주세요,백억커피 투자되세요,d
train_6512.jpg,train/train_6512.jpg,이 튀김 가게에서 '수제 고급 어묵' 4개를 사면 얼마인가요?,"10,000원","3,000원","5,000원","1,000원",b
train_6513.jpg,train/train_6513.jpg,이 가게의 이름은 무엇인가요?,starbucks,tom n toms,banapresso,coffee bean,c
train_6516.jpg,train/train_6516.jpg,음악연습실에서 연습할 수 없는 악기는 무엇인가요?,색소폰,드럼,피아노,기타,c
train_6518.jpg,train/train_6518.jpg,이 건물에 입주한 업체의 이름은 무엇인가요?,노블레스,DT No.1,CS케어코디,케어 코디 (간병),c
train_6519.jpg,train/train_6519.jpg,이 사진 속에 보이는 핸드크림 브랜드 이름은 무엇인가요?,Stanley,Strong,atrix,Samsung,c
train_6520.jpg,train/train_6520.jpg,사진 속에 보이는 '빼빼로' 제품 중 딸기 맛은 어떤 색상의 상자에 담겨 있나요?,분홍색 상자,빨간색 상자,주황색 상자,초록색 상자,a
train_6521.jpg,train/train_6521.jpg,이 건물에 입주해 있는 치과의 이름은 무엇인가요?,이민웅 치과,강남 미소 치과,서울 중앙 치과,김철수 치과,a
train_6522.jpg,train/train_6522.jpg,이 바위에 적힌 '매봉'의 높이는 얼마인가요?,825m,582.5m,5825m,582m,b
train_6523.jpg,train/train_6523.jpg,이 가게의 이름은 무엇인가요?,Gear,Smashie's Burgers,Sunset Snacks,Cosmic Funnel Cake,d
train_6524.jpg,train/train_6524.jpg,"메뉴판에 따르면, 만둣국의 가격은 얼마인가요?","6,500원","5,000원","7,000원","6,000원",a
train_6526.jpg,train/train_6526.jpg,사진 속 옷가게에서 판매하는 '인견바지'의 가격은 얼마인가요?,"\15,000","\5,000","\20,000","\10,000",d
train_6529.jpg,train/train_6529.jpg,이 이미지에서 트램에 적힌 글귀 중 맞는 것은 무엇인가요?,THE LARGEST AND BROADEST,THE NEWEST AND FASTEST,THE OLDEST AND SHORTEST,THE SMALLEST AND NARROWEST,a
train_6530.jpg,train/train_6530.jpg,이곳의 주소는 무엇입니까?,강남구 역삼동 707-4,공개공지 안내,에스원 1588-3112,테헤란로 316,d
train_6531.jpg,train/train_6531.jpg,이 초콜릿 과자 'きのこの山'의 맛으로 맞는 것은 무엇인가요?,바닐라맛,딸기맛,초코맛,우지 말차맛,d
train_6532.jpg,train/train_6532.jpg,봄날 카페의 메뉴판에 적힌 마카롱 가격은 얼마인가요?,4.0,5.5,5.0,2.5,d
train_6534.jpg,train/train_6534.jpg,이 버스 정류장의 이름은 무엇인가요?,한국자산신탁 센터필드,역삼역 포스코타워역삼,서울역,대한사회복지회,d
train_6535.jpg,train/train_6535.jpg,이미지에 보이는 '동원참치' 제품 뚜껑에 적힌 문구가 아닌 것은 무엇인가요?,살코기 동원참치,100% 천연 재료만 사용,대한민국 대표참치,LIGHT STANDARD 라이트 스탠다드,b
train_6536.jpg,train/train_6536.jpg,이 행사에서 축하하는 대상은 무엇인가요?,삼성청년SW·AI아카데미 17기 입학,삼성청년SW·AI아카데미 16기 졸업,삼성청년SW·AI아카데미 15기 졸업,삼성청년SW·AI아카데미 16기 입학,d
train_6537.jpg,train/train_6537.jpg,이 수학 학원에서 도봉구 수학전문가가 추천하는 학원의 이름은 무엇인가요?,도봉구 수학학원,공부선배 수학학원,최상철 수학학원,장성규 수학학원,c
train_6539.jpg,train/train_6539.jpg,이미지 속에서 '고당도 떡홍향 천홍 황금' 귤 한 바구니의 가격은 얼마인가요?,"10,000원","3,000원","5,000원","7,000원",a
train_6540.jpg,train/train_6540.jpg,"이 도로 표지판에 따르면, 사상(Sasang) 방향으로 가려면 얼마만큼 이동해야 합니까?",30m,30km,150m,5km,c
train_6541.jpg,train/train_6541.jpg,책장에 꽂혀 있는 책 제목 중 '괴벨스'가 포함된 책의 정확한 제목은 무엇인가요?,괴벨스의 심리전,"괴벨스, 대중 선동의 심리학",괴벨스의 선동술,괴벨스와 나치 선전,b
train_6542.jpg,train/train_6542.jpg,사진 속 상자에 적힌 문구는 무엇인가요?,SSAFY 16기 입학을 축하합니다,SSAFY 16기 환영합니다,SSAFY 17기 입학을 환영합니다,SSAFY 15기 졸업을 축하합니다,a
train_6543.jpg,train/train_6543.jpg,오른쪽 상자에 적힌 판매 가격은 얼마인가요?,55000,10000,30000,12000,a
train_6544.jpg,train/train_6544.jpg,이 간판에 적힌 전화번호는 무엇인가요?,010-0000-0000,987-6543,465-9293,123-4567,c
train_6545.jpg,train/train_6545.jpg,이 장바구니에 담긴 제품 중 'TANQUERAY'라는 이름이 적힌 것은 무엇인가요?,진(Gin),와인(Wine),맥주(Beer),사케(Sake),b
train_6547.jpg,train/train_6547.jpg,사진 속 건물에 적힌 병원 이름은 무엇인가요?,서울의료원,블리비의원,서울병원,코로나 클리닉,b
train_6548.jpg,train/train_6548.jpg,이 술병 라벨에 적힌 브랜드 이름은 무엇인가요?,CHIVAS REGAL,KAVALAN,JINRO,JACK DANIEL'S,b
train_6550.jpg,train/train_6550.jpg,사진 속 카페의 이름은 무엇인가요?,OCEAN VIEW,SEA BREEZE,BLUE BAY,HIDDEN SEA,d
train_6551.jpg,train/train_6551.jpg,이 바구니 안에 들어있는 주류의 종류는 무엇인가요?,와인,맥주,위스키,사케,c
train_6552.jpg,train/train_6552.jpg,이 이미지에 보이는 프라모델 박스에 적힌 제품 명칭은 무엇인가요?,RX-78 건담,FNK-09 FENKIK,MG Z건담,HG 유니콘 건담,b
train_6553.jpg,train/train_6553.jpg,사진 속 담배 제품 중 '골드'라는 이름이 적힌 제품은 어떤 브랜드인가요?,팔리아멘트,비스타,아쿠아,말보로,d
train_6554.jpg,train/train_6554.jpg,이미지 속 문구 중 이 출입문이 어떤 구역임을 나타내는 것은 무엇인가요?,통제구역,금연구역,관계자외 출입금지,열교환실,a
train_6557.jpg,train/train_6557.jpg,이 제품의 할인율은 얼마인가요?,5% 할인,20% 할인,15% 할인,10% 할인,d
train_6558.jpg,train/train_6558.jpg,이 유튜브 영상 제목에서 '실시간 랜선여행'을 하는 곳은 어디인가요?,서울타워,경복궁,롯데월드,넥슨컴퓨터박물관,d
train_6559.jpg,train/train_6559.jpg,이 가게의 간판에 적힌 상호명은 무엇인가요?,행복사진관,청년사진관,모던사진관,초원사진관,d
train_6562.jpg,train/train_6562.jpg,이 버스의 후면에 적혀 있는 여행사 이름은 무엇인가요?,코리아나항공여행사,실크로드,삼양스퀘어밀,그랜버드,a
train_6563.jpg,train/train_6563.jpg,이 연구의 목표 중 하나로 맞는 것은 무엇인가요?,해양 플라스틱 쓰레기 완전 제거,환경난제 대응정책 가능성 논의,익산시 약취 저감 정책 폐지,시민과학 연구 제외,b
train_6565.jpg,train/train_6565.jpg,이 가게의 전문 메뉴는 무엇인가요?,김치찌개와 된장찌개,떡볶이와 순대,비빔밥과 불고기,손칼국수와 손만두국,d
train_6567.jpg,train/train_6567.jpg,이 부동산 중개소 간판에 적힌 전화번호는 무엇인가요?,T.555-6789,T.123-4567,T.789-0123,T.476-0044,d
train_6568.jpg,train/train_6568.jpg,이 노트북 표지에 적힌 노트북의 크기는 무엇인가요?,Legal / 35.6 X 21.6cm,Letter / 27.9 X 21.6cm,A4 / 21.0 X 29.7cm,B5 / 25.0 X 17.6cm,b
train_6569.jpg,train/train_6569.jpg,이 사진에서 보이는 주유소 옆에 있는 상점의 이름은 무엇인가요?,서울농협 하나로마트,가산농협 하나마트,가산농협 하나로마켓,가산농협 하나로마트,d
train_6571.jpg,train/train_6571.jpg,이 사진 속 'bing-dong-dang' 카페에서 아메리카노 핫 음료의 가격은 얼마인가요?,2700원,3000원,3500원,2500원,a
train_6572.jpg,train/train_6572.jpg,이 표지판에 적힌 'PICK-UP' 구역은 어떤 용도로 사용되는 곳인가요?,주차 금지 구역,장기 주차 구역,잠시 대기 구간,차량 정비 구역,c
train_6573.jpg,train/train_6573.jpg,이 가게의 상호명은 무엇인가요?,원적외선 직화 돼지양념구이,문도서점,새경매 부동산,진주 쌀밥,a
train_6574.jpg,train/train_6574.jpg,HUPPY U 해띠유에서 여름 이벤트로 모발 클리닉 할인 가격은 얼마인가요?,5만원에서 2만원,4만원에서 2만원,6만원에서 3만원,7만원에서 4만원,c
train_6575.jpg,train/train_6575.jpg,지니 에스테틱에서 체험 이벤트 1회 비용은 얼마인가요?,"20,000원","40,000원","50,000원","30,000원",b
train_6577.jpg,train/train_6577.jpg,이 사진에 보이는 건물의 이름은 무엇인가요?,GREEN TEA HOUSE,OSULLOC TEA MUSEUM,OSULLOC COFFEE SHOP,JEJU TEA MUSEUM,b
train_6578.jpg,train/train_6578.jpg,이 건물에 있는 사무소의 전화번호는 무엇인가요?,042-537-9898,042-537-9999,042-537-9989,042-537-9988,c
train_6579.jpg,train/train_6579.jpg,다음 중 이미지에 보이는 지하철 역 이름이 아닌 것은 무엇인가요?,수리산,강남,대야미,반월,b
train_6580.jpg,train/train_6580.jpg,이 소주 병의 상표명은 무엇인가요?,한라산,처음처럼,참이슬 fresh,좋은데이,c
train_6581.jpg,train/train_6581.jpg,이 가게의 간판에 적힌 음식 종류는 무엇인가요?,갈비탕 전문점,숯불 갈비,숯가마 바베큐 치킨,참치회 전문점,c
train_6582.jpg,train/train_6582.jpg,이 건물에 있는 상점 중에서 '가족오락관' 옆에 있는 상점은 무엇인가요?,인형뽑기,약국,다이소 고객주차장,카페,c
train_6583.jpg,train/train_6583.jpg,이 소화기에 적혀 있는 글자는 무엇인가요?,소방서,화재경보기,비상구,소화기,d
train_6584.jpg,train/train_6584.jpg,소금통에 적혀 있는 영어 단어는 무엇인가요?,SUGAR,OIL,SALT,PEPPER,c
train_6585.jpg,train/train_6585.jpg,이 건물에 입주해 있는 성형외과의 이름은 무엇인가요?,새명법인,알앤비성형외과,이밀음치과,리앤웰성형외과의원,d
train_6586.jpg,train/train_6586.jpg,이 사진에 적힌 전화번호는 무엇인가요?,010-1234-5678,1588-1234,02-3456-7890,1544-6764,d
train_6587.jpg,train/train_6587.jpg,"이 포스터의 제목에 따르면, 소방관들이 노출 평가를 받은 화합물은 무엇과 관련이 있나요?",화학물질 사고 대응 소방관들의 독성 가스 노출 평가,소방관들의 방화복 내화성 평가,산불 진화 소방관들의 미세먼지 노출 평가,타이어 화재 대응 소방관들의 휘발성유기화합물 노출 평가,d
train_6589.jpg,train/train_6589.jpg,벽에 붙어 있는 빨간색 표지판에 적힌 CCTV 작동중인 회사 이름은 무엇인가요?,세콤,안전넷,경비원,에스원,d
train_6590.jpg,train/train_6590.jpg,이 이미지에 보이는 구글 번역 화면에서 'din'이라는 단어가 어떤 의미와 관련이 있다고 설명하고 있나요?,"부채와 사회적 규범, 의무의 세계와 관련된 용어",음식 메뉴의 이름,스포츠 용어,기계 부품의 명칭,a
train_6591.jpg,train/train_6591.jpg,포스터에 적힌 '이달의 위스키 WHISKEY' 코너에서 가장 저렴한 위스키 가격은 얼마인가요?,"44,800원","9,900원","12,900원","15,900원",c
train_6592.jpg,train/train_6592.jpg,이 방의 용도는 무엇인가요?,서재,휴게실,회의실,통역실,d
train_6593.jpg,train/train_6593.jpg,사진 속 부동산 사무소 중 전화번호가 '02) 833-5400'인 곳은 어느 곳인가요?,하이드 공인중개사,세븐일레븐,영등포 푸르지오,착한 복덕방,c
train_6594.jpg,train/train_6594.jpg,이 건물 유리창에 적힌 은행의 이름은 무엇인가요?,민국 저축 은행,서울 저축 은행,국민 저축 은행,대한 저축 은행,a
train_6595.jpg,train/train_6595.jpg,사진 속 'BAILEYS' 미니어처 병에 적힌 맛은 무엇인가요?,Mint & Chocolate,Vanilla & Caramel,Chocolate & Hazelnut,Strawberries & Cream,d
train_6596.jpg,train/train_6596.jpg,사진 속 포장지에 적힌 치즈 브랜드 이름은 무엇인가요?,Brie,Cheddar,Gouda,Babybel,d
train_6597.jpg,train/train_6597.jpg,이 사진에서 보이는 '가고싶은섬 생일도'라는 문구는 어디에 적혀 있나요?,전봇대에 걸린 현수막,산 위에 설치된 큰 글자 간판,버스 뒤쪽의 광고판,건물 벽면의 카페 간판,b
train_6598.jpg,train/train_6598.jpg,"이 테이블 위에 적힌 안내문에 따르면, 매장 내에서 금지된 행위는 무엇인가요?",음식물 반입 금지,애완동물 출입 금지,일회용품 사용 금지,흡연 금지,c
train_6600.jpg,train/train_6600.jpg,이 건물에 적힌 회사 이름은 무엇인가요?,삼성전자 Samsung Electronics,현대자동차 Hyundai Motor,LG화학 LG Chem,쎄트렉아이 SATREC INITIATIVE,d
train_6601.jpg,train/train_6601.jpg,이 사진에 나온 건물의 주소는 무엇인가요?,역삼로 45,테헤란로 217,삼성로 88,강남대로 123,b
train_6602.jpg,train/train_6602.jpg,이미지에 보이는 간판 중에서 '봉구스밥버거' 옆에 적힌 영어 문구는 무엇인가요?,Fresh and Tasty,Go Together!,Best Burger,Welcome!,b
train_6603.jpg,train/train_6603.jpg,이 건물에 위치한 필라테스 전문 스튜디오의 전화번호는 무엇인가요?,02-538-9996,02-123-4567,031-987-6543,1588-6400,a
train_6605.jpg,train/train_6605.jpg,이 과자 봉지에 적힌 문구 중 실제 재료를 나타내는 것은 무엇인가요?,Contains Artificial Flavors,Low Fat and Sugar Free,Made From Real Fresh Potato,Gluten Free Product,c
train_6606.jpg,train/train_6606.jpg,이 휴대폰 가게에서 할인 행사 관련으로 적혀 있지 않은 내용은 무엇인가요?,액정 교체,만원,전격 출시,휴대폰 할인,a
train_6607.jpg,train/train_6607.jpg,이 자전거 주차장의 24시간 이용 요금은 얼마인가요?,1000엔,300엔,100엔,500엔,b
train_6608.jpg,train/train_6608.jpg,이 사진에 보이는 역 이름은 무엇인가요?,대전역,광주역,부산역,서울역,c
train_6609.jpg,train/train_6609.jpg,사진 속에서 '짚신'은 어떤 재료로 만들어졌나요?,가죽,플라스틱,나무,짚,d
train_6610.jpg,train/train_6610.jpg,이미지에 있는 메뉴 중에서 가격이 가장 높은 것은 무엇인가요?,연자홍두사(29),찐빵(31),검은깨죽(32),망고색감(45),d
train_6611.jpg,train/train_6611.jpg,컨테이너에 적힌 경고 문구는 무엇인가요?,"TARE 4,570 KG","MAX. GR. 25,000 KG","PAYLOAD 20,430 KG","CAUTION 9'6"""" HIGH",d
train_6612.jpg,train/train_6612.jpg,이 장소에서 금연구역 반경은 몇 미터입니까?,5미터,10미터,20미터,15미터,b
train_6613.jpg,train/train_6613.jpg,이 사진 속 상자에 적힌 문구 중 올바른 문장은 무엇인가요?,렌즈클리닝 일회용티슈,렌즈세척 다회용티슈,렌즈닦이 휴대용 천,렌즈관리 멀티 클리너,a
train_6614.jpg,train/train_6614.jpg,이 이미지에 적힌 글자는 무엇인가요?,LA SEINE,LE SEIN,LE SEINE,LA SEIN,a
train_6615.jpg,train/train_6615.jpg,이 제품의 에너지 소비 효율 등급은 몇 등급인가요?,3등급,1등급,4등급,2등급,c
train_6616.jpg,train/train_6616.jpg,이 쓰레기통에 적혀 있는 문구는 무엇인가요?,재활용품 전용수거함,일반쓰레기 전용수거함,음식물 쓰레기 전용수거함,종량제봉투 전용수거함,d
train_6617.jpg,train/train_6617.jpg,다음 중 'UNKNOWN' 칵테일에 포함된 재료가 아닌 것은 무엇인가요?,레몬,스피릿,드라이 바닐라,피트위스키 베이스,a
train_6618.jpg,train/train_6618.jpg,이 건물에 위치한 CU 편의점 출입문은 어디에 있나요?,건물 뒤에 있습니다,건물 입구에 있습니다,건물 옥상에 있습니다,건물 옆에 있습니다,b
train_6619.jpg,train/train_6619.jpg,이 부동산 광고에 따르면 3억 9천만원이 얼마로 할인되었나요?,3억 5천만원,2억 5천만원,1억 9천만원,2억 9천만원,d
train_6620.jpg,train/train_6620.jpg,이미지에 보이는 '도움말용 분유젖병 3종' 제품의 가장 저렴한 가격은 얼마인가요?,"3,390원","4,690원","3,490원","2,990원",d
train_6621.jpg,train/train_6621.jpg,사진 속 메뉴판에서 '차즈 뚜룩 멜크 요거트'의 가격은 얼마인가요?,"\33,700","\6,900","\1,500","\30,700",b
train_6622.jpg,train/train_6622.jpg,왼쪽 흰색 티셔츠에 적힌 문구는 무엇인가요?,I ?? LL,I ?? KK,I ?? NN,I ?? MM,d
train_6623.jpg,train/train_6623.jpg,이 카드에 적혀 있는 문구는 무엇인가요?,Happy New Year,Merry Christmas,Happy Holidays,Season's Greetings,b
train_6625.jpg,train/train_6625.jpg,"대복식당 메뉴판에 따르면, 돼지두루치기의 가격은 얼마인가요?","15,000원","21,000원","13,000원","16,000원",d
train_6628.jpg,train/train_6628.jpg,계단에 붙어 있는 안내문에는 무엇이라고 적혀 있나요?,계단 주의,좌측 보행,우측 보행,중앙 보행,c
train_6629.jpg,train/train_6629.jpg,이 간판에 적힌 병원 이름은 무엇인가요?,맑음 피부과,맑음 치과,맑음 정신건강의학과,맑음 내과,c
train_6630.jpg,train/train_6630.jpg,사진 속 상호명 중에서 24시간 운영되는 스터디 카페 이름은 무엇인가요?,공부의 철인,BURGER KING,430 헤어,셀독 24 스터디 카페,d
train_6631.jpg,train/train_6631.jpg,포스트잇에 적힌 메모 중 '23.03 이하로 교체'해야 하는 것은 무엇인가요?,3가지 콜록,터널 고정,더카,A4 용지,c
train_6632.jpg,train/train_6632.jpg,별콩커피에서 아이스 아메리카노 가격은 얼마인가요?,2500원,2000원,3000원,3800원,a
train_6633.jpg,train/train_6633.jpg,사진 속 가게 이름은 무엇인가요?,박씨네 보리밥,장씨네 국밥,김씨네 보리밥,장씨네 보리밥,d
train_6634.jpg,train/train_6634.jpg,건물에 입주한 학원 중에서 수학을 가르치는 학원의 이름은 무엇인가요?,꿈그린 미술,하파티아 수학 교습소,비포유 심리상담센터,루바토 음악학원,b
train_6635.jpg,train/train_6635.jpg,이 지하철역 출입구에 붙어 있는 '대피소' 표지판은 무엇을 의미하나요?,관광 안내소 위치 표시,지하철 역사 내 화장실 위치 안내,비상시 대피할 수 있는 대피소,지하철 역사 내부의 휴게 공간,c
train_6636.jpg,train/train_6636.jpg,이 사진 속 삼각김밥의 맛은 무엇인가요?,김치볶음밥,바베큐 불족발,참치마요,매운맛 불고기,b
train_6637.jpg,train/train_6637.jpg,이 엘리베이터 내부에 적힌 비상호출 버튼 위 문구 중 올바른 내용은 무엇인가요?,항상 눌러 주세요,비상시 눌러도 안 됩니다,비상시만 눌러 주세요,평상시 눌러 주세요,c
train_6638.jpg,train/train_6638.jpg,ABKO AF108PRO 제품의 할인 전 가격은 얼마인가요?,"\82,000","\90,000","\76,000","\89,900",d
train_6639.jpg,train/train_6639.jpg,이 건물에 있는 '속성 돈카츠' 가게의 이름은 무엇인가요?,돈카츠명가,카츠민,돈까스천국,속성돈가츠,b
train_6640.jpg,train/train_6640.jpg,사진 속의 'DREAM CACAO' 제품에 적혀 있는 카카오 함량은 얼마인가요?,72%,82%,62%,92%,b
train_6641.jpg,train/train_6641.jpg,이 족보 그림에서 'Mathild'의 바로 위에 있는 이름은 무엇인가요?,Charlotte,William,L?opold,Fran?ois,a
train_6642.jpg,train/train_6642.jpg,첫 번째 쇼핑 안내에서 음료 주문 후 어떤 순서로 진행해야 하나요?,상품 선택 → 결제 → 음료 순서로 진행,결제 → 음료 → 상품 선택 순서로 진행,음료 → 상품 선택 → 결제 순서로 진행,결제 → 상품 선택 → 음료 순서로 진행,c
train_6643.jpg,train/train_6643.jpg,이 스티커 판매대에 적힌 영어 문구는 무엇인가요?,B-SIDE LABEL Pok?mon BOOKS,B-SIDE LABEL Pok?mon TOYS,B-SIDE LABEL Pok?mon STICKER,B-SIDE LABEL Pok?mon CARDS,c
train_6644.jpg,train/train_6644.jpg,이 제품에 포함된 우유의 함유량은 얼마인가요?,0.5%,3.2%,2.5%,1.83%,d
train_6646.jpg,train/train_6646.jpg,제3회 들을 돗자리 영화제는 언제 열리나요?,2026년 8월 29일 토요일 18:50,2026년 7월 1일 수요일부터 9월 30일 수요일까지,2026년 6월 15일 월요일부터 6월 30일 화요일까지,2026년 6월 4일 목요일부터 6월 12일 금요일까지,a
train_6647.jpg,train/train_6647.jpg,이미지에 적힌 와인 한 병의 네이버페이/토스페이 20% 페이백 적용 후 체감가는 얼마인가요?,"13,520원","12,000원","15,000원","16,900원",a
train_6648.jpg,train/train_6648.jpg,이 건물에 적힌 '사랑방 재가복지센터'의 전화번호는 무엇인가요?,062-252-3993,062-333-1234,062-444-5678,062-555-0000,a
train_6649.jpg,train/train_6649.jpg,블루베리시루 판매 일정 안내에 따르면 블루베리시루는 언제 판매하지 않나요?,매일 하루 종일 판매하지 않는다,금요일부터 일요일까지 판매하지 않는다,월요일부터 목요일까지 판매하지 않는다,토요일과 일요일만 판매하지 않는다,b
train_6651.jpg,train/train_6651.jpg,사진 속 커피 메뉴 이름은 무엇인가요?,강남다방커피,부드러운커피,바닐다방커피,달콤커피,a
train_6652.jpg,train/train_6652.jpg,이 주차장은 누구 전용 주차장인가요?,새가족 전용 주차장,일반인 전용 주차장,고객 전용 주차장,임직원 전용 주차장,a
train_6654.jpg,train/train_6654.jpg,순후추 나쵸 과자의 가격은 얼마인가요?,"2,100원","1,800원","2,300원","1,700원",b
train_6655.jpg,train/train_6655.jpg,지하철역 이용 안내문에서 '선로 무단출입 금지' 이유로 올바른 설명은 무엇인가요?,안전한 지하철 이용을 위해 선로에 내려가지 마세요.,비상시에는 주변 사람에게 도움을 요청하세요.,분실물이 증가하고 있으니 소지품을 꼭 챙기세요.,안내에 따라 안전한 곳으로 이동하세요.,a
train_6656.jpg,train/train_6656.jpg,영화 입장권에 적혀 있는 영화 제목은 무엇인가요?,기생충,어벤져스,겨울왕국,닥터 두리틀,d
train_6657.jpg,train/train_6657.jpg,셀독24 스터디카페 창동점의 무인 시스템 운영 시간은 어떻게 되나요?,평일 오전 7시부터 오후 10시까지,주말만 운영,주중 9시부터 18시까지,"24시간, 365일",d
train_6658.jpg,train/train_6658.jpg,지하철 문에 그려진 포켓몬 카드 중 '라프라스' 카드에 적힌 두 가지 기술은 무엇인가요?,"물대포, 파도타기","파도타기, 용의숨결","물대포, 불꽃세례","불꽃세례, 파도타기",a
train_6659.jpg,train/train_6659.jpg,사진 속 나무 그림이 그려진 나무판에 적힌 문구는 무엇인가요?,交通安全,商?繁昌,家?安全,健康第一,b
train_6660.jpg,train/train_6660.jpg,포켓몬 초코롤 과자에 적힌 유통기한은 언제인가요?,2025.12.31까지,2027.01.01까지,2024.06.30까지,2026.08.17까지,d
train_6661.jpg,train/train_6661.jpg,이 도로 바닥에 표시된 '30'은 무엇을 의미하나요?,어린이 보호구역 내 제한 속도,최대 주차 가능 시간,주차 금지 구역 시작,도로 번호,a
train_6662.jpg,train/train_6662.jpg,이 기차역에 설치된 안내문에 적힌 주의 사항 중 올바른 내용은 무엇인가요?,기대지마시오,출입금지,사진촬영금지,열차접촉주의,a
train_6663.jpg,train/train_6663.jpg,이 지도에서 '마산합포구'에 표시된 대표 관광지는 무엇인가요?,진해루,해양드라마세트장,용마고등학교,창동예술촌,b
train_6666.jpg,train/train_6666.jpg,이 영화 포스터에 적힌 영화 제목은 무엇인가요?,위키드 포 굿드,위키드 포 구드,위키드 포 굿,위키드 포 굿드드,c
train_6667.jpg,train/train_6667.jpg,이 제품의 용량은 얼마인가요?,15mL,20mL,10mL,25mL,b
train_6668.jpg,train/train_6668.jpg,이 커피 컵에 적힌 문구는 무엇인가요?,진한 에스프레소,달콤한 카푸치노,차가운 아메리카노,따뜻한 라떼,d
train_6669.jpg,train/train_6669.jpg,이 제품의 판매 가격은 얼마인가요?,30000원,12000원,18000원,24000원,d
train_6671.jpg,train/train_6671.jpg,이 음식 사진에서 영수증에 적힌 주문 번호는 무엇인가요?,#124,#001,#999,#100,a
train_6672.jpg,train/train_6672.jpg,이 가게의 이름은 무엇인가요?,서울피자,청담김밥,한강버거,낙원타코,d
train_6673.jpg,train/train_6673.jpg,이 가게에서 'ちいかわ ぬいぐるみ' 인형을 특별할인 가격으로 살 수 있는 금액은 얼마인가요?,"2,300엔","1,900엔","1,540엔","1,000엔",d
train_6674.jpg,train/train_6674.jpg,이 광고판에 소개된 건강기능식품 브랜드 이름은 무엇인가요?,ALL THE BETTER,유산균 케어,힘차게 오늘,건강한 하루,a
train_6675.jpg,train/train_6675.jpg,이 도리토스 과자의 맛은 무엇인가요?,바베큐맛,매운맛,사워크림맛,나초치즈맛,d
train_6676.jpg,train/train_6676.jpg,이 사진에 보이는 간판 중 '키즈 노래타운'이 위치한 층은 어디인가요?,5층,4층,2층,3층,b
train_6677.jpg,train/train_6677.jpg,이 제품 포장지에 적힌 브랜드명은 무엇인가요?,Nanoweb Technology,Acoustic,Elixir,Phosphor Bronze,c
train_6678.jpg,train/train_6678.jpg,이 건물의 상호명은 무엇인가요?,(주)금수커넥팅,금수커넥터,금수케이블링,(주)금속커넥터,a
train_6679.jpg,train/train_6679.jpg,이 문이 있는 장소는 어디인가요?,기계실,화장실,휴게실,회의실,a
train_6680.jpg,train/train_6680.jpg,사진 속 '족발의 효능' 중 3번째로 적힌 내용은 무엇인가요?,콜레스테롤 축적을 막아줘요.,숙취를 제거해줘요.,피부미용과 노화방지에 효과 있어요.,산모의 모유분비를 촉진해요.,a
train_6681.jpg,train/train_6681.jpg,이 책장에 꽂혀 있는 책 중 '엣센스 국어사전'은 어떤 출판사에서 나온 책인가요?,민중서림,해커스어학연구소,도서출판 산책,길벗,a
train_6682.jpg,train/train_6682.jpg,이 지하철역 안내판에 표시된 역 번호는 무엇인가요?,136,137,135,134,c
train_6683.jpg,train/train_6683.jpg,이 사진에 보이는 역 이름은 무엇인가요?,인천역,강릉역,서울역,부산역,b
train_6684.jpg,train/train_6684.jpg,이 간판에 따르면 'Joe's Pizza'가 뉴욕에서 어떤 평가를 받고 있나요?,뉴욕에서 가장 작은 피자 가게,뉴욕에서 가장 비싼 피자,뉴욕 최고의 피자,뉴욕에서 가장 오래된 피자,c
train_6685.jpg,train/train_6685.jpg,이 사진에 보이는 약국 상호명은 무엇인가요?,역삼 약국,삼문구 약국,온리 약국,온누리 약국,d
train_6686.jpg,train/train_6686.jpg,이 골목에 있는 미용실(커트 전문점)의 기본 커트 가격은 얼마인가요?,1500엔,1000엔,1200엔,800엔,d
train_6687.jpg,train/train_6687.jpg,영등포시장으로 가려면 어느 방향으로 가야 하나요?,유턴,우회전,직진,좌회전,d
train_6689.jpg,train/train_6689.jpg,아래 두 물티슈 중에서 60매가 들어있는 제품은 무엇인가요?,니얼 감동손과 청결생활티슈,코멧 아기물티슈 오리지널,니얼 감동손과 항균티슈,코멧 아기물티슈 플러스,a
train_6690.jpg,train/train_6690.jpg,이 버스의 노선 번호는 무엇인가요?,4253,242,EV 버스,서울 1호선,b
train_6691.jpg,train/train_6691.jpg,이 간판에 적힌 글자는 무엇인가요?,소풍 떡볶이,맛있는 라면,소풍 김밥,행복 김밥,c
train_6692.jpg,train/train_6692.jpg,이 식당의 이름은 무엇인가요?,서울식당,신라식당,한라식당,신라분식,b
train_6694.jpg,train/train_6694.jpg,다음 중 '남녀노소 우리 가족 종합비타민' 광고에 적힌 문구는 무엇인가요?,대한민국 1등 유산균,우엉의 구수한 맛!,남녀노소 우리 가족 종합비타민,Let's Drink Twice!,c
train_6695.jpg,train/train_6695.jpg,이 건물의 주소는 무엇인가요?,강남대로 108,논현로 45,역삼로 318,테헤란로 212,d
train_6697.jpg,train/train_6697.jpg,이 승차권의 출발역과 도착역은 어디인가요?,부산 - 김천구미,서울 - 부산,수서 - 김천구미,수서 - 대전,c
train_6698.jpg,train/train_6698.jpg,이 약국의 이름은 무엇인가요?,새성모병원,성모약국,새성모한약국,새성모약국,d
train_6699.jpg,train/train_6699.jpg,이 가게의 전문 메뉴는 무엇인가요?,돼지갈비,김치찌개,불고기,우럭회무침,d
train_6700.jpg,train/train_6700.jpg,이 건물에 적혀 있는 전화번호는 무엇인가요?,817-0181,397거5831,357거1984,812-8500,d
train_6702.jpg,train/train_6702.jpg,이 선반에서 '오모리 김치' 컵라면의 가격은 얼마인가요?,"1,800원","1,350원","1,950원","1,600원",a
train_6703.jpg,train/train_6703.jpg,사진 속 가게 건물에 걸려 있는 빨간색 깃발에 적힌 글자는 무엇인가요?,Supreeme,Supreme,Supremee,Suprem,b
train_6704.jpg,train/train_6704.jpg,이 사진 속 간판 중에서 '노래연습장'이라고 적혀 있는 가게 이름은 무엇인가요?,돈방석,썸,올리브영,썸 노래연습장,d
train_6705.jpg,train/train_6705.jpg,이미지에 보이는 '에바마르 산부인과'의 진료 시간은 언제인가요?,오전 9시부터 오후 8시까지,오전 8시부터 오후 6시까지,오전 7시부터 오후 5시까지,오전 10시부터 오후 7시까지,a
train_6706.jpg,train/train_6706.jpg,이 건물에 입주해 있는 병원의 종류는 무엇인가요?,안과,피부과,치과,내과,a
train_6707.jpg,train/train_6707.jpg,이 가게 앞에 붙어 있는 파란색 현수막에 적힌 내용은 무엇인가요?,카페 요아정 COMING SOON,할인 행사 진행 중,영업 시간 변경 안내,새로 오픈하는 요거트 가게,a
train_6708.jpg,train/train_6708.jpg,이 건물 1층에 있는 음식점의 이름은 무엇인가요?,미스터피자,파파존스,도미노피자,피자헛,c
train_6709.jpg,train/train_6709.jpg,이 사진 속 간판에 적힌 가게 이름은 무엇인가요?,Pizza Pazzo,Pizzeria Pazzo,Pazzia Pizzeria,Pizzeria Pizza,b
train_6711.jpg,train/train_6711.jpg,사진 속 '그라운드 룰' 중 5번째 규칙은 무엇인가요?,서로 도와주기,자만하지 않기!,긍정 마인드,줄고 있으면 깨워주기,b
train_6712.jpg,train/train_6712.jpg,이 이미지에 보이는 식당 이름은 무엇인가요?,참맛 설렁탕,일번지 정육식당,참포 노래방,술방울 노래방,b
train_6714.jpg,train/train_6714.jpg,이 거리에서 눈에 띄는 큰 간판에 그려진 동물은 무엇인가요?,게,새우,문어,오징어,a
